State,County,Diocese,DioceseState,AlsoIn
AK,aleutians east,Archdiocese of Anchorage–Juneau,AK,
AK,aleutians west,Archdiocese of Anchorage–Juneau,AK,
AK,anchorage,Archdiocese of Anchorage–Juneau,AK,
AK,bethel,Diocese of Fairbanks,AK,
AK,bristol bay,Archdiocese of Anchorage–Juneau,AK,
AK,chugach,Archdiocese of Anchorage–Juneau,AK,
AK,copper river,Archdiocese of Anchorage–Juneau,AK,
AK,denali,Diocese of Fairbanks,AK,
AK,dillingham,Archdiocese of Anchorage–Juneau,AK,
AK,fairbanks north star,Diocese of Fairbanks,AK,
AK,haines,Archdiocese of Anchorage–Juneau,AK,
AK,hoonahangoon,Archdiocese of Anchorage–Juneau,AK,
AK,juneau city and,Archdiocese of Anchorage–Juneau,AK,
AK,kenai peninsula,Archdiocese of Anchorage–Juneau,AK,
AK,ketchikan gateway,Archdiocese of Anchorage–Juneau,AK,
AK,kodiak island,Archdiocese of Anchorage–Juneau,AK,
AK,kusilvak,Diocese of Fairbanks,AK,
AK,lake and peninsula,Archdiocese of Anchorage–Juneau,AK,
AK,matanuskasusitna,Archdiocese of Anchorage–Juneau,AK,
AK,nome,Diocese of Fairbanks,AK,
AK,north slope,Diocese of Fairbanks,AK,
AK,northwest arctic,Diocese of Fairbanks,AK,
AK,petersburg,Archdiocese of Anchorage–Juneau,AK,
AK,prince of waleshyder,Archdiocese of Anchorage–Juneau,AK,
AK,sitka city and,Archdiocese of Anchorage–Juneau,AK,
AK,skagway,Archdiocese of Anchorage–Juneau,AK,
AK,southeast fairbanks,Diocese of Fairbanks,AK,
AK,wrangell city and,Archdiocese of Anchorage–Juneau,AK,
AK,yakutat city and,Archdiocese of Anchorage–Juneau,AK,
AK,yukonkoyukuk,Diocese of Fairbanks,AK,
AL,autauga,Archdiocese of Mobile,AL,
AL,baldwin,Archdiocese of Mobile,AL,
AL,barbour,Archdiocese of Mobile,AL,
AL,bibb,Diocese of Birmingham,AL,
AL,blount,Diocese of Birmingham,AL,
AL,bullock,Archdiocese of Mobile,AL,
AL,butler,Archdiocese of Mobile,AL,
AL,calhoun,Diocese of Birmingham,AL,
AL,chambers,Diocese of Birmingham,AL,
AL,cherokee,Diocese of Birmingham,AL,
AL,chilton,Diocese of Birmingham,AL,
AL,choctaw,Archdiocese of Mobile,AL,
AL,clarke,Archdiocese of Mobile,AL,
AL,clay,Diocese of Birmingham,AL,
AL,cleburne,Diocese of Birmingham,AL,
AL,coffee,Archdiocese of Mobile,AL,
AL,colbert,Diocese of Birmingham,AL,
AL,conecuh,Archdiocese of Mobile,AL,
AL,coosa,Diocese of Birmingham,AL,
AL,covington,Archdiocese of Mobile,AL,
AL,crenshaw,Archdiocese of Mobile,AL,
AL,cullman,Diocese of Birmingham,AL,
AL,dale,Archdiocese of Mobile,AL,
AL,dallas,Archdiocese of Mobile,AL,
AL,dekalb,Diocese of Birmingham,AL,
AL,elmore,Archdiocese of Mobile,AL,
AL,escambia,Archdiocese of Mobile,AL,
AL,etowah,Diocese of Birmingham,AL,
AL,fayette,Diocese of Birmingham,AL,
AL,franklin,Diocese of Birmingham,AL,
AL,geneva,Archdiocese of Mobile,AL,
AL,greene,Diocese of Birmingham,AL,
AL,hale,Diocese of Birmingham,AL,
AL,henry,Archdiocese of Mobile,AL,
AL,houston,Archdiocese of Mobile,AL,
AL,jackson,Diocese of Birmingham,AL,
AL,jefferson,Diocese of Birmingham,AL,
AL,lamar,Diocese of Birmingham,AL,
AL,lauderdale,Diocese of Birmingham,AL,
AL,lawrence,Diocese of Birmingham,AL,
AL,lee,Archdiocese of Mobile,AL,
AL,limestone,Diocese of Birmingham,AL,
AL,lowndes,Archdiocese of Mobile,AL,
AL,macon,Archdiocese of Mobile,AL,
AL,madison,Diocese of Birmingham,AL,
AL,marengo,Diocese of Birmingham,AL,
AL,marion,Diocese of Birmingham,AL,
AL,marshall,Diocese of Birmingham,AL,
AL,mobile,Archdiocese of Mobile,AL,
AL,monroe,Archdiocese of Mobile,AL,
AL,montgomery,Archdiocese of Mobile,AL,
AL,morgan,Diocese of Birmingham,AL,
AL,perry,Diocese of Birmingham,AL,
AL,pickens,Diocese of Birmingham,AL,
AL,pike,Archdiocese of Mobile,AL,
AL,randolph,Diocese of Birmingham,AL,
AL,russell,Archdiocese of Mobile,AL,
AL,shelby,Diocese of Birmingham,AL,
AL,st clair,Diocese of Birmingham,AL,
AL,sumter,Diocese of Birmingham,AL,
AL,talladega,Diocese of Birmingham,AL,
AL,tallapoosa,Diocese of Birmingham,AL,
AL,tuscaloosa,Diocese of Birmingham,AL,
AL,walker,Diocese of Birmingham,AL,
AL,washington,Archdiocese of Mobile,AL,
AL,wilcox,Archdiocese of Mobile,AL,
AL,winston,Diocese of Birmingham,AL,
AR,arkansas,Diocese of Little Rock,AR,
AR,ashley,Diocese of Little Rock,AR,
AR,baxter,Diocese of Little Rock,AR,
AR,benton,Diocese of Little Rock,AR,
AR,boone,Diocese of Little Rock,AR,
AR,bradley,Diocese of Little Rock,AR,
AR,calhoun,Diocese of Little Rock,AR,
AR,carroll,Diocese of Little Rock,AR,
AR,chicot,Diocese of Little Rock,AR,
AR,clark,Diocese of Little Rock,AR,
AR,clay,Diocese of Little Rock,AR,
AR,cleburne,Diocese of Little Rock,AR,
AR,cleveland,Diocese of Little Rock,AR,
AR,columbia,Diocese of Little Rock,AR,
AR,conway,Diocese of Little Rock,AR,
AR,craighead,Diocese of Little Rock,AR,
AR,crawford,Diocese of Little Rock,AR,
AR,crittenden,Diocese of Little Rock,AR,
AR,cross,Diocese of Little Rock,AR,
AR,dallas,Diocese of Little Rock,AR,
AR,desha,Diocese of Little Rock,AR,
AR,drew,Diocese of Little Rock,AR,
AR,faulkner,Diocese of Little Rock,AR,
AR,franklin,Diocese of Little Rock,AR,
AR,fulton,Diocese of Little Rock,AR,
AR,garland,Diocese of Little Rock,AR,
AR,grant,Diocese of Little Rock,AR,
AR,greene,Diocese of Little Rock,AR,
AR,hempstead,Diocese of Little Rock,AR,
AR,hot spring,Diocese of Little Rock,AR,
AR,howard,Diocese of Little Rock,AR,
AR,independence,Diocese of Little Rock,AR,
AR,izard,Diocese of Little Rock,AR,
AR,jackson,Diocese of Little Rock,AR,
AR,jefferson,Diocese of Little Rock,AR,
AR,johnson,Diocese of Little Rock,AR,
AR,lafayette,Diocese of Little Rock,AR,
AR,lawrence,Diocese of Little Rock,AR,
AR,lee,Diocese of Little Rock,AR,
AR,lincoln,Diocese of Little Rock,AR,
AR,little river,Diocese of Little Rock,AR,
AR,logan,Diocese of Little Rock,AR,
AR,lonoke,Diocese of Little Rock,AR,
AR,madison,Diocese of Little Rock,AR,
AR,marion,Diocese of Little Rock,AR,
AR,miller,Diocese of Little Rock,AR,
AR,mississippi,Diocese of Little Rock,AR,
AR,monroe,Diocese of Little Rock,AR,
AR,montgomery,Diocese of Little Rock,AR,
AR,nevada,Diocese of Little Rock,AR,
AR,newton,Diocese of Little Rock,AR,
AR,ouachita,Diocese of Little Rock,AR,
AR,perry,Diocese of Little Rock,AR,
AR,phillips,Diocese of Little Rock,AR,
AR,pike,Diocese of Little Rock,AR,
AR,poinsett,Diocese of Little Rock,AR,
AR,polk,Diocese of Little Rock,AR,
AR,pope,Diocese of Little Rock,AR,
AR,prairie,Diocese of Little Rock,AR,
AR,pulaski,Diocese of Little Rock,AR,
AR,randolph,Diocese of Little Rock,AR,
AR,saline,Diocese of Little Rock,AR,
AR,scott,Diocese of Little Rock,AR,
AR,searcy,Diocese of Little Rock,AR,
AR,sebastian,Diocese of Little Rock,AR,
AR,sevier,Diocese of Little Rock,AR,
AR,sharp,Diocese of Little Rock,AR,
AR,st francis,Diocese of Little Rock,AR,
AR,stone,Diocese of Little Rock,AR,
AR,union,Diocese of Little Rock,AR,
AR,van buren,Diocese of Little Rock,AR,
AR,washington,Diocese of Little Rock,AR,
AR,white,Diocese of Little Rock,AR,
AR,woodruff,Diocese of Little Rock,AR,
AR,yell,Diocese of Little Rock,AR,
AZ,apache,Diocese of Gallup,NM,
AZ,cochise,Diocese of Tucson,AZ,
AZ,coconino,Diocese of Phoenix,AZ,Diocese of Gallup
AZ,gila,Diocese of Tucson,AZ,
AZ,graham,Diocese of Tucson,AZ,
AZ,greenlee,Diocese of Tucson,AZ,
AZ,la paz,Diocese of Tucson,AZ,
AZ,maricopa,Diocese of Phoenix,AZ,
AZ,mohave,Diocese of Phoenix,AZ,
AZ,navajo,Diocese of Gallup,NM,
AZ,pima,Diocese of Tucson,AZ,
AZ,pinal,Diocese of Tucson,AZ,Diocese of Phoenix
AZ,santa cruz,Diocese of Tucson,AZ,
AZ,yavapai,Diocese of Phoenix,AZ,
AZ,yuma,Diocese of Tucson,AZ,
CA,alameda,Diocese of Oakland,CA,
CA,alpine,Diocese of Stockton,CA,
CA,amador,Diocese of Sacramento,CA,
CA,butte,Diocese of Sacramento,CA,
CA,calaveras,Diocese of Stockton,CA,
CA,colusa,Diocese of Sacramento,CA,
CA,contra costa,Diocese of Oakland,CA,
CA,del norte,Diocese of Santa Rosa,CA,
CA,el dorado,Diocese of Sacramento,CA,
CA,fresno,Diocese of Fresno,CA,
CA,glenn,Diocese of Sacramento,CA,
CA,humboldt,Diocese of Santa Rosa,CA,
CA,imperial,Diocese of San Diego,CA,
CA,inyo,Diocese of Fresno,CA,
CA,kern,Diocese of Fresno,CA,
CA,kings,Diocese of Fresno,CA,
CA,lake,Diocese of Santa Rosa,CA,
CA,lassen,Diocese of Sacramento,CA,
CA,los angeles,Archdiocese of Los Angeles,CA,
CA,madera,Diocese of Fresno,CA,
CA,marin,Archdiocese of San Francisco,CA,
CA,mariposa,Diocese of Fresno,CA,
CA,mendocino,Diocese of Santa Rosa,CA,
CA,merced,Diocese of Fresno,CA,
CA,modoc,Diocese of Sacramento,CA,
CA,mono,Diocese of Stockton,CA,
CA,monterey,Diocese of Monterey,CA,
CA,napa,Diocese of Santa Rosa,CA,
CA,nevada,Diocese of Sacramento,CA,
CA,orange,Diocese of Orange,CA,
CA,placer,Diocese of Sacramento,CA,
CA,plumas,Diocese of Sacramento,CA,
CA,riverside,Diocese of San Bernardino,CA,
CA,sacramento,Diocese of Sacramento,CA,
CA,san benito,Diocese of Monterey,CA,
CA,san bernardino,Diocese of San Bernardino,CA,
CA,san diego,Diocese of San Diego,CA,
CA,san francisco,Archdiocese of San Francisco,CA,
CA,san joaquin,Diocese of Stockton,CA,
CA,san luis obispo,Diocese of Monterey,CA,
CA,san mateo,Archdiocese of San Francisco,CA,
CA,santa barbara,Archdiocese of Los Angeles,CA,
CA,santa clara,Diocese of San Jose,CA,
CA,santa cruz,Diocese of Monterey,CA,
CA,shasta,Diocese of Sacramento,CA,
CA,sierra,Diocese of Sacramento,CA,
CA,siskiyou,Diocese of Sacramento,CA,
CA,solano,Diocese of Sacramento,CA,
CA,sonoma,Diocese of Santa Rosa,CA,
CA,stanislaus,Diocese of Stockton,CA,
CA,sutter,Diocese of Sacramento,CA,
CA,tehama,Diocese of Sacramento,CA,
CA,trinity,Diocese of Sacramento,CA,
CA,tulare,Diocese of Fresno,CA,
CA,tuolumne,Diocese of Stockton,CA,
CA,ventura,Archdiocese of Los Angeles,CA,
CA,yolo,Diocese of Sacramento,CA,
CA,yuba,Diocese of Sacramento,CA,
CO,adams,Archdiocese of Denver,CO,
CO,alamosa,Diocese of Pueblo,CO,
CO,arapahoe,Archdiocese of Denver,CO,
CO,archuleta,Diocese of Pueblo,CO,
CO,baca,Diocese of Pueblo,CO,
CO,bent,Diocese of Pueblo,CO,
CO,boulder,Archdiocese of Denver,CO,
CO,broomfield,Archdiocese of Denver,CO,
CO,chaffee,Diocese of Colorado Springs,CO,
CO,cheyenne,Diocese of Colorado Springs,CO,
CO,clear creek,Archdiocese of Denver,CO,
CO,conejos,Diocese of Pueblo,CO,
CO,costilla,Diocese of Pueblo,CO,
CO,crowley,Diocese of Pueblo,CO,
CO,custer,Diocese of Pueblo,CO,
CO,delta,Diocese of Pueblo,CO,
CO,denver,Archdiocese of Denver,CO,
CO,dolores,Diocese of Pueblo,CO,
CO,douglas,Diocese of Colorado Springs,CO,
CO,eagle,Archdiocese of Denver,CO,
CO,el paso,Diocese of Colorado Springs,CO,
CO,elbert,Diocese of Colorado Springs,CO,
CO,fremont,Diocese of Pueblo,CO,
CO,garfield,Archdiocese of Denver,CO,
CO,gilpin,Archdiocese of Denver,CO,
CO,grand,Archdiocese of Denver,CO,
CO,gunnison,Diocese of Pueblo,CO,
CO,hinsdale,Diocese of Pueblo,CO,
CO,huerfano,Diocese of Pueblo,CO,
CO,jackson,Archdiocese of Denver,CO,
CO,jefferson,Archdiocese of Denver,CO,
CO,kiowa,Diocese of Pueblo,CO,
CO,kit carson,Diocese of Colorado Springs,CO,
CO,la plata,Diocese of Pueblo,CO,
CO,lake,Diocese of Colorado Springs,CO,
CO,larimer,Archdiocese of Denver,CO,
CO,las animas,Diocese of Pueblo,CO,
CO,lincoln,Diocese of Colorado Springs,CO,
CO,logan,Archdiocese of Denver,CO,
CO,mesa,Diocese of Pueblo,CO,
CO,mineral,Diocese of Pueblo,CO,
CO,moffat,Archdiocese of Denver,CO,
CO,montezuma,Diocese of Pueblo,CO,
CO,montrose,Diocese of Pueblo,CO,
CO,morgan,Archdiocese of Denver,CO,
CO,otero,Diocese of Pueblo,CO,
CO,ouray,Diocese of Pueblo,CO,
CO,park,Diocese of Colorado Springs,CO,
CO,phillips,Archdiocese of Denver,CO,
CO,pitkin,Archdiocese of Denver,CO,
CO,prowers,Diocese of Pueblo,CO,
CO,pueblo,Diocese of Pueblo,CO,
CO,rio blanco,Archdiocese of Denver,CO,
CO,rio grande,Diocese of Pueblo,CO,
CO,routt,Archdiocese of Denver,CO,
CO,saguache,Diocese of Pueblo,CO,
CO,san juan,Diocese of Pueblo,CO,
CO,san miguel,Diocese of Pueblo,CO,
CO,sedgwick,Archdiocese of Denver,CO,
CO,summit,Archdiocese of Denver,CO,
CO,teller,Diocese of Colorado Springs,CO,
CO,washington,Archdiocese of Denver,CO,
CO,weld,Archdiocese of Denver,CO,
CO,yuma,Archdiocese of Denver,CO,
CT,fairfield,Diocese of Bridgeport,CT,
CT,hartford,Archdiocese of Hartford,CT,
CT,litchfield,Archdiocese of Hartford,CT,
CT,middlesex,Diocese of Norwich,CT,
CT,new haven,Archdiocese of Hartford,CT,
CT,new london,Diocese of Norwich,CT,
CT,tolland,Diocese of Norwich,CT,
CT,windham,Diocese of Norwich,CT,
DC,district of columbia,Archdiocese of Washington,DC,
DE,kent,Diocese of Wilmington,DE,
DE,new castle,Diocese of Wilmington,DE,
DE,sussex,Diocese of Wilmington,DE,
FL,alachua,Diocese of St. Augustine,FL,
FL,baker,Diocese of St. Augustine,FL,
FL,bay,Diocese of Pensacola–Tallahassee,FL,
FL,bradford,Diocese of St. Augustine,FL,
FL,brevard,Diocese of Orlando,FL,
FL,broward,Archdiocese of Miami,FL,
FL,calhoun,Diocese of Pensacola–Tallahassee,FL,
FL,charlotte,Diocese of Venice in Florida,FL,
FL,citrus,Diocese of St. Petersburg,FL,
FL,clay,Diocese of St. Augustine,FL,
FL,collier,Diocese of Venice in Florida,FL,
FL,columbia,Diocese of St. Augustine,FL,
FL,desoto,Diocese of Venice in Florida,FL,
FL,dixie,Diocese of St. Augustine,FL,
FL,duval,Diocese of St. Augustine,FL,
FL,escambia,Diocese of Pensacola–Tallahassee,FL,
FL,flagler,Diocese of St. Augustine,FL,
FL,franklin,Diocese of Pensacola–Tallahassee,FL,
FL,gadsden,Diocese of Pensacola–Tallahassee,FL,
FL,gilchrist,Diocese of St. Augustine,FL,
FL,glades,Diocese of Venice in Florida,FL,
FL,gulf,Diocese of Pensacola–Tallahassee,FL,
FL,hamilton,Diocese of St. Augustine,FL,
FL,hardee,Diocese of Venice in Florida,FL,
FL,hendry,Diocese of Venice in Florida,FL,
FL,hernando,Diocese of St. Petersburg,FL,
FL,highlands,Diocese of Venice in Florida,FL,
FL,hillsborough,Diocese of St. Petersburg,FL,
FL,holmes,Diocese of Pensacola–Tallahassee,FL,
FL,indian river,Diocese of Palm Beach,FL,
FL,jackson,Diocese of Pensacola–Tallahassee,FL,
FL,jefferson,Diocese of Pensacola–Tallahassee,FL,
FL,lafayette,Diocese of St. Augustine,FL,
FL,lake,Diocese of Orlando,FL,
FL,lee,Diocese of Venice in Florida,FL,
FL,leon,Diocese of Pensacola–Tallahassee,FL,
FL,levy,Diocese of St. Augustine,FL,
FL,liberty,Diocese of Pensacola–Tallahassee,FL,
FL,madison,Diocese of Pensacola–Tallahassee,FL,
FL,manatee,Diocese of Venice in Florida,FL,
FL,marion,Diocese of Orlando,FL,
FL,martin,Diocese of Palm Beach,FL,
FL,miamidade,Archdiocese of Miami,FL,
FL,monroe,Archdiocese of Miami,FL,
FL,nassau,Diocese of St. Augustine,FL,
FL,okaloosa,Diocese of Pensacola–Tallahassee,FL,
FL,okeechobee,Diocese of Palm Beach,FL,
FL,orange,Diocese of Orlando,FL,
FL,osceola,Diocese of Orlando,FL,
FL,palm beach,Diocese of Palm Beach,FL,
FL,pasco,Diocese of St. Petersburg,FL,
FL,pinellas,Diocese of St. Petersburg,FL,
FL,polk,Diocese of Orlando,FL,
FL,putnam,Diocese of St. Augustine,FL,
FL,santa rosa,Diocese of Pensacola–Tallahassee,FL,
FL,sarasota,Diocese of Venice in Florida,FL,
FL,seminole,Diocese of Orlando,FL,
FL,st johns,Diocese of St. Augustine,FL,
FL,st lucie,Diocese of Palm Beach,FL,
FL,sumter,Diocese of Orlando,FL,
FL,suwannee,Diocese of St. Augustine,FL,
FL,taylor,Diocese of Pensacola–Tallahassee,FL,
FL,union,Diocese of St. Augustine,FL,
FL,volusia,Diocese of Orlando,FL,
FL,wakulla,Diocese of Pensacola–Tallahassee,FL,
FL,walton,Diocese of Pensacola–Tallahassee,FL,
FL,washington,Diocese of Pensacola–Tallahassee,FL,
GA,appling,Diocese of Savannah,GA,
GA,atkinson,Diocese of Savannah,GA,
GA,bacon,Diocese of Savannah,GA,
GA,baker,Diocese of Savannah,GA,
GA,baldwin,Archdiocese of Atlanta,GA,
GA,banks,Archdiocese of Atlanta,GA,
GA,barrow,Archdiocese of Atlanta,GA,
GA,bartow,Archdiocese of Atlanta,GA,
GA,ben hill,Diocese of Savannah,GA,
GA,berrien,Diocese of Savannah,GA,
GA,bibb,Diocese of Savannah,GA,
GA,bleckley,Diocese of Savannah,GA,
GA,brantley,Diocese of Savannah,GA,
GA,brooks,Diocese of Savannah,GA,
GA,bryan,Diocese of Savannah,GA,
GA,bulloch,Diocese of Savannah,GA,
GA,burke,Diocese of Savannah,GA,
GA,butts,Archdiocese of Atlanta,GA,
GA,calhoun,Diocese of Savannah,GA,
GA,camden,Diocese of Savannah,GA,
GA,candler,Diocese of Savannah,GA,
GA,carroll,Archdiocese of Atlanta,GA,
GA,catoosa,Archdiocese of Atlanta,GA,
GA,charlton,Diocese of Savannah,GA,
GA,chatham,Diocese of Savannah,GA,
GA,chattahoochee,Diocese of Savannah,GA,
GA,chattooga,Archdiocese of Atlanta,GA,
GA,cherokee,Archdiocese of Atlanta,GA,
GA,clarke,Archdiocese of Atlanta,GA,
GA,clay,Diocese of Savannah,GA,
GA,clayton,Archdiocese of Atlanta,GA,
GA,clinch,Diocese of Savannah,GA,
GA,cobb,Archdiocese of Atlanta,GA,
GA,coffee,Diocese of Savannah,GA,
GA,colquitt,Diocese of Savannah,GA,
GA,columbia,Diocese of Savannah,GA,
GA,cook,Diocese of Savannah,GA,
GA,coweta,Archdiocese of Atlanta,GA,
GA,crawford,Diocese of Savannah,GA,
GA,crisp,Diocese of Savannah,GA,
GA,dade,Archdiocese of Atlanta,GA,
GA,dawson,Archdiocese of Atlanta,GA,
GA,decatur,Diocese of Savannah,GA,
GA,dekalb,Archdiocese of Atlanta,GA,
GA,dodge,Diocese of Savannah,GA,
GA,dooly,Diocese of Savannah,GA,
GA,dougherty,Diocese of Savannah,GA,
GA,douglas,Archdiocese of Atlanta,GA,
GA,early,Diocese of Savannah,GA,
GA,echols,Diocese of Savannah,GA,
GA,effingham,Diocese of Savannah,GA,
GA,elbert,Archdiocese of Atlanta,GA,
GA,emanuel,Diocese of Savannah,GA,
GA,evans,Diocese of Savannah,GA,
GA,fannin,Archdiocese of Atlanta,GA,
GA,fayette,Archdiocese of Atlanta,GA,
GA,floyd,Archdiocese of Atlanta,GA,
GA,forsyth,Archdiocese of Atlanta,GA,
GA,franklin,Archdiocese of Atlanta,GA,
GA,fulton,Archdiocese of Atlanta,GA,
GA,gilmer,Archdiocese of Atlanta,GA,
GA,glascock,Diocese of Savannah,GA,
GA,glynn,Diocese of Savannah,GA,
GA,gordon,Archdiocese of Atlanta,GA,
GA,grady,Diocese of Savannah,GA,
GA,greene,Archdiocese of Atlanta,GA,
GA,gwinnett,Archdiocese of Atlanta,GA,
GA,habersham,Archdiocese of Atlanta,GA,
GA,hall,Archdiocese of Atlanta,GA,
GA,hancock,Archdiocese of Atlanta,GA,
GA,haralson,Archdiocese of Atlanta,GA,
GA,harris,Diocese of Savannah,GA,
GA,hart,Archdiocese of Atlanta,GA,
GA,heard,Archdiocese of Atlanta,GA,
GA,henry,Archdiocese of Atlanta,GA,
GA,houston,Diocese of Savannah,GA,
GA,irwin,Diocese of Savannah,GA,
GA,jackson,Archdiocese of Atlanta,GA,
GA,jasper,Archdiocese of Atlanta,GA,
GA,jeff davis,Diocese of Savannah,GA,
GA,jefferson,Diocese of Savannah,GA,
GA,jenkins,Diocese of Savannah,GA,
GA,johnson,Diocese of Savannah,GA,
GA,jones,Diocese of Savannah,GA,
GA,lamar,Archdiocese of Atlanta,GA,
GA,lanier,Diocese of Savannah,GA,
GA,laurens,Diocese of Savannah,GA,
GA,lee,Diocese of Savannah,GA,
GA,liberty,Diocese of Savannah,GA,
GA,lincoln,Archdiocese of Atlanta,GA,
GA,long,Diocese of Savannah,GA,
GA,lowndes,Diocese of Savannah,GA,
GA,lumpkin,Archdiocese of Atlanta,GA,
GA,macon,Diocese of Savannah,GA,
GA,madison,Archdiocese of Atlanta,GA,
GA,marion,Diocese of Savannah,GA,
GA,mcduffie,Archdiocese of Atlanta,GA,
GA,mcintosh,Diocese of Savannah,GA,
GA,meriwether,Archdiocese of Atlanta,GA,
GA,miller,Diocese of Savannah,GA,
GA,mitchell,Diocese of Savannah,GA,
GA,monroe,Archdiocese of Atlanta,GA,
GA,montgomery,Diocese of Savannah,GA,
GA,morgan,Archdiocese of Atlanta,GA,
GA,murray,Archdiocese of Atlanta,GA,
GA,muscogee,Diocese of Savannah,GA,
GA,newton,Archdiocese of Atlanta,GA,
GA,oconee,Archdiocese of Atlanta,GA,
GA,oglethorpe,Archdiocese of Atlanta,GA,
GA,paulding,Archdiocese of Atlanta,GA,
GA,peach,Diocese of Savannah,GA,
GA,pickens,Archdiocese of Atlanta,GA,
GA,pierce,Diocese of Savannah,GA,
GA,pike,Archdiocese of Atlanta,GA,
GA,polk,Archdiocese of Atlanta,GA,
GA,pulaski,Diocese of Savannah,GA,
GA,putnam,Archdiocese of Atlanta,GA,
GA,quitman,Diocese of Savannah,GA,
GA,rabun,Archdiocese of Atlanta,GA,
GA,randolph,Diocese of Savannah,GA,
GA,richmond,Diocese of Savannah,GA,
GA,rockdale,Archdiocese of Atlanta,GA,
GA,schley,Diocese of Savannah,GA,
GA,screven,Diocese of Savannah,GA,
GA,seminole,Diocese of Savannah,GA,
GA,spalding,Archdiocese of Atlanta,GA,
GA,stephens,Archdiocese of Atlanta,GA,
GA,stewart,Diocese of Savannah,GA,
GA,sumter,Diocese of Savannah,GA,
GA,talbot,Diocese of Savannah,GA,
GA,taliaferro,Archdiocese of Atlanta,GA,
GA,tattnall,Diocese of Savannah,GA,
GA,taylor,Diocese of Savannah,GA,
GA,telfair,Diocese of Savannah,GA,
GA,terrell,Diocese of Savannah,GA,
GA,thomas,Diocese of Savannah,GA,
GA,tift,Diocese of Savannah,GA,
GA,toombs,Diocese of Savannah,GA,
GA,towns,Archdiocese of Atlanta,GA,
GA,treutlen,Diocese of Savannah,GA,
GA,troup,Archdiocese of Atlanta,GA,
GA,turner,Diocese of Savannah,GA,
GA,twiggs,Diocese of Savannah,GA,
GA,union,Archdiocese of Atlanta,GA,
GA,upson,Archdiocese of Atlanta,GA,
GA,walker,Archdiocese of Atlanta,GA,
GA,walton,Archdiocese of Atlanta,GA,
GA,ware,Diocese of Savannah,GA,
GA,warren,Archdiocese of Atlanta,GA,
GA,washington,Diocese of Savannah,GA,
GA,wayne,Diocese of Savannah,GA,
GA,webster,Diocese of Savannah,GA,
GA,wheeler,Diocese of Savannah,GA,
GA,white,Archdiocese of Atlanta,GA,
GA,whitfield,Archdiocese of Atlanta,GA,
GA,wilcox,Diocese of Savannah,GA,
GA,wilkes,Archdiocese of Atlanta,GA,
GA,wilkinson,Diocese of Savannah,GA,
GA,worth,Diocese of Savannah,GA,
HI,hawaii,Diocese of Honolulu,HI,
HI,honolulu,Diocese of Honolulu,HI,
HI,kalawao,Diocese of Honolulu,HI,
HI,kauai,Diocese of Honolulu,HI,
HI,maui,Diocese of Honolulu,HI,
IA,adair,Diocese of Des Moines,IA,
IA,adams,Diocese of Des Moines,IA,
IA,allamakee,Archdiocese of Dubuque,IA,
IA,appanoose,Diocese of Davenport,IA,
IA,audubon,Diocese of Des Moines,IA,
IA,benton,Archdiocese of Dubuque,IA,
IA,black hawk,Archdiocese of Dubuque,IA,
IA,boone,Diocese of Sioux City,IA,
IA,bremer,Archdiocese of Dubuque,IA,
IA,buchanan,Archdiocese of Dubuque,IA,
IA,buena vista,Diocese of Sioux City,IA,
IA,butler,Archdiocese of Dubuque,IA,
IA,calhoun,Diocese of Sioux City,IA,
IA,carroll,Diocese of Sioux City,IA,
IA,cass,Diocese of Des Moines,IA,
IA,cedar,Diocese of Davenport,IA,
IA,cerro gordo,Archdiocese of Dubuque,IA,
IA,cherokee,Diocese of Sioux City,IA,
IA,chickasaw,Archdiocese of Dubuque,IA,
IA,clarke,Diocese of Des Moines,IA,
IA,clay,Diocese of Sioux City,IA,
IA,clayton,Archdiocese of Dubuque,IA,
IA,clinton,Diocese of Davenport,IA,
IA,crawford,Diocese of Sioux City,IA,
IA,dallas,Diocese of Des Moines,IA,
IA,davis,Diocese of Davenport,IA,
IA,decatur,Diocese of Des Moines,IA,
IA,delaware,Archdiocese of Dubuque,IA,
IA,des moines,Diocese of Davenport,IA,
IA,dickinson,Diocese of Sioux City,IA,
IA,dubuque,Archdiocese of Dubuque,IA,
IA,emmet,Diocese of Sioux City,IA,
IA,fayette,Archdiocese of Dubuque,IA,
IA,floyd,Archdiocese of Dubuque,IA,
IA,franklin,Archdiocese of Dubuque,IA,
IA,fremont,Diocese of Des Moines,IA,
IA,greene,Diocese of Sioux City,IA,
IA,grundy,Archdiocese of Dubuque,IA,
IA,guthrie,Diocese of Des Moines,IA,
IA,hamilton,Archdiocese of Dubuque,IA,
IA,hancock,Archdiocese of Dubuque,IA,
IA,hardin,Archdiocese of Dubuque,IA,
IA,harrison,Diocese of Des Moines,IA,
IA,henry,Diocese of Davenport,IA,
IA,howard,Archdiocese of Dubuque,IA,
IA,humboldt,Diocese of Sioux City,IA,
IA,ida,Diocese of Sioux City,IA,
IA,iowa,Diocese of Davenport,IA,
IA,jackson,Archdiocese of Dubuque,IA,
IA,jasper,Diocese of Davenport,IA,
IA,jefferson,Diocese of Davenport,IA,
IA,johnson,Diocese of Davenport,IA,
IA,jones,Archdiocese of Dubuque,IA,
IA,keokuk,Diocese of Davenport,IA,
IA,kossuth,Diocese of Sioux City,IA,
IA,lee,Diocese of Davenport,IA,
IA,linn,Archdiocese of Dubuque,IA,
IA,louisa,Diocese of Davenport,IA,
IA,lucas,Diocese of Des Moines,IA,
IA,lyon,Diocese of Sioux City,IA,
IA,madison,Diocese of Des Moines,IA,
IA,mahaska,Diocese of Davenport,IA,
IA,marion,Diocese of Davenport,IA,
IA,marshall,Archdiocese of Dubuque,IA,
IA,mills,Diocese of Des Moines,IA,
IA,mitchell,Archdiocese of Dubuque,IA,
IA,monona,Diocese of Sioux City,IA,
IA,monroe,Diocese of Davenport,IA,
IA,montgomery,Diocese of Des Moines,IA,
IA,muscatine,Diocese of Davenport,IA,
IA,obrien,Diocese of Sioux City,IA,
IA,osceola,Diocese of Sioux City,IA,
IA,page,Diocese of Des Moines,IA,
IA,palo alto,Diocese of Sioux City,IA,
IA,plymouth,Diocese of Sioux City,IA,
IA,pocahontas,Diocese of Sioux City,IA,
IA,polk,Diocese of Des Moines,IA,
IA,pottawattamie,Diocese of Des Moines,IA,
IA,poweshiek,Diocese of Davenport,IA,
IA,ringgold,Diocese of Des Moines,IA,
IA,sac,Diocese of Sioux City,IA,
IA,scott,Diocese of Davenport,IA,
IA,shelby,Diocese of Des Moines,IA,
IA,sioux,Diocese of Sioux City,IA,
IA,story,Archdiocese of Dubuque,IA,
IA,tama,Archdiocese of Dubuque,IA,
IA,taylor,Diocese of Des Moines,IA,
IA,union,Diocese of Des Moines,IA,
IA,van buren,Diocese of Davenport,IA,
IA,wapello,Diocese of Davenport,IA,
IA,warren,Diocese of Des Moines,IA,
IA,washington,Diocese of Davenport,IA,
IA,wayne,Diocese of Des Moines,IA,
IA,webster,Diocese of Sioux City,IA,
IA,winnebago,Archdiocese of Dubuque,IA,
IA,winneshiek,Archdiocese of Dubuque,IA,
IA,woodbury,Diocese of Sioux City,IA,
IA,worth,Archdiocese of Dubuque,IA,
IA,wright,Archdiocese of Dubuque,IA,
ID,ada,Diocese of Boise,ID,
ID,adams,Diocese of Boise,ID,
ID,bannock,Diocese of Boise,ID,
ID,bear lake,Diocese of Boise,ID,
ID,benewah,Diocese of Boise,ID,
ID,bingham,Diocese of Boise,ID,
ID,blaine,Diocese of Boise,ID,
ID,boise,Diocese of Boise,ID,
ID,bonner,Diocese of Boise,ID,
ID,bonneville,Diocese of Boise,ID,
ID,boundary,Diocese of Boise,ID,
ID,butte,Diocese of Boise,ID,
ID,camas,Diocese of Boise,ID,
ID,canyon,Diocese of Boise,ID,
ID,caribou,Diocese of Boise,ID,
ID,cassia,Diocese of Boise,ID,
ID,clark,Diocese of Boise,ID,
ID,clearwater,Diocese of Boise,ID,
ID,custer,Diocese of Boise,ID,
ID,elmore,Diocese of Boise,ID,
ID,franklin,Diocese of Boise,ID,
ID,fremont,Diocese of Boise,ID,Diocese of Cheyenne
ID,gem,Diocese of Boise,ID,
ID,gooding,Diocese of Boise,ID,
ID,idaho,Diocese of Boise,ID,
ID,jefferson,Diocese of Boise,ID,
ID,jerome,Diocese of Boise,ID,
ID,kootenai,Diocese of Boise,ID,
ID,latah,Diocese of Boise,ID,
ID,lemhi,Diocese of Boise,ID,
ID,lewis,Diocese of Boise,ID,
ID,lincoln,Diocese of Boise,ID,
ID,madison,Diocese of Boise,ID,
ID,minidoka,Diocese of Boise,ID,
ID,nez perce,Diocese of Boise,ID,
ID,oneida,Diocese of Boise,ID,
ID,owyhee,Diocese of Boise,ID,
ID,payette,Diocese of Boise,ID,
ID,power,Diocese of Boise,ID,
ID,shoshone,Diocese of Boise,ID,
ID,teton,Diocese of Boise,ID,
ID,twin falls,Diocese of Boise,ID,
ID,valley,Diocese of Boise,ID,
ID,washington,Diocese of Boise,ID,
IL,adams,Diocese of Springfield in Illinois,IL,
IL,alexander,Diocese of Belleville,IL,
IL,bond,Diocese of Springfield in Illinois,IL,
IL,boone,Diocese of Rockford,IL,
IL,brown,Diocese of Springfield in Illinois,IL,
IL,bureau,Diocese of Peoria,IL,
IL,calhoun,Diocese of Springfield in Illinois,IL,
IL,carroll,Diocese of Rockford,IL,
IL,cass,Diocese of Springfield in Illinois,IL,
IL,champaign,Diocese of Peoria,IL,
IL,christian,Diocese of Springfield in Illinois,IL,
IL,clark,Diocese of Springfield in Illinois,IL,
IL,clay,Diocese of Belleville,IL,
IL,clinton,Diocese of Belleville,IL,
IL,coles,Diocese of Springfield in Illinois,IL,
IL,cook,Archdiocese of Chicago,IL,
IL,crawford,Diocese of Springfield in Illinois,IL,
IL,cumberland,Diocese of Springfield in Illinois,IL,
IL,de witt,Diocese of Peoria,IL,
IL,dekalb,Diocese of Rockford,IL,
IL,douglas,Diocese of Springfield in Illinois,IL,
IL,dupage,Diocese of Joliet,IL,
IL,edgar,Diocese of Springfield in Illinois,IL,
IL,edwards,Diocese of Belleville,IL,
IL,effingham,Diocese of Springfield in Illinois,IL,
IL,fayette,Diocese of Springfield in Illinois,IL,
IL,ford,Diocese of Joliet,IL,
IL,franklin,Diocese of Belleville,IL,
IL,fulton,Diocese of Peoria,IL,
IL,gallatin,Diocese of Belleville,IL,
IL,greene,Diocese of Springfield in Illinois,IL,
IL,grundy,Diocese of Joliet,IL,
IL,hamilton,Diocese of Belleville,IL,
IL,hancock,Diocese of Peoria,IL,
IL,hardin,Diocese of Belleville,IL,
IL,henderson,Diocese of Peoria,IL,
IL,henry,Diocese of Peoria,IL,
IL,iroquois,Diocese of Joliet,IL,
IL,jackson,Diocese of Belleville,IL,
IL,jasper,Diocese of Springfield in Illinois,IL,
IL,jefferson,Diocese of Belleville,IL,
IL,jersey,Diocese of Springfield in Illinois,IL,
IL,jo daviess,Diocese of Rockford,IL,
IL,johnson,Diocese of Belleville,IL,
IL,kane,Diocese of Rockford,IL,
IL,kankakee,Diocese of Joliet,IL,
IL,kendall,Diocese of Joliet,IL,
IL,knox,Diocese of Peoria,IL,
IL,lake,Archdiocese of Chicago,IL,
IL,lasalle,Diocese of Peoria,IL,
IL,lawrence,Diocese of Belleville,IL,
IL,lee,Diocese of Rockford,IL,
IL,livingston,Diocese of Peoria,IL,
IL,logan,Diocese of Peoria,IL,
IL,macon,Diocese of Springfield in Illinois,IL,
IL,macoupin,Diocese of Springfield in Illinois,IL,
IL,madison,Diocese of Springfield in Illinois,IL,
IL,marion,Diocese of Belleville,IL,
IL,marshall,Diocese of Peoria,IL,
IL,mason,Diocese of Peoria,IL,
IL,massac,Diocese of Belleville,IL,
IL,mcdonough,Diocese of Peoria,IL,
IL,mchenry,Diocese of Rockford,IL,
IL,mclean,Diocese of Peoria,IL,
IL,menard,Diocese of Springfield in Illinois,IL,
IL,mercer,Diocese of Peoria,IL,
IL,monroe,Diocese of Belleville,IL,
IL,montgomery,Diocese of Springfield in Illinois,IL,
IL,morgan,Diocese of Springfield in Illinois,IL,
IL,moultrie,Diocese of Springfield in Illinois,IL,
IL,ogle,Diocese of Rockford,IL,
IL,peoria,Diocese of Peoria,IL,
IL,perry,Diocese of Belleville,IL,
IL,piatt,Diocese of Peoria,IL,
IL,pike,Diocese of Springfield in Illinois,IL,
IL,pope,Diocese of Belleville,IL,
IL,pulaski,Diocese of Belleville,IL,
IL,putnam,Diocese of Peoria,IL,
IL,randolph,Diocese of Belleville,IL,
IL,richland,Diocese of Belleville,IL,
IL,rock island,Diocese of Peoria,IL,
IL,saline,Diocese of Belleville,IL,
IL,sangamon,Diocese of Springfield in Illinois,IL,
IL,schuyler,Diocese of Peoria,IL,
IL,scott,Diocese of Springfield in Illinois,IL,
IL,shelby,Diocese of Springfield in Illinois,IL,
IL,st clair,Diocese of Belleville,IL,
IL,stark,Diocese of Peoria,IL,
IL,stephenson,Diocese of Rockford,IL,
IL,tazewell,Diocese of Peoria,IL,
IL,union,Diocese of Belleville,IL,
IL,vermilion,Diocese of Peoria,IL,
IL,wabash,Diocese of Belleville,IL,
IL,warren,Diocese of Peoria,IL,
IL,washington,Diocese of Belleville,IL,
IL,wayne,Diocese of Belleville,IL,
IL,white,Diocese of Belleville,IL,
IL,whiteside,Diocese of Rockford,IL,
IL,will,Diocese of Joliet,IL,
IL,williamson,Diocese of Belleville,IL,
IL,winnebago,Diocese of Rockford,IL,
IL,woodford,Diocese of Peoria,IL,
IN,adams,Diocese of Fort Wayne–South Bend,IN,
IN,allen,Diocese of Fort Wayne–South Bend,IN,
IN,bartholomew,Archdiocese of Indianapolis,IN,
IN,benton,Diocese of Lafayette in Indiana,IN,
IN,blackford,Diocese of Lafayette in Indiana,IN,
IN,boone,Diocese of Lafayette in Indiana,IN,
IN,brown,Archdiocese of Indianapolis,IN,
IN,carroll,Diocese of Lafayette in Indiana,IN,
IN,cass,Diocese of Lafayette in Indiana,IN,
IN,clark,Archdiocese of Indianapolis,IN,
IN,clay,Archdiocese of Indianapolis,IN,
IN,clinton,Diocese of Lafayette in Indiana,IN,
IN,crawford,Archdiocese of Indianapolis,IN,
IN,daviess,Diocese of Evansville,IN,
IN,dearborn,Archdiocese of Indianapolis,IN,
IN,decatur,Archdiocese of Indianapolis,IN,
IN,dekalb,Diocese of Fort Wayne–South Bend,IN,
IN,delaware,Diocese of Lafayette in Indiana,IN,
IN,dubois,Diocese of Evansville,IN,
IN,elkhart,Diocese of Fort Wayne–South Bend,IN,
IN,fayette,Archdiocese of Indianapolis,IN,
IN,floyd,Archdiocese of Indianapolis,IN,
IN,fountain,Diocese of Lafayette in Indiana,IN,
IN,franklin,Archdiocese of Indianapolis,IN,
IN,fulton,Diocese of Lafayette in Indiana,IN,
IN,gibson,Diocese of Evansville,IN,
IN,grant,Diocese of Lafayette in Indiana,IN,
IN,greene,Diocese of Evansville,IN,
IN,hamilton,Diocese of Lafayette in Indiana,IN,
IN,hancock,Archdiocese of Indianapolis,IN,
IN,harrison,Archdiocese of Indianapolis,IN,
IN,hendricks,Archdiocese of Indianapolis,IN,
IN,henry,Archdiocese of Indianapolis,IN,
IN,howard,Diocese of Lafayette in Indiana,IN,
IN,huntington,Diocese of Fort Wayne–South Bend,IN,
IN,jackson,Archdiocese of Indianapolis,IN,
IN,jasper,Diocese of Lafayette in Indiana,IN,
IN,jay,Diocese of Lafayette in Indiana,IN,
IN,jefferson,Archdiocese of Indianapolis,IN,
IN,jennings,Archdiocese of Indianapolis,IN,
IN,johnson,Archdiocese of Indianapolis,IN,
IN,knox,Diocese of Evansville,IN,
IN,kosciusko,Diocese of Fort Wayne–South Bend,IN,
IN,lagrange,Diocese of Fort Wayne–South Bend,IN,
IN,lake,Diocese of Gary,IN,
IN,laporte,Diocese of Gary,IN,
IN,lawrence,Archdiocese of Indianapolis,IN,
IN,madison,Diocese of Lafayette in Indiana,IN,
IN,marion,Archdiocese of Indianapolis,IN,
IN,marshall,Diocese of Fort Wayne–South Bend,IN,
IN,martin,Diocese of Evansville,IN,
IN,miami,Diocese of Lafayette in Indiana,IN,
IN,monroe,Archdiocese of Indianapolis,IN,
IN,montgomery,Diocese of Lafayette in Indiana,IN,
IN,morgan,Archdiocese of Indianapolis,IN,
IN,newton,Diocese of Lafayette in Indiana,IN,
IN,noble,Diocese of Fort Wayne–South Bend,IN,
IN,ohio,Archdiocese of Indianapolis,IN,
IN,orange,Archdiocese of Indianapolis,IN,
IN,owen,Archdiocese of Indianapolis,IN,
IN,parke,Archdiocese of Indianapolis,IN,
IN,perry,Archdiocese of Indianapolis,IN,
IN,pike,Diocese of Evansville,IN,
IN,porter,Diocese of Gary,IN,
IN,posey,Diocese of Evansville,IN,
IN,pulaski,Diocese of Lafayette in Indiana,IN,
IN,putnam,Archdiocese of Indianapolis,IN,
IN,randolph,Diocese of Lafayette in Indiana,IN,
IN,ripley,Archdiocese of Indianapolis,IN,
IN,rush,Archdiocese of Indianapolis,IN,
IN,scott,Archdiocese of Indianapolis,IN,
IN,shelby,Archdiocese of Indianapolis,IN,
IN,spencer,Diocese of Evansville,IN,Archdiocese of Indianapolis
IN,st joseph,Diocese of Fort Wayne–South Bend,IN,
IN,starke,Diocese of Gary,IN,
IN,steuben,Diocese of Fort Wayne–South Bend,IN,
IN,sullivan,Diocese of Evansville,IN,
IN,switzerland,Archdiocese of Indianapolis,IN,
IN,tippecanoe,Diocese of Lafayette in Indiana,IN,
IN,tipton,Diocese of Lafayette in Indiana,IN,
IN,union,Archdiocese of Indianapolis,IN,
IN,vanderburgh,Diocese of Evansville,IN,
IN,vermillion,Archdiocese of Indianapolis,IN,
IN,vigo,Archdiocese of Indianapolis,IN,
IN,wabash,Diocese of Fort Wayne–South Bend,IN,
IN,warren,Diocese of Lafayette in Indiana,IN,
IN,warrick,Diocese of Evansville,IN,
IN,washington,Archdiocese of Indianapolis,IN,
IN,wayne,Archdiocese of Indianapolis,IN,
IN,wells,Diocese of Fort Wayne–South Bend,IN,
IN,white,Diocese of Lafayette in Indiana,IN,
IN,whitley,Diocese of Fort Wayne–South Bend,IN,
KS,allen,Diocese of Wichita,KS,
KS,anderson,Archdiocese of Kansas City in Kansas,KS,
KS,atchison,Archdiocese of Kansas City in Kansas,KS,
KS,barber,Diocese of Dodge City,KS,
KS,barton,Diocese of Dodge City,KS,
KS,bourbon,Diocese of Wichita,KS,
KS,brown,Archdiocese of Kansas City in Kansas,KS,
KS,butler,Diocese of Wichita,KS,
KS,chase,Diocese of Wichita,KS,
KS,chautauqua,Diocese of Wichita,KS,
KS,cherokee,Diocese of Wichita,KS,
KS,cheyenne,Diocese of Salina,KS,
KS,clark,Diocese of Dodge City,KS,
KS,clay,Diocese of Salina,KS,
KS,cloud,Diocese of Salina,KS,
KS,coffey,Archdiocese of Kansas City in Kansas,KS,
KS,comanche,Diocese of Dodge City,KS,
KS,cowley,Diocese of Wichita,KS,
KS,crawford,Diocese of Wichita,KS,
KS,decatur,Diocese of Salina,KS,
KS,dickinson,Diocese of Salina,KS,
KS,doniphan,Archdiocese of Kansas City in Kansas,KS,
KS,douglas,Archdiocese of Kansas City in Kansas,KS,
KS,edwards,Diocese of Dodge City,KS,
KS,elk,Diocese of Wichita,KS,
KS,ellis,Diocese of Salina,KS,
KS,ellsworth,Diocese of Salina,KS,
KS,finney,Diocese of Dodge City,KS,
KS,ford,Diocese of Dodge City,KS,
KS,franklin,Archdiocese of Kansas City in Kansas,KS,
KS,geary,Diocese of Salina,KS,
KS,gove,Diocese of Salina,KS,
KS,graham,Diocese of Salina,KS,
KS,grant,Diocese of Dodge City,KS,
KS,gray,Diocese of Dodge City,KS,
KS,greeley,Diocese of Dodge City,KS,
KS,greenwood,Diocese of Wichita,KS,
KS,hamilton,Diocese of Dodge City,KS,
KS,harper,Diocese of Wichita,KS,
KS,harvey,Diocese of Wichita,KS,
KS,haskell,Diocese of Dodge City,KS,
KS,hodgeman,Diocese of Dodge City,KS,
KS,jackson,Archdiocese of Kansas City in Kansas,KS,
KS,jefferson,Archdiocese of Kansas City in Kansas,KS,
KS,jewell,Diocese of Salina,KS,
KS,johnson,Archdiocese of Kansas City in Kansas,KS,
KS,kearny,Diocese of Dodge City,KS,
KS,kingman,Diocese of Wichita,KS,
KS,kiowa,Diocese of Dodge City,KS,
KS,labette,Diocese of Wichita,KS,
KS,lane,Diocese of Dodge City,KS,
KS,leavenworth,Archdiocese of Kansas City in Kansas,KS,
KS,lincoln,Diocese of Salina,KS,
KS,linn,Archdiocese of Kansas City in Kansas,KS,
KS,logan,Diocese of Salina,KS,
KS,lyon,Archdiocese of Kansas City in Kansas,KS,
KS,marion,Diocese of Wichita,KS,
KS,marshall,Archdiocese of Kansas City in Kansas,KS,
KS,mcpherson,Diocese of Wichita,KS,
KS,meade,Diocese of Dodge City,KS,
KS,miami,Archdiocese of Kansas City in Kansas,KS,
KS,mitchell,Diocese of Salina,KS,
KS,montgomery,Diocese of Wichita,KS,
KS,morris,Diocese of Wichita,KS,
KS,morton,Diocese of Dodge City,KS,
KS,nemaha,Archdiocese of Kansas City in Kansas,KS,
KS,neosho,Diocese of Wichita,KS,
KS,ness,Diocese of Dodge City,KS,
KS,norton,Diocese of Salina,KS,
KS,osage,Archdiocese of Kansas City in Kansas,KS,
KS,osborne,Diocese of Salina,KS,
KS,ottawa,Diocese of Salina,KS,
KS,pawnee,Diocese of Dodge City,KS,
KS,phillips,Diocese of Salina,KS,
KS,pottawatomie,Archdiocese of Kansas City in Kansas,KS,
KS,pratt,Diocese of Dodge City,KS,
KS,rawlins,Diocese of Salina,KS,
KS,reno,Diocese of Wichita,KS,
KS,republic,Diocese of Salina,KS,
KS,rice,Diocese of Wichita,KS,
KS,riley,Diocese of Salina,KS,
KS,rooks,Diocese of Salina,KS,
KS,rush,Diocese of Dodge City,KS,
KS,russell,Diocese of Salina,KS,
KS,saline,Diocese of Salina,KS,
KS,scott,Diocese of Dodge City,KS,
KS,sedgwick,Diocese of Wichita,KS,
KS,seward,Diocese of Dodge City,KS,
KS,shawnee,Archdiocese of Kansas City in Kansas,KS,
KS,sheridan,Diocese of Salina,KS,
KS,sherman,Diocese of Salina,KS,
KS,smith,Diocese of Salina,KS,
KS,stafford,Diocese of Dodge City,KS,
KS,stanton,Diocese of Dodge City,KS,
KS,stevens,Diocese of Dodge City,KS,
KS,sumner,Diocese of Wichita,KS,
KS,thomas,Diocese of Salina,KS,
KS,trego,Diocese of Salina,KS,
KS,wabaunsee,Archdiocese of Kansas City in Kansas,KS,
KS,wallace,Diocese of Salina,KS,
KS,washington,Diocese of Salina,KS,
KS,wichita,Diocese of Dodge City,KS,
KS,wilson,Diocese of Wichita,KS,
KS,woodson,Diocese of Wichita,KS,
KS,wyandotte,Archdiocese of Kansas City in Kansas,KS,
KY,adair,Archdiocese of Louisville,KY,
KY,allen,Diocese of Owensboro,KY,
KY,anderson,Diocese of Lexington,KY,
KY,ballard,Diocese of Owensboro,KY,
KY,barren,Archdiocese of Louisville,KY,
KY,bath,Diocese of Lexington,KY,
KY,bell,Diocese of Lexington,KY,
KY,boone,Diocese of Covington,KY,
KY,bourbon,Diocese of Lexington,KY,
KY,boyd,Diocese of Lexington,KY,
KY,boyle,Diocese of Lexington,KY,
KY,bracken,Diocese of Covington,KY,
KY,breathitt,Diocese of Lexington,KY,
KY,breckinridge,Diocese of Owensboro,KY,
KY,bullitt,Archdiocese of Louisville,KY,
KY,butler,Diocese of Owensboro,KY,
KY,caldwell,Diocese of Owensboro,KY,
KY,calloway,Diocese of Owensboro,KY,
KY,campbell,Diocese of Covington,KY,
KY,carlisle,Diocese of Owensboro,KY,
KY,carroll,Diocese of Covington,KY,
KY,carter,Diocese of Lexington,KY,
KY,casey,Archdiocese of Louisville,KY,
KY,christian,Diocese of Owensboro,KY,
KY,clark,Diocese of Lexington,KY,
KY,clay,Diocese of Lexington,KY,
KY,clinton,Archdiocese of Louisville,KY,
KY,crittenden,Diocese of Owensboro,KY,
KY,cumberland,Archdiocese of Louisville,KY,
KY,daviess,Diocese of Owensboro,KY,
KY,edmonson,Diocese of Owensboro,KY,
KY,elliott,Diocese of Lexington,KY,
KY,estill,Diocese of Lexington,KY,
KY,fayette,Diocese of Lexington,KY,
KY,fleming,Diocese of Covington,KY,
KY,floyd,Diocese of Lexington,KY,
KY,franklin,Diocese of Lexington,KY,
KY,fulton,Diocese of Owensboro,KY,
KY,gallatin,Diocese of Covington,KY,
KY,garrard,Diocese of Lexington,KY,
KY,grant,Diocese of Covington,KY,
KY,graves,Diocese of Owensboro,KY,
KY,grayson,Diocese of Owensboro,KY,
KY,green,Archdiocese of Louisville,KY,
KY,greenup,Diocese of Lexington,KY,
KY,hancock,Diocese of Owensboro,KY,
KY,hardin,Archdiocese of Louisville,KY,
KY,harlan,Diocese of Lexington,KY,
KY,harrison,Diocese of Covington,KY,
KY,hart,Archdiocese of Louisville,KY,
KY,henderson,Diocese of Owensboro,KY,
KY,henry,Archdiocese of Louisville,KY,
KY,hickman,Diocese of Owensboro,KY,
KY,hopkins,Diocese of Owensboro,KY,
KY,jackson,Diocese of Lexington,KY,
KY,jefferson,Archdiocese of Louisville,KY,
KY,jessamine,Diocese of Lexington,KY,
KY,johnson,Diocese of Lexington,KY,
KY,kenton,Diocese of Covington,KY,
KY,knott,Diocese of Lexington,KY,
KY,knox,Diocese of Lexington,KY,
KY,larue,Archdiocese of Louisville,KY,
KY,laurel,Diocese of Lexington,KY,
KY,lawrence,Diocese of Lexington,KY,
KY,lee,Diocese of Lexington,KY,
KY,leslie,Diocese of Lexington,KY,
KY,letcher,Diocese of Lexington,KY,
KY,lewis,Diocese of Covington,KY,
KY,lincoln,Diocese of Lexington,KY,
KY,livingston,Diocese of Owensboro,KY,
KY,logan,Diocese of Owensboro,KY,
KY,lyon,Diocese of Owensboro,KY,
KY,madison,Diocese of Lexington,KY,
KY,magoffin,Diocese of Lexington,KY,
KY,marion,Archdiocese of Louisville,KY,
KY,marshall,Diocese of Owensboro,KY,
KY,martin,Diocese of Lexington,KY,
KY,mason,Diocese of Covington,KY,
KY,mccracken,Diocese of Owensboro,KY,
KY,mccreary,Diocese of Lexington,KY,
KY,mclean,Diocese of Owensboro,KY,
KY,meade,Archdiocese of Louisville,KY,
KY,menifee,Diocese of Lexington,KY,
KY,mercer,Diocese of Lexington,KY,
KY,metcalfe,Archdiocese of Louisville,KY,
KY,monroe,Archdiocese of Louisville,KY,
KY,montgomery,Diocese of Lexington,KY,
KY,morgan,Diocese of Lexington,KY,
KY,muhlenberg,Diocese of Owensboro,KY,
KY,nelson,Archdiocese of Louisville,KY,
KY,nicholas,Diocese of Lexington,KY,
KY,ohio,Diocese of Owensboro,KY,
KY,oldham,Archdiocese of Louisville,KY,
KY,owen,Diocese of Covington,KY,
KY,owsley,Diocese of Lexington,KY,
KY,pendleton,Diocese of Covington,KY,
KY,perry,Diocese of Lexington,KY,
KY,pike,Diocese of Lexington,KY,
KY,powell,Diocese of Lexington,KY,
KY,pulaski,Diocese of Lexington,KY,
KY,robertson,Diocese of Covington,KY,
KY,rockcastle,Diocese of Lexington,KY,
KY,rowan,Diocese of Lexington,KY,
KY,russell,Archdiocese of Louisville,KY,
KY,scott,Diocese of Lexington,KY,
KY,shelby,Archdiocese of Louisville,KY,
KY,simpson,Diocese of Owensboro,KY,
KY,spencer,Archdiocese of Louisville,KY,
KY,taylor,Archdiocese of Louisville,KY,
KY,todd,Diocese of Owensboro,KY,
KY,trigg,Diocese of Owensboro,KY,
KY,trimble,Archdiocese of Louisville,KY,
KY,union,Diocese of Owensboro,KY,
KY,warren,Diocese of Owensboro,KY,
KY,washington,Archdiocese of Louisville,KY,
KY,wayne,Diocese of Lexington,KY,
KY,webster,Diocese of Owensboro,KY,
KY,whitley,Diocese of Lexington,KY,
KY,wolfe,Diocese of Lexington,KY,
KY,woodford,Diocese of Lexington,KY,
LA,acadia,Diocese of Lafayette in Louisiana,LA,
LA,allen,Diocese of Lake Charles,LA,
LA,ascension,Diocese of Baton Rouge,LA,
LA,assumption,Diocese of Baton Rouge,LA,
LA,avoyelles,Diocese of Alexandria,LA,
LA,beauregard,Diocese of Lake Charles,LA,
LA,bienville,Diocese of Shreveport,LA,
LA,bossier,Diocese of Shreveport,LA,
LA,caddo,Diocese of Shreveport,LA,
LA,calcasieu,Diocese of Lake Charles,LA,
LA,caldwell,Diocese of Alexandria,LA,
LA,cameron,Diocese of Lake Charles,LA,
LA,catahoula,Diocese of Alexandria,LA,
LA,claiborne,Diocese of Shreveport,LA,
LA,concordia,Diocese of Alexandria,LA,
LA,de soto,Diocese of Shreveport,LA,
LA,east baton rouge,Diocese of Baton Rouge,LA,
LA,east carroll,Diocese of Shreveport,LA,
LA,east feliciana,Diocese of Baton Rouge,LA,
LA,evangeline,Diocese of Lafayette in Louisiana,LA,
LA,franklin,Diocese of Alexandria,LA,
LA,grant,Diocese of Alexandria,LA,
LA,iberia,Diocese of Lafayette in Louisiana,LA,
LA,iberville,Diocese of Baton Rouge,LA,
LA,jackson,Diocese of Shreveport,LA,
LA,jefferson,Archdiocese of New Orleans,LA,Diocese of Houma–Thibodaux
LA,jefferson davis,Diocese of Lake Charles,LA,
LA,lafayette,Diocese of Lafayette in Louisiana,LA,
LA,lafourche,Diocese of Houma–Thibodaux,LA,
LA,lasalle,Diocese of Alexandria,LA,
LA,lincoln,Diocese of Shreveport,LA,
LA,livingston,Diocese of Baton Rouge,LA,
LA,madison,Diocese of Alexandria,LA,
LA,morehouse,Diocese of Shreveport,LA,
LA,natchitoches,Diocese of Alexandria,LA,
LA,orleans,Archdiocese of New Orleans,LA,
LA,ouachita,Diocese of Shreveport,LA,
LA,plaquemines,Archdiocese of New Orleans,LA,
LA,pointe coupee,Diocese of Baton Rouge,LA,
LA,rapides,Diocese of Alexandria,LA,
LA,red river,Diocese of Shreveport,LA,
LA,richland,Diocese of Shreveport,LA,
LA,sabine,Diocese of Shreveport,LA,
LA,st bernard,Archdiocese of New Orleans,LA,
LA,st charles,Archdiocese of New Orleans,LA,
LA,st helena,Diocese of Baton Rouge,LA,
LA,st james,Diocese of Baton Rouge,LA,
LA,st john the baptist,Archdiocese of New Orleans,LA,
LA,st landry,Diocese of Lafayette in Louisiana,LA,
LA,st martin,Diocese of Lafayette in Louisiana,LA,
LA,st mary,Diocese of Lafayette in Louisiana,LA,Diocese of Houma–Thibodaux
LA,st tammany,Archdiocese of New Orleans,LA,
LA,tangipahoa,Diocese of Baton Rouge,LA,
LA,tensas,Diocese of Alexandria,LA,
LA,terrebonne,Diocese of Houma–Thibodaux,LA,
LA,union,Diocese of Shreveport,LA,
LA,vermilion,Diocese of Lafayette in Louisiana,LA,
LA,vernon,Diocese of Alexandria,LA,
LA,washington,Archdiocese of New Orleans,LA,
LA,webster,Diocese of Shreveport,LA,
LA,west baton rouge,Diocese of Baton Rouge,LA,
LA,west carroll,Diocese of Shreveport,LA,
LA,west feliciana,Diocese of Baton Rouge,LA,
LA,winn,Diocese of Alexandria,LA,
MA,barnstable,Diocese of Fall River,MA,
MA,berkshire,Diocese of Springfield in Massachusetts,MA,
MA,bristol,Diocese of Fall River,MA,
MA,dukes,Diocese of Fall River,MA,
MA,essex,Archdiocese of Boston,MA,
MA,franklin,Diocese of Springfield in Massachusetts,MA,
MA,hampden,Diocese of Springfield in Massachusetts,MA,
MA,hampshire,Diocese of Springfield in Massachusetts,MA,
MA,middlesex,Archdiocese of Boston,MA,
MA,nantucket,Diocese of Fall River,MA,
MA,norfolk,Archdiocese of Boston,MA,
MA,plymouth,Archdiocese of Boston,MA,Diocese of Fall River
MA,suffolk,Archdiocese of Boston,MA,
MA,worcester,Diocese of Worcester,MA,
MD,allegany,Archdiocese of Baltimore,MD,
MD,anne arundel,Archdiocese of Baltimore,MD,
MD,baltimore,Archdiocese of Baltimore,MD,
MD,baltimore city,Archdiocese of Baltimore,MD,
MD,calvert,Archdiocese of Washington,DC,
MD,caroline,Diocese of Wilmington,DE,
MD,carroll,Archdiocese of Baltimore,MD,
MD,cecil,Diocese of Wilmington,DE,
MD,charles,Archdiocese of Washington,DC,
MD,dorchester,Diocese of Wilmington,DE,
MD,frederick,Archdiocese of Baltimore,MD,
MD,garrett,Archdiocese of Baltimore,MD,
MD,harford,Archdiocese of Baltimore,MD,
MD,howard,Archdiocese of Baltimore,MD,
MD,kent,Diocese of Wilmington,DE,
MD,montgomery,Archdiocese of Washington,DC,
MD,prince georges,Archdiocese of Washington,DC,
MD,queen annes,Diocese of Wilmington,DE,
MD,somerset,Diocese of Wilmington,DE,
MD,st marys,Archdiocese of Washington,DC,
MD,talbot,Diocese of Wilmington,DE,
MD,washington,Archdiocese of Baltimore,MD,
MD,wicomico,Diocese of Wilmington,DE,
MD,worcester,Diocese of Wilmington,DE,
ME,androscoggin,Diocese of Portland,ME,
ME,aroostook,Diocese of Portland,ME,
ME,cumberland,Diocese of Portland,ME,
ME,franklin,Diocese of Portland,ME,
ME,hancock,Diocese of Portland,ME,
ME,kennebec,Diocese of Portland,ME,
ME,knox,Diocese of Portland,ME,
ME,lincoln,Diocese of Portland,ME,
ME,oxford,Diocese of Portland,ME,
ME,penobscot,Diocese of Portland,ME,
ME,piscataquis,Diocese of Portland,ME,
ME,sagadahoc,Diocese of Portland,ME,
ME,somerset,Diocese of Portland,ME,
ME,waldo,Diocese of Portland,ME,
ME,washington,Diocese of Portland,ME,
ME,york,Diocese of Portland,ME,
MI,alcona,Diocese of Gaylord,MI,
MI,alger,Diocese of Marquette,MI,
MI,allegan,Diocese of Kalamazoo,MI,
MI,alpena,Diocese of Gaylord,MI,
MI,antrim,Diocese of Gaylord,MI,
MI,arenac,Diocese of Saginaw,MI,
MI,baraga,Diocese of Marquette,MI,
MI,barry,Diocese of Kalamazoo,MI,
MI,bay,Diocese of Saginaw,MI,
MI,benzie,Diocese of Gaylord,MI,
MI,berrien,Diocese of Kalamazoo,MI,
MI,branch,Diocese of Kalamazoo,MI,
MI,calhoun,Diocese of Kalamazoo,MI,
MI,cass,Diocese of Kalamazoo,MI,
MI,charlevoix,Diocese of Gaylord,MI,
MI,cheboygan,Diocese of Gaylord,MI,
MI,chippewa,Diocese of Marquette,MI,
MI,clare,Diocese of Saginaw,MI,
MI,clinton,Diocese of Lansing,MI,
MI,crawford,Diocese of Gaylord,MI,
MI,delta,Diocese of Marquette,MI,
MI,dickinson,Diocese of Marquette,MI,
MI,eaton,Diocese of Lansing,MI,
MI,emmet,Diocese of Gaylord,MI,
MI,genesee,Diocese of Lansing,MI,
MI,gladwin,Diocese of Saginaw,MI,
MI,gogebic,Diocese of Marquette,MI,
MI,grand traverse,Diocese of Gaylord,MI,
MI,gratiot,Diocese of Saginaw,MI,
MI,hillsdale,Diocese of Lansing,MI,
MI,houghton,Diocese of Marquette,MI,
MI,huron,Diocese of Saginaw,MI,
MI,ingham,Diocese of Lansing,MI,
MI,ionia,Diocese of Grand Rapids,MI,
MI,iosco,Diocese of Gaylord,MI,
MI,iron,Diocese of Marquette,MI,
MI,isabella,Diocese of Saginaw,MI,
MI,jackson,Diocese of Lansing,MI,
MI,kalamazoo,Diocese of Kalamazoo,MI,
MI,kalkaska,Diocese of Gaylord,MI,
MI,kent,Diocese of Grand Rapids,MI,
MI,keweenaw,Diocese of Marquette,MI,
MI,lake,Diocese of Grand Rapids,MI,
MI,lapeer,Archdiocese of Detroit,MI,
MI,leelanau,Diocese of Gaylord,MI,
MI,lenawee,Diocese of Lansing,MI,
MI,livingston,Diocese of Lansing,MI,
MI,luce,Diocese of Marquette,MI,
MI,mackinac,Diocese of Marquette,MI,
MI,macomb,Archdiocese of Detroit,MI,
MI,manistee,Diocese of Gaylord,MI,
MI,marquette,Diocese of Marquette,MI,
MI,mason,Diocese of Grand Rapids,MI,
MI,mecosta,Diocese of Grand Rapids,MI,
MI,menominee,Diocese of Marquette,MI,
MI,midland,Diocese of Saginaw,MI,
MI,missaukee,Diocese of Gaylord,MI,
MI,monroe,Archdiocese of Detroit,MI,
MI,montcalm,Diocese of Grand Rapids,MI,
MI,montmorency,Diocese of Gaylord,MI,
MI,muskegon,Diocese of Grand Rapids,MI,
MI,newaygo,Diocese of Grand Rapids,MI,
MI,oakland,Archdiocese of Detroit,MI,
MI,oceana,Diocese of Grand Rapids,MI,
MI,ogemaw,Diocese of Gaylord,MI,
MI,ontonagon,Diocese of Marquette,MI,
MI,osceola,Diocese of Grand Rapids,MI,
MI,oscoda,Diocese of Gaylord,MI,
MI,otsego,Diocese of Gaylord,MI,
MI,ottawa,Diocese of Grand Rapids,MI,
MI,presque isle,Diocese of Gaylord,MI,
MI,roscommon,Diocese of Gaylord,MI,
MI,saginaw,Diocese of Saginaw,MI,
MI,sanilac,Diocese of Saginaw,MI,
MI,schoolcraft,Diocese of Marquette,MI,
MI,shiawassee,Diocese of Lansing,MI,
MI,st clair,Archdiocese of Detroit,MI,
MI,st joseph,Diocese of Kalamazoo,MI,
MI,tuscola,Diocese of Saginaw,MI,
MI,van buren,Diocese of Kalamazoo,MI,
MI,washtenaw,Diocese of Lansing,MI,
MI,wayne,Archdiocese of Detroit,MI,
MI,wexford,Diocese of Gaylord,MI,
MN,aitkin,Diocese of Duluth,MN,
MN,anoka,Archdiocese of Saint Paul and Minneapolis,MN,
MN,becker,Diocese of Crookston,MN,
MN,beltrami,Diocese of Crookston,MN,
MN,benton,Diocese of Saint Cloud,MN,
MN,big stone,Diocese of New Ulm,MN,
MN,blue earth,Diocese of Winona–Rochester,MN,
MN,brown,Diocese of New Ulm,MN,
MN,carlton,Diocese of Duluth,MN,
MN,carver,Archdiocese of Saint Paul and Minneapolis,MN,
MN,cass,Diocese of Duluth,MN,
MN,chippewa,Diocese of New Ulm,MN,
MN,chisago,Archdiocese of Saint Paul and Minneapolis,MN,
MN,clay,Diocese of Crookston,MN,
MN,clearwater,Diocese of Crookston,MN,
MN,cook,Diocese of Duluth,MN,
MN,cottonwood,Diocese of Winona–Rochester,MN,
MN,crow wing,Diocese of Duluth,MN,
MN,dakota,Archdiocese of Saint Paul and Minneapolis,MN,
MN,dodge,Diocese of Winona–Rochester,MN,
MN,douglas,Diocese of Saint Cloud,MN,
MN,faribault,Diocese of Winona–Rochester,MN,
MN,fillmore,Diocese of Winona–Rochester,MN,
MN,freeborn,Diocese of Winona–Rochester,MN,
MN,goodhue,Archdiocese of Saint Paul and Minneapolis,MN,
MN,grant,Diocese of Saint Cloud,MN,
MN,hennepin,Archdiocese of Saint Paul and Minneapolis,MN,
MN,houston,Diocese of Winona–Rochester,MN,
MN,hubbard,Diocese of Crookston,MN,
MN,isanti,Diocese of Saint Cloud,MN,
MN,itasca,Diocese of Duluth,MN,
MN,jackson,Diocese of Winona–Rochester,MN,
MN,kanabec,Diocese of Saint Cloud,MN,
MN,kandiyohi,Diocese of New Ulm,MN,
MN,kittson,Diocese of Crookston,MN,
MN,koochiching,Diocese of Duluth,MN,
MN,lac qui parle,Diocese of New Ulm,MN,
MN,lake,Diocese of Duluth,MN,
MN,lake of the woods,Diocese of Crookston,MN,
MN,le sueur,Archdiocese of Saint Paul and Minneapolis,MN,
MN,lincoln,Diocese of New Ulm,MN,
MN,lyon,Diocese of New Ulm,MN,
MN,mahnomen,Diocese of Crookston,MN,
MN,marshall,Diocese of Crookston,MN,
MN,martin,Diocese of Winona–Rochester,MN,
MN,mcleod,Diocese of New Ulm,MN,
MN,meeker,Diocese of New Ulm,MN,
MN,mille lacs,Diocese of Saint Cloud,MN,
MN,morrison,Diocese of Saint Cloud,MN,
MN,mower,Diocese of Winona–Rochester,MN,
MN,murray,Diocese of Winona–Rochester,MN,
MN,nicollet,Diocese of New Ulm,MN,
MN,nobles,Diocese of Winona–Rochester,MN,
MN,norman,Diocese of Crookston,MN,
MN,olmsted,Diocese of Winona–Rochester,MN,
MN,otter tail,Diocese of Saint Cloud,MN,
MN,pennington,Diocese of Crookston,MN,
MN,pine,Diocese of Duluth,MN,
MN,pipestone,Diocese of Winona–Rochester,MN,
MN,polk,Diocese of Crookston,MN,
MN,pope,Diocese of Saint Cloud,MN,
MN,ramsey,Archdiocese of Saint Paul and Minneapolis,MN,
MN,red lake,Diocese of Crookston,MN,
MN,redwood,Diocese of New Ulm,MN,
MN,renville,Diocese of New Ulm,MN,
MN,rice,Archdiocese of Saint Paul and Minneapolis,MN,
MN,rock,Diocese of Winona–Rochester,MN,
MN,roseau,Diocese of Crookston,MN,
MN,scott,Archdiocese of Saint Paul and Minneapolis,MN,
MN,sherburne,Diocese of Saint Cloud,MN,
MN,sibley,Diocese of New Ulm,MN,
MN,st louis,Diocese of Duluth,MN,
MN,stearns,Diocese of Saint Cloud,MN,
MN,steele,Diocese of Winona–Rochester,MN,
MN,stevens,Diocese of Saint Cloud,MN,
MN,swift,Diocese of New Ulm,MN,
MN,todd,Diocese of Saint Cloud,MN,
MN,traverse,Diocese of Saint Cloud,MN,
MN,wabasha,Diocese of Winona–Rochester,MN,
MN,wadena,Diocese of Saint Cloud,MN,
MN,waseca,Diocese of Winona–Rochester,MN,
MN,washington,Archdiocese of Saint Paul and Minneapolis,MN,
MN,watonwan,Diocese of Winona–Rochester,MN,
MN,wilkin,Diocese of Saint Cloud,MN,
MN,winona,Diocese of Winona–Rochester,MN,
MN,wright,Archdiocese of Saint Paul and Minneapolis,MN,
MN,yellow medicine,Diocese of New Ulm,MN,
MO,adair,Diocese of Jefferson City,MO,
MO,andrew,Diocese of Kansas City–Saint Joseph,MO,
MO,atchison,Diocese of Kansas City–Saint Joseph,MO,
MO,audrain,Diocese of Jefferson City,MO,
MO,barry,Diocese of Springfield–Cape Girardeau,MO,
MO,barton,Diocese of Springfield–Cape Girardeau,MO,
MO,bates,Diocese of Kansas City–Saint Joseph,MO,
MO,benton,Diocese of Jefferson City,MO,
MO,bollinger,Diocese of Springfield–Cape Girardeau,MO,
MO,boone,Diocese of Jefferson City,MO,
MO,buchanan,Diocese of Kansas City–Saint Joseph,MO,
MO,butler,Diocese of Springfield–Cape Girardeau,MO,
MO,caldwell,Diocese of Kansas City–Saint Joseph,MO,
MO,callaway,Diocese of Jefferson City,MO,
MO,camden,Diocese of Jefferson City,MO,
MO,cape girardeau,Diocese of Springfield–Cape Girardeau,MO,
MO,carroll,Diocese of Kansas City–Saint Joseph,MO,
MO,carter,Diocese of Springfield–Cape Girardeau,MO,
MO,cass,Diocese of Kansas City–Saint Joseph,MO,
MO,cedar,Diocese of Springfield–Cape Girardeau,MO,
MO,chariton,Diocese of Jefferson City,MO,
MO,christian,Diocese of Springfield–Cape Girardeau,MO,
MO,clark,Diocese of Jefferson City,MO,
MO,clay,Diocese of Kansas City–Saint Joseph,MO,
MO,clinton,Diocese of Kansas City–Saint Joseph,MO,
MO,cole,Diocese of Jefferson City,MO,
MO,cooper,Diocese of Jefferson City,MO,
MO,crawford,Diocese of Jefferson City,MO,
MO,dade,Diocese of Springfield–Cape Girardeau,MO,
MO,dallas,Diocese of Springfield–Cape Girardeau,MO,
MO,daviess,Diocese of Kansas City–Saint Joseph,MO,
MO,dekalb,Diocese of Kansas City–Saint Joseph,MO,
MO,dent,Diocese of Springfield–Cape Girardeau,MO,
MO,douglas,Diocese of Springfield–Cape Girardeau,MO,
MO,dunklin,Diocese of Springfield–Cape Girardeau,MO,
MO,franklin,Archdiocese of St. Louis,MO,
MO,gasconade,Diocese of Jefferson City,MO,
MO,gentry,Diocese of Kansas City–Saint Joseph,MO,
MO,greene,Diocese of Springfield–Cape Girardeau,MO,
MO,grundy,Diocese of Kansas City–Saint Joseph,MO,
MO,harrison,Diocese of Kansas City–Saint Joseph,MO,
MO,henry,Diocese of Kansas City–Saint Joseph,MO,
MO,hickory,Diocese of Jefferson City,MO,
MO,holt,Diocese of Kansas City–Saint Joseph,MO,
MO,howard,Diocese of Jefferson City,MO,
MO,howell,Diocese of Springfield–Cape Girardeau,MO,
MO,iron,Diocese of Springfield–Cape Girardeau,MO,
MO,jackson,Diocese of Kansas City–Saint Joseph,MO,
MO,jasper,Diocese of Springfield–Cape Girardeau,MO,
MO,jefferson,Archdiocese of St. Louis,MO,
MO,johnson,Diocese of Kansas City–Saint Joseph,MO,
MO,knox,Diocese of Jefferson City,MO,
MO,laclede,Diocese of Springfield–Cape Girardeau,MO,
MO,lafayette,Diocese of Kansas City–Saint Joseph,MO,
MO,lawrence,Diocese of Springfield–Cape Girardeau,MO,
MO,lewis,Diocese of Jefferson City,MO,
MO,lincoln,Archdiocese of St. Louis,MO,
MO,linn,Diocese of Jefferson City,MO,
MO,livingston,Diocese of Kansas City–Saint Joseph,MO,
MO,macon,Diocese of Jefferson City,MO,
MO,madison,Diocese of Springfield–Cape Girardeau,MO,
MO,maries,Diocese of Jefferson City,MO,
MO,marion,Diocese of Jefferson City,MO,
MO,mcdonald,Diocese of Springfield–Cape Girardeau,MO,
MO,mercer,Diocese of Kansas City–Saint Joseph,MO,
MO,miller,Diocese of Jefferson City,MO,
MO,mississippi,Diocese of Springfield–Cape Girardeau,MO,
MO,moniteau,Diocese of Jefferson City,MO,
MO,monroe,Diocese of Jefferson City,MO,
MO,montgomery,Diocese of Jefferson City,MO,
MO,morgan,Diocese of Jefferson City,MO,
MO,new madrid,Diocese of Springfield–Cape Girardeau,MO,
MO,newton,Diocese of Springfield–Cape Girardeau,MO,
MO,nodaway,Diocese of Kansas City–Saint Joseph,MO,
MO,oregon,Diocese of Springfield–Cape Girardeau,MO,
MO,osage,Diocese of Jefferson City,MO,
MO,ozark,Diocese of Springfield–Cape Girardeau,MO,
MO,pemiscot,Diocese of Springfield–Cape Girardeau,MO,
MO,perry,Archdiocese of St. Louis,MO,
MO,pettis,Diocese of Jefferson City,MO,
MO,phelps,Diocese of Jefferson City,MO,
MO,pike,Diocese of Jefferson City,MO,
MO,platte,Diocese of Kansas City–Saint Joseph,MO,
MO,polk,Diocese of Springfield–Cape Girardeau,MO,
MO,pulaski,Diocese of Jefferson City,MO,
MO,putnam,Diocese of Jefferson City,MO,
MO,ralls,Diocese of Jefferson City,MO,
MO,randolph,Diocese of Jefferson City,MO,
MO,ray,Diocese of Kansas City–Saint Joseph,MO,
MO,reynolds,Diocese of Springfield–Cape Girardeau,MO,
MO,ripley,Diocese of Springfield–Cape Girardeau,MO,
MO,saline,Diocese of Jefferson City,MO,
MO,schuyler,Diocese of Jefferson City,MO,
MO,scotland,Diocese of Jefferson City,MO,
MO,scott,Diocese of Springfield–Cape Girardeau,MO,
MO,shannon,Diocese of Springfield–Cape Girardeau,MO,
MO,shelby,Diocese of Jefferson City,MO,
MO,st charles,Archdiocese of St. Louis,MO,
MO,st clair,Diocese of Kansas City–Saint Joseph,MO,
MO,st francois,Archdiocese of St. Louis,MO,
MO,st louis,Archdiocese of St. Louis,MO,
MO,st louis city,Archdiocese of St. Louis,MO,
MO,ste genevieve,Archdiocese of St. Louis,MO,
MO,stoddard,Diocese of Springfield–Cape Girardeau,MO,
MO,stone,Diocese of Springfield–Cape Girardeau,MO,
MO,sullivan,Diocese of Jefferson City,MO,
MO,taney,Diocese of Springfield–Cape Girardeau,MO,
MO,texas,Diocese of Springfield–Cape Girardeau,MO,
MO,vernon,Diocese of Kansas City–Saint Joseph,MO,
MO,warren,Archdiocese of St. Louis,MO,
MO,washington,Archdiocese of St. Louis,MO,
MO,wayne,Diocese of Springfield–Cape Girardeau,MO,
MO,webster,Diocese of Springfield–Cape Girardeau,MO,
MO,worth,Diocese of Kansas City–Saint Joseph,MO,
MO,wright,Diocese of Springfield–Cape Girardeau,MO,
MS,adams,Diocese of Jackson,MS,
MS,alcorn,Diocese of Jackson,MS,
MS,amite,Diocese of Jackson,MS,
MS,attala,Diocese of Jackson,MS,
MS,benton,Diocese of Jackson,MS,
MS,bolivar,Diocese of Jackson,MS,
MS,calhoun,Diocese of Jackson,MS,
MS,carroll,Diocese of Jackson,MS,
MS,chickasaw,Diocese of Jackson,MS,
MS,choctaw,Diocese of Jackson,MS,
MS,claiborne,Diocese of Jackson,MS,
MS,clarke,Diocese of Jackson,MS,
MS,clay,Diocese of Jackson,MS,
MS,coahoma,Diocese of Jackson,MS,
MS,copiah,Diocese of Jackson,MS,
MS,covington,Diocese of Biloxi,MS,
MS,desoto,Diocese of Jackson,MS,
MS,forrest,Diocese of Biloxi,MS,
MS,franklin,Diocese of Jackson,MS,
MS,george,Diocese of Biloxi,MS,
MS,greene,Diocese of Biloxi,MS,
MS,grenada,Diocese of Jackson,MS,
MS,hancock,Diocese of Biloxi,MS,
MS,harrison,Diocese of Biloxi,MS,
MS,hinds,Diocese of Jackson,MS,
MS,holmes,Diocese of Jackson,MS,
MS,humphreys,Diocese of Jackson,MS,
MS,issaquena,Diocese of Jackson,MS,
MS,itawamba,Diocese of Jackson,MS,
MS,jackson,Diocese of Biloxi,MS,
MS,jasper,Diocese of Jackson,MS,
MS,jefferson,Diocese of Jackson,MS,
MS,jefferson davis,Diocese of Biloxi,MS,
MS,jones,Diocese of Biloxi,MS,
MS,kemper,Diocese of Jackson,MS,
MS,lafayette,Diocese of Jackson,MS,
MS,lamar,Diocese of Biloxi,MS,
MS,lauderdale,Diocese of Jackson,MS,
MS,lawrence,Diocese of Biloxi,MS,
MS,leake,Diocese of Jackson,MS,
MS,lee,Diocese of Jackson,MS,
MS,leflore,Diocese of Jackson,MS,
MS,lincoln,Diocese of Jackson,MS,
MS,lowndes,Diocese of Jackson,MS,
MS,madison,Diocese of Jackson,MS,
MS,marion,Diocese of Biloxi,MS,
MS,marshall,Diocese of Jackson,MS,
MS,monroe,Diocese of Jackson,MS,
MS,montgomery,Diocese of Jackson,MS,
MS,neshoba,Diocese of Jackson,MS,
MS,newton,Diocese of Jackson,MS,
MS,noxubee,Diocese of Jackson,MS,
MS,oktibbeha,Diocese of Jackson,MS,
MS,panola,Diocese of Jackson,MS,
MS,pearl river,Diocese of Biloxi,MS,
MS,perry,Diocese of Biloxi,MS,
MS,pike,Diocese of Jackson,MS,
MS,pontotoc,Diocese of Jackson,MS,
MS,prentiss,Diocese of Jackson,MS,
MS,quitman,Diocese of Jackson,MS,
MS,rankin,Diocese of Jackson,MS,
MS,scott,Diocese of Jackson,MS,
MS,sharkey,Diocese of Jackson,MS,
MS,simpson,Diocese of Jackson,MS,
MS,smith,Diocese of Jackson,MS,
MS,stone,Diocese of Biloxi,MS,
MS,sunflower,Diocese of Jackson,MS,
MS,tallahatchie,Diocese of Jackson,MS,
MS,tate,Diocese of Jackson,MS,
MS,tippah,Diocese of Jackson,MS,
MS,tishomingo,Diocese of Jackson,MS,
MS,tunica,Diocese of Jackson,MS,
MS,union,Diocese of Jackson,MS,
MS,walthall,Diocese of Biloxi,MS,
MS,warren,Diocese of Jackson,MS,
MS,washington,Diocese of Jackson,MS,
MS,wayne,Diocese of Biloxi,MS,
MS,webster,Diocese of Jackson,MS,
MS,wilkinson,Diocese of Jackson,MS,
MS,winston,Diocese of Jackson,MS,
MS,yalobusha,Diocese of Jackson,MS,
MS,yazoo,Diocese of Jackson,MS,
MT,beaverhead,Diocese of Helena,MT,
MT,big horn,Diocese of Great Falls–Billings,MT,
MT,blaine,Diocese of Great Falls–Billings,MT,
MT,broadwater,Diocese of Helena,MT,
MT,carbon,Diocese of Great Falls–Billings,MT,
MT,carter,Diocese of Great Falls–Billings,MT,
MT,cascade,Diocese of Great Falls–Billings,MT,
MT,chouteau,Diocese of Great Falls–Billings,MT,
MT,custer,Diocese of Great Falls–Billings,MT,
MT,daniels,Diocese of Great Falls–Billings,MT,
MT,dawson,Diocese of Great Falls–Billings,MT,
MT,deer lodge,Diocese of Helena,MT,
MT,fallon,Diocese of Great Falls–Billings,MT,
MT,fergus,Diocese of Great Falls–Billings,MT,
MT,flathead,Diocese of Helena,MT,
MT,gallatin,Diocese of Helena,MT,Diocese of Cheyenne
MT,garfield,Diocese of Great Falls–Billings,MT,
MT,glacier,Diocese of Helena,MT,
MT,golden valley,Diocese of Great Falls–Billings,MT,
MT,granite,Diocese of Helena,MT,
MT,hill,Diocese of Great Falls–Billings,MT,
MT,jefferson,Diocese of Helena,MT,
MT,judith basin,Diocese of Great Falls–Billings,MT,
MT,lake,Diocese of Helena,MT,
MT,lewis and clark,Diocese of Helena,MT,
MT,liberty,Diocese of Great Falls–Billings,MT,
MT,lincoln,Diocese of Helena,MT,
MT,madison,Diocese of Helena,MT,
MT,mccone,Diocese of Great Falls–Billings,MT,
MT,meagher,Diocese of Helena,MT,
MT,mineral,Diocese of Helena,MT,
MT,missoula,Diocese of Helena,MT,
MT,musselshell,Diocese of Great Falls–Billings,MT,
MT,park,Diocese of Great Falls–Billings,MT,Diocese of Cheyenne
MT,petroleum,Diocese of Great Falls–Billings,MT,
MT,phillips,Diocese of Great Falls–Billings,MT,
MT,pondera,Diocese of Helena,MT,
MT,powder river,Diocese of Great Falls–Billings,MT,
MT,powell,Diocese of Helena,MT,
MT,prairie,Diocese of Great Falls–Billings,MT,
MT,ravalli,Diocese of Helena,MT,
MT,richland,Diocese of Great Falls–Billings,MT,
MT,roosevelt,Diocese of Great Falls–Billings,MT,
MT,rosebud,Diocese of Great Falls–Billings,MT,
MT,sanders,Diocese of Helena,MT,
MT,sheridan,Diocese of Great Falls–Billings,MT,
MT,silver bow,Diocese of Helena,MT,
MT,stillwater,Diocese of Great Falls–Billings,MT,
MT,sweet grass,Diocese of Great Falls–Billings,MT,
MT,teton,Diocese of Helena,MT,Diocese of Great Falls–Billings
MT,toole,Diocese of Helena,MT,Diocese of Great Falls–Billings
MT,treasure,Diocese of Great Falls–Billings,MT,
MT,valley,Diocese of Great Falls–Billings,MT,
MT,wheatland,Diocese of Helena,MT,
MT,wibaux,Diocese of Great Falls–Billings,MT,
MT,yellowstone,Diocese of Great Falls–Billings,MT,
NC,alamance,Diocese of Raleigh,NC,
NC,alexander,Diocese of Charlotte,NC,
NC,alleghany,Diocese of Charlotte,NC,
NC,anson,Diocese of Charlotte,NC,
NC,ashe,Diocese of Charlotte,NC,
NC,avery,Diocese of Charlotte,NC,
NC,beaufort,Diocese of Raleigh,NC,
NC,bertie,Diocese of Raleigh,NC,
NC,bladen,Diocese of Raleigh,NC,
NC,brunswick,Diocese of Raleigh,NC,
NC,buncombe,Diocese of Charlotte,NC,
NC,burke,Diocese of Charlotte,NC,
NC,cabarrus,Diocese of Charlotte,NC,
NC,caldwell,Diocese of Charlotte,NC,
NC,camden,Diocese of Raleigh,NC,
NC,carteret,Diocese of Raleigh,NC,
NC,caswell,Diocese of Raleigh,NC,
NC,catawba,Diocese of Charlotte,NC,
NC,chatham,Diocese of Raleigh,NC,
NC,cherokee,Diocese of Charlotte,NC,
NC,chowan,Diocese of Raleigh,NC,
NC,clay,Diocese of Charlotte,NC,
NC,cleveland,Diocese of Charlotte,NC,
NC,columbus,Diocese of Raleigh,NC,
NC,craven,Diocese of Raleigh,NC,
NC,cumberland,Diocese of Raleigh,NC,
NC,currituck,Diocese of Raleigh,NC,
NC,dare,Diocese of Raleigh,NC,
NC,davidson,Diocese of Charlotte,NC,
NC,davie,Diocese of Charlotte,NC,
NC,duplin,Diocese of Raleigh,NC,
NC,durham,Diocese of Raleigh,NC,
NC,edgecombe,Diocese of Raleigh,NC,
NC,forsyth,Diocese of Charlotte,NC,
NC,franklin,Diocese of Raleigh,NC,
NC,gaston,Diocese of Charlotte,NC,
NC,gates,Diocese of Raleigh,NC,
NC,graham,Diocese of Charlotte,NC,
NC,granville,Diocese of Raleigh,NC,
NC,greene,Diocese of Raleigh,NC,
NC,guilford,Diocese of Charlotte,NC,
NC,halifax,Diocese of Raleigh,NC,
NC,harnett,Diocese of Raleigh,NC,
NC,haywood,Diocese of Charlotte,NC,
NC,henderson,Diocese of Charlotte,NC,
NC,hertford,Diocese of Raleigh,NC,
NC,hoke,Diocese of Raleigh,NC,
NC,hyde,Diocese of Raleigh,NC,
NC,iredell,Diocese of Charlotte,NC,
NC,jackson,Diocese of Charlotte,NC,
NC,johnston,Diocese of Raleigh,NC,
NC,jones,Diocese of Raleigh,NC,
NC,lee,Diocese of Raleigh,NC,
NC,lenoir,Diocese of Raleigh,NC,
NC,lincoln,Diocese of Charlotte,NC,
NC,macon,Diocese of Charlotte,NC,
NC,madison,Diocese of Charlotte,NC,
NC,martin,Diocese of Raleigh,NC,
NC,mcdowell,Diocese of Charlotte,NC,
NC,mecklenburg,Diocese of Charlotte,NC,
NC,mitchell,Diocese of Charlotte,NC,
NC,montgomery,Diocese of Charlotte,NC,
NC,moore,Diocese of Raleigh,NC,
NC,nash,Diocese of Raleigh,NC,
NC,new hanover,Diocese of Raleigh,NC,
NC,northampton,Diocese of Raleigh,NC,
NC,onslow,Diocese of Raleigh,NC,
NC,orange,Diocese of Raleigh,NC,
NC,pamlico,Diocese of Raleigh,NC,
NC,pasquotank,Diocese of Raleigh,NC,
NC,pender,Diocese of Raleigh,NC,
NC,perquimans,Diocese of Raleigh,NC,
NC,person,Diocese of Raleigh,NC,
NC,pitt,Diocese of Raleigh,NC,
NC,polk,Diocese of Charlotte,NC,
NC,randolph,Diocese of Charlotte,NC,
NC,richmond,Diocese of Charlotte,NC,
NC,robeson,Diocese of Raleigh,NC,
NC,rockingham,Diocese of Charlotte,NC,
NC,rowan,Diocese of Charlotte,NC,
NC,rutherford,Diocese of Charlotte,NC,
NC,sampson,Diocese of Raleigh,NC,
NC,scotland,Diocese of Raleigh,NC,
NC,stanly,Diocese of Charlotte,NC,
NC,stokes,Diocese of Charlotte,NC,
NC,surry,Diocese of Charlotte,NC,
NC,swain,Diocese of Charlotte,NC,
NC,transylvania,Diocese of Charlotte,NC,
NC,tyrrell,Diocese of Raleigh,NC,
NC,union,Diocese of Charlotte,NC,
NC,vance,Diocese of Raleigh,NC,
NC,wake,Diocese of Raleigh,NC,
NC,warren,Diocese of Raleigh,NC,
NC,washington,Diocese of Raleigh,NC,
NC,watauga,Diocese of Charlotte,NC,
NC,wayne,Diocese of Raleigh,NC,
NC,wilkes,Diocese of Charlotte,NC,
NC,wilson,Diocese of Raleigh,NC,
NC,yadkin,Diocese of Charlotte,NC,
NC,yancey,Diocese of Charlotte,NC,
ND,adams,Diocese of Bismarck,ND,
ND,barnes,Diocese of Fargo,ND,
ND,benson,Diocese of Fargo,ND,
ND,billings,Diocese of Bismarck,ND,
ND,bottineau,Diocese of Fargo,ND,Diocese of Bismarck
ND,bowman,Diocese of Bismarck,ND,
ND,burke,Diocese of Bismarck,ND,
ND,burleigh,Diocese of Bismarck,ND,
ND,cass,Diocese of Fargo,ND,
ND,cavalier,Diocese of Fargo,ND,
ND,dickey,Diocese of Fargo,ND,
ND,divide,Diocese of Bismarck,ND,
ND,dunn,Diocese of Bismarck,ND,
ND,eddy,Diocese of Fargo,ND,
ND,emmons,Diocese of Bismarck,ND,
ND,foster,Diocese of Fargo,ND,
ND,golden valley,Diocese of Bismarck,ND,
ND,grand forks,Diocese of Fargo,ND,
ND,grant,Diocese of Bismarck,ND,
ND,griggs,Diocese of Fargo,ND,
ND,hettinger,Diocese of Bismarck,ND,
ND,kidder,Diocese of Fargo,ND,
ND,lamoure,Diocese of Fargo,ND,
ND,logan,Diocese of Fargo,ND,
ND,mchenry,Diocese of Fargo,ND,
ND,mcintosh,Diocese of Fargo,ND,
ND,mckenzie,Diocese of Bismarck,ND,
ND,mclean,Diocese of Bismarck,ND,
ND,mercer,Diocese of Bismarck,ND,
ND,morton,Diocese of Bismarck,ND,
ND,mountrail,Diocese of Bismarck,ND,
ND,nelson,Diocese of Fargo,ND,
ND,oliver,Diocese of Bismarck,ND,
ND,pembina,Diocese of Fargo,ND,
ND,pierce,Diocese of Fargo,ND,
ND,ramsey,Diocese of Fargo,ND,
ND,ransom,Diocese of Fargo,ND,
ND,renville,Diocese of Bismarck,ND,
ND,richland,Diocese of Fargo,ND,
ND,rolette,Diocese of Fargo,ND,
ND,sargent,Diocese of Fargo,ND,
ND,sheridan,Diocese of Fargo,ND,
ND,sioux,Diocese of Bismarck,ND,
ND,slope,Diocese of Bismarck,ND,
ND,stark,Diocese of Bismarck,ND,
ND,steele,Diocese of Fargo,ND,
ND,stutsman,Diocese of Fargo,ND,
ND,towner,Diocese of Fargo,ND,
ND,traill,Diocese of Fargo,ND,
ND,walsh,Diocese of Fargo,ND,
ND,ward,Diocese of Bismarck,ND,
ND,wells,Diocese of Fargo,ND,
ND,williams,Diocese of Bismarck,ND,
NE,adams,Diocese of Lincoln,NE,
NE,antelope,Archdiocese of Omaha,NE,
NE,arthur,Diocese of Grand Island,NE,
NE,banner,Diocese of Grand Island,NE,
NE,blaine,Diocese of Grand Island,NE,
NE,boone,Archdiocese of Omaha,NE,
NE,box butte,Diocese of Grand Island,NE,
NE,boyd,Archdiocese of Omaha,NE,
NE,brown,Diocese of Grand Island,NE,
NE,buffalo,Diocese of Grand Island,NE,
NE,burt,Archdiocese of Omaha,NE,
NE,butler,Diocese of Lincoln,NE,
NE,cass,Diocese of Lincoln,NE,
NE,cedar,Archdiocese of Omaha,NE,
NE,chase,Diocese of Lincoln,NE,
NE,cherry,Diocese of Grand Island,NE,
NE,cheyenne,Diocese of Grand Island,NE,
NE,clay,Diocese of Lincoln,NE,
NE,colfax,Archdiocese of Omaha,NE,
NE,cuming,Archdiocese of Omaha,NE,
NE,custer,Diocese of Grand Island,NE,
NE,dakota,Archdiocese of Omaha,NE,
NE,dawes,Diocese of Grand Island,NE,
NE,dawson,Diocese of Grand Island,NE,Diocese of Lincoln
NE,deuel,Diocese of Grand Island,NE,Diocese of Lincoln
NE,dixon,Archdiocese of Omaha,NE,
NE,dodge,Archdiocese of Omaha,NE,
NE,douglas,Archdiocese of Omaha,NE,
NE,dundy,Diocese of Lincoln,NE,
NE,fillmore,Diocese of Lincoln,NE,
NE,franklin,Diocese of Lincoln,NE,
NE,frontier,Diocese of Lincoln,NE,
NE,furnas,Diocese of Lincoln,NE,
NE,gage,Diocese of Lincoln,NE,
NE,garden,Diocese of Grand Island,NE,
NE,garfield,Diocese of Grand Island,NE,
NE,gosper,Diocese of Lincoln,NE,
NE,grant,Diocese of Grand Island,NE,
NE,greeley,Diocese of Grand Island,NE,
NE,hall,Diocese of Grand Island,NE,Diocese of Lincoln
NE,hamilton,Diocese of Lincoln,NE,
NE,harlan,Diocese of Lincoln,NE,
NE,hayes,Diocese of Lincoln,NE,
NE,hitchcock,Diocese of Lincoln,NE,
NE,holt,Archdiocese of Omaha,NE,
NE,hooker,Diocese of Grand Island,NE,
NE,howard,Diocese of Grand Island,NE,
NE,jefferson,Diocese of Lincoln,NE,
NE,johnson,Diocese of Lincoln,NE,
NE,kearney,Diocese of Lincoln,NE,
NE,keith,Diocese of Grand Island,NE,Diocese of Lincoln
NE,keya paha,Diocese of Grand Island,NE,
NE,kimball,Diocese of Grand Island,NE,
NE,knox,Archdiocese of Omaha,NE,
NE,lancaster,Diocese of Lincoln,NE,
NE,lincoln,Diocese of Lincoln,NE,Diocese of Grand Island
NE,logan,Diocese of Grand Island,NE,
NE,loup,Diocese of Grand Island,NE,
NE,madison,Archdiocese of Omaha,NE,
NE,mcpherson,Diocese of Grand Island,NE,
NE,merrick,Archdiocese of Omaha,NE,
NE,morrill,Diocese of Grand Island,NE,
NE,nance,Archdiocese of Omaha,NE,
NE,nemaha,Diocese of Lincoln,NE,
NE,nuckolls,Diocese of Lincoln,NE,
NE,otoe,Diocese of Lincoln,NE,
NE,pawnee,Diocese of Lincoln,NE,
NE,perkins,Diocese of Lincoln,NE,
NE,phelps,Diocese of Lincoln,NE,
NE,pierce,Archdiocese of Omaha,NE,
NE,platte,Archdiocese of Omaha,NE,
NE,polk,Diocese of Lincoln,NE,
NE,red willow,Diocese of Lincoln,NE,
NE,richardson,Diocese of Lincoln,NE,
NE,rock,Diocese of Grand Island,NE,
NE,saline,Diocese of Lincoln,NE,
NE,sarpy,Archdiocese of Omaha,NE,
NE,saunders,Diocese of Lincoln,NE,
NE,scotts bluff,Diocese of Grand Island,NE,
NE,seward,Diocese of Lincoln,NE,
NE,sheridan,Diocese of Grand Island,NE,
NE,sherman,Diocese of Grand Island,NE,
NE,sioux,Diocese of Grand Island,NE,
NE,stanton,Archdiocese of Omaha,NE,
NE,thayer,Diocese of Lincoln,NE,
NE,thomas,Diocese of Grand Island,NE,
NE,thurston,Archdiocese of Omaha,NE,
NE,valley,Diocese of Grand Island,NE,
NE,washington,Archdiocese of Omaha,NE,
NE,wayne,Archdiocese of Omaha,NE,
NE,webster,Diocese of Lincoln,NE,
NE,wheeler,Diocese of Grand Island,NE,
NE,york,Diocese of Lincoln,NE,
NH,belknap,Diocese of Manchester,NH,
NH,carroll,Diocese of Manchester,NH,
NH,cheshire,Diocese of Manchester,NH,
NH,coos,Diocese of Manchester,NH,
NH,grafton,Diocese of Manchester,NH,
NH,hillsborough,Diocese of Manchester,NH,
NH,merrimack,Diocese of Manchester,NH,
NH,rockingham,Diocese of Manchester,NH,
NH,strafford,Diocese of Manchester,NH,
NH,sullivan,Diocese of Manchester,NH,
NJ,atlantic,Diocese of Camden,NJ,
NJ,bergen,Archdiocese of Newark,NJ,
NJ,burlington,Diocese of Trenton,NJ,
NJ,camden,Diocese of Camden,NJ,
NJ,cape may,Diocese of Camden,NJ,
NJ,cumberland,Diocese of Camden,NJ,
NJ,essex,Archdiocese of Newark,NJ,
NJ,gloucester,Diocese of Camden,NJ,
NJ,hudson,Archdiocese of Newark,NJ,
NJ,hunterdon,Diocese of Metuchen,NJ,
NJ,mercer,Diocese of Trenton,NJ,
NJ,middlesex,Diocese of Metuchen,NJ,
NJ,monmouth,Diocese of Trenton,NJ,
NJ,morris,Diocese of Paterson,NJ,
NJ,ocean,Diocese of Trenton,NJ,
NJ,passaic,Diocese of Paterson,NJ,
NJ,salem,Diocese of Camden,NJ,
NJ,somerset,Diocese of Metuchen,NJ,
NJ,sussex,Diocese of Paterson,NJ,
NJ,union,Archdiocese of Newark,NJ,
NJ,warren,Diocese of Metuchen,NJ,
NM,bernalillo,Archdiocese of Santa Fe,NM,Diocese of Gallup
NM,catron,Diocese of Gallup,NM,
NM,chaves,Diocese of Las Cruces,NM,
NM,cibola,Diocese of Gallup,NM,
NM,colfax,Archdiocese of Santa Fe,NM,
NM,curry,Archdiocese of Santa Fe,NM,
NM,de baca,Archdiocese of Santa Fe,NM,
NM,dona ana,Diocese of Las Cruces,NM,
NM,eddy,Diocese of Las Cruces,NM,
NM,grant,Diocese of Las Cruces,NM,
NM,guadalupe,Archdiocese of Santa Fe,NM,
NM,harding,Archdiocese of Santa Fe,NM,
NM,hidalgo,Diocese of Las Cruces,NM,
NM,lea,Diocese of Las Cruces,NM,
NM,lincoln,Diocese of Las Cruces,NM,
NM,los alamos,Archdiocese of Santa Fe,NM,
NM,luna,Diocese of Las Cruces,NM,
NM,mckinley,Diocese of Gallup,NM,
NM,mora,Archdiocese of Santa Fe,NM,
NM,otero,Diocese of Las Cruces,NM,
NM,quay,Archdiocese of Santa Fe,NM,
NM,rio arriba,Archdiocese of Santa Fe,NM,Diocese of Gallup
NM,roosevelt,Archdiocese of Santa Fe,NM,
NM,san juan,Diocese of Gallup,NM,
NM,san miguel,Archdiocese of Santa Fe,NM,
NM,sandoval,Archdiocese of Santa Fe,NM,Diocese of Gallup
NM,santa fe,Archdiocese of Santa Fe,NM,
NM,sierra,Diocese of Las Cruces,NM,
NM,socorro,Archdiocese of Santa Fe,NM,
NM,taos,Archdiocese of Santa Fe,NM,
NM,torrance,Archdiocese of Santa Fe,NM,
NM,union,Archdiocese of Santa Fe,NM,
NM,valencia,Archdiocese of Santa Fe,NM,Diocese of Gallup
NV,carson city,Diocese of Reno,NV,
NV,churchill,Diocese of Reno,NV,
NV,clark,Archdiocese of Las Vegas,NV,
NV,douglas,Diocese of Reno,NV,
NV,elko,Diocese of Reno,NV,
NV,esmeralda,Archdiocese of Las Vegas,NV,
NV,eureka,Diocese of Reno,NV,
NV,humboldt,Diocese of Reno,NV,
NV,lander,Diocese of Reno,NV,
NV,lincoln,Archdiocese of Las Vegas,NV,
NV,lyon,Diocese of Reno,NV,
NV,mineral,Diocese of Reno,NV,
NV,nye,Archdiocese of Las Vegas,NV,
NV,pershing,Diocese of Reno,NV,
NV,storey,Diocese of Reno,NV,
NV,washoe,Diocese of Reno,NV,
NV,white pine,Archdiocese of Las Vegas,NV,
NY,albany,Diocese of Albany,NY,
NY,allegany,Diocese of Buffalo,NY,
NY,bronx,Archdiocese of New York,NY,
NY,broome,Diocese of Syracuse,NY,
NY,cattaraugus,Diocese of Buffalo,NY,
NY,cayuga,Diocese of Rochester,NY,
NY,chautauqua,Diocese of Buffalo,NY,
NY,chemung,Diocese of Rochester,NY,
NY,chenango,Diocese of Syracuse,NY,
NY,clinton,Diocese of Ogdensburg,NY,
NY,columbia,Diocese of Albany,NY,
NY,cortland,Diocese of Syracuse,NY,
NY,delaware,Diocese of Albany,NY,
NY,dutchess,Archdiocese of New York,NY,
NY,erie,Diocese of Buffalo,NY,
NY,essex,Diocese of Ogdensburg,NY,
NY,franklin,Diocese of Ogdensburg,NY,
NY,fulton,Diocese of Albany,NY,
NY,genesee,Diocese of Buffalo,NY,
NY,greene,Diocese of Albany,NY,
NY,hamilton,Diocese of Ogdensburg,NY,Diocese of Albany
NY,herkimer,Diocese of Albany,NY,Diocese of Ogdensburg
NY,jefferson,Diocese of Ogdensburg,NY,
NY,kings,Diocese of Brooklyn,NY,
NY,lewis,Diocese of Ogdensburg,NY,
NY,livingston,Diocese of Rochester,NY,
NY,madison,Diocese of Syracuse,NY,
NY,monroe,Diocese of Rochester,NY,
NY,montgomery,Diocese of Albany,NY,
NY,nassau,Diocese of Rockville Centre,NY,
NY,new york,Archdiocese of New York,NY,
NY,niagara,Diocese of Buffalo,NY,
NY,oneida,Diocese of Syracuse,NY,
NY,onondaga,Diocese of Syracuse,NY,
NY,ontario,Diocese of Rochester,NY,
NY,orange,Archdiocese of New York,NY,
NY,orleans,Diocese of Buffalo,NY,
NY,oswego,Diocese of Syracuse,NY,
NY,otsego,Diocese of Albany,NY,
NY,putnam,Archdiocese of New York,NY,
NY,queens,Diocese of Brooklyn,NY,
NY,rensselaer,Diocese of Albany,NY,
NY,richmond,Archdiocese of New York,NY,
NY,rockland,Archdiocese of New York,NY,
NY,saratoga,Diocese of Albany,NY,
NY,schenectady,Diocese of Albany,NY,
NY,schoharie,Diocese of Albany,NY,
NY,schuyler,Diocese of Rochester,NY,
NY,seneca,Diocese of Rochester,NY,
NY,st lawrence,Diocese of Ogdensburg,NY,
NY,steuben,Diocese of Rochester,NY,
NY,suffolk,Diocese of Rockville Centre,NY,Archdiocese of Hartford
NY,sullivan,Archdiocese of New York,NY,
NY,tioga,Diocese of Rochester,NY,
NY,tompkins,Diocese of Rochester,NY,
NY,ulster,Archdiocese of New York,NY,
NY,warren,Diocese of Albany,NY,
NY,washington,Diocese of Albany,NY,
NY,wayne,Diocese of Rochester,NY,
NY,westchester,Archdiocese of New York,NY,
NY,wyoming,Diocese of Buffalo,NY,
NY,yates,Diocese of Rochester,NY,
OH,adams,Archdiocese of Cincinnati,OH,
OH,allen,Diocese of Toledo in Ohio,OH,
OH,ashland,Diocese of Cleveland,OH,
OH,ashtabula,Diocese of Youngstown,OH,
OH,athens,Diocese of Steubenville,OH,
OH,auglaize,Archdiocese of Cincinnati,OH,
OH,belmont,Diocese of Steubenville,OH,
OH,brown,Archdiocese of Cincinnati,OH,
OH,butler,Archdiocese of Cincinnati,OH,
OH,carroll,Diocese of Steubenville,OH,
OH,champaign,Archdiocese of Cincinnati,OH,
OH,clark,Archdiocese of Cincinnati,OH,
OH,clermont,Archdiocese of Cincinnati,OH,
OH,clinton,Archdiocese of Cincinnati,OH,
OH,columbiana,Diocese of Youngstown,OH,
OH,coshocton,Diocese of Columbus,OH,
OH,crawford,Diocese of Toledo in Ohio,OH,
OH,cuyahoga,Diocese of Cleveland,OH,
OH,darke,Archdiocese of Cincinnati,OH,
OH,defiance,Diocese of Toledo in Ohio,OH,
OH,delaware,Diocese of Columbus,OH,
OH,erie,Diocese of Toledo in Ohio,OH,
OH,fairfield,Diocese of Columbus,OH,
OH,fayette,Diocese of Columbus,OH,
OH,franklin,Diocese of Columbus,OH,
OH,fulton,Diocese of Toledo in Ohio,OH,
OH,gallia,Diocese of Steubenville,OH,
OH,geauga,Diocese of Cleveland,OH,
OH,greene,Archdiocese of Cincinnati,OH,
OH,guernsey,Diocese of Steubenville,OH,
OH,hamilton,Archdiocese of Cincinnati,OH,
OH,hancock,Diocese of Toledo in Ohio,OH,
OH,hardin,Diocese of Columbus,OH,
OH,harrison,Diocese of Steubenville,OH,
OH,henry,Diocese of Toledo in Ohio,OH,
OH,highland,Archdiocese of Cincinnati,OH,
OH,hocking,Diocese of Columbus,OH,
OH,holmes,Diocese of Columbus,OH,
OH,huron,Diocese of Toledo in Ohio,OH,
OH,jackson,Diocese of Columbus,OH,
OH,jefferson,Diocese of Steubenville,OH,
OH,knox,Diocese of Columbus,OH,
OH,lake,Diocese of Cleveland,OH,
OH,lawrence,Diocese of Steubenville,OH,
OH,licking,Diocese of Columbus,OH,
OH,logan,Archdiocese of Cincinnati,OH,
OH,lorain,Diocese of Cleveland,OH,
OH,lucas,Diocese of Toledo in Ohio,OH,
OH,madison,Diocese of Columbus,OH,
OH,mahoning,Diocese of Youngstown,OH,
OH,marion,Diocese of Columbus,OH,
OH,medina,Diocese of Cleveland,OH,
OH,meigs,Diocese of Steubenville,OH,
OH,mercer,Archdiocese of Cincinnati,OH,
OH,miami,Archdiocese of Cincinnati,OH,
OH,monroe,Diocese of Steubenville,OH,
OH,montgomery,Archdiocese of Cincinnati,OH,
OH,morgan,Diocese of Steubenville,OH,
OH,morrow,Diocese of Columbus,OH,
OH,muskingum,Diocese of Columbus,OH,
OH,noble,Diocese of Steubenville,OH,
OH,ottawa,Diocese of Toledo in Ohio,OH,
OH,paulding,Diocese of Toledo in Ohio,OH,
OH,perry,Diocese of Columbus,OH,
OH,pickaway,Diocese of Columbus,OH,
OH,pike,Diocese of Columbus,OH,
OH,portage,Diocese of Youngstown,OH,
OH,preble,Archdiocese of Cincinnati,OH,
OH,putnam,Diocese of Toledo in Ohio,OH,
OH,richland,Diocese of Toledo in Ohio,OH,
OH,ross,Diocese of Columbus,OH,
OH,sandusky,Diocese of Toledo in Ohio,OH,
OH,scioto,Diocese of Columbus,OH,
OH,seneca,Diocese of Toledo in Ohio,OH,
OH,shelby,Archdiocese of Cincinnati,OH,
OH,stark,Diocese of Youngstown,OH,
OH,summit,Diocese of Cleveland,OH,
OH,trumbull,Diocese of Youngstown,OH,
OH,tuscarawas,Diocese of Columbus,OH,
OH,union,Diocese of Columbus,OH,
OH,van wert,Diocese of Toledo in Ohio,OH,
OH,vinton,Diocese of Columbus,OH,
OH,warren,Archdiocese of Cincinnati,OH,
OH,washington,Diocese of Steubenville,OH,
OH,wayne,Diocese of Cleveland,OH,
OH,williams,Diocese of Toledo in Ohio,OH,
OH,wood,Diocese of Toledo in Ohio,OH,
OH,wyandot,Diocese of Toledo in Ohio,OH,
OK,adair,Diocese of Tulsa,OK,
OK,alfalfa,Archdiocese of Oklahoma City,OK,
OK,atoka,Diocese of Tulsa,OK,
OK,beaver,Archdiocese of Oklahoma City,OK,
OK,beckham,Archdiocese of Oklahoma City,OK,
OK,blaine,Archdiocese of Oklahoma City,OK,
OK,bryan,Diocese of Tulsa,OK,
OK,caddo,Archdiocese of Oklahoma City,OK,
OK,canadian,Archdiocese of Oklahoma City,OK,
OK,carter,Archdiocese of Oklahoma City,OK,
OK,cherokee,Diocese of Tulsa,OK,
OK,choctaw,Diocese of Tulsa,OK,
OK,cimarron,Archdiocese of Oklahoma City,OK,
OK,cleveland,Archdiocese of Oklahoma City,OK,
OK,coal,Diocese of Tulsa,OK,
OK,comanche,Archdiocese of Oklahoma City,OK,
OK,cotton,Archdiocese of Oklahoma City,OK,
OK,craig,Diocese of Tulsa,OK,
OK,creek,Diocese of Tulsa,OK,
OK,custer,Archdiocese of Oklahoma City,OK,
OK,delaware,Diocese of Tulsa,OK,
OK,dewey,Archdiocese of Oklahoma City,OK,
OK,ellis,Archdiocese of Oklahoma City,OK,
OK,garfield,Archdiocese of Oklahoma City,OK,
OK,garvin,Archdiocese of Oklahoma City,OK,
OK,grady,Archdiocese of Oklahoma City,OK,
OK,grant,Archdiocese of Oklahoma City,OK,
OK,greer,Archdiocese of Oklahoma City,OK,
OK,harmon,Archdiocese of Oklahoma City,OK,
OK,harper,Archdiocese of Oklahoma City,OK,
OK,haskell,Diocese of Tulsa,OK,
OK,hughes,Diocese of Tulsa,OK,
OK,jackson,Archdiocese of Oklahoma City,OK,
OK,jefferson,Archdiocese of Oklahoma City,OK,
OK,johnston,Archdiocese of Oklahoma City,OK,
OK,kay,Archdiocese of Oklahoma City,OK,
OK,kingfisher,Archdiocese of Oklahoma City,OK,
OK,kiowa,Archdiocese of Oklahoma City,OK,
OK,latimer,Diocese of Tulsa,OK,
OK,le flore,Diocese of Tulsa,OK,
OK,lincoln,Archdiocese of Oklahoma City,OK,
OK,logan,Archdiocese of Oklahoma City,OK,
OK,love,Archdiocese of Oklahoma City,OK,
OK,major,Archdiocese of Oklahoma City,OK,
OK,marshall,Archdiocese of Oklahoma City,OK,
OK,mayes,Diocese of Tulsa,OK,
OK,mcclain,Archdiocese of Oklahoma City,OK,
OK,mccurtain,Diocese of Tulsa,OK,
OK,mcintosh,Diocese of Tulsa,OK,
OK,murray,Archdiocese of Oklahoma City,OK,
OK,muskogee,Diocese of Tulsa,OK,
OK,noble,Archdiocese of Oklahoma City,OK,
OK,nowata,Diocese of Tulsa,OK,
OK,okfuskee,Diocese of Tulsa,OK,
OK,oklahoma,Archdiocese of Oklahoma City,OK,
OK,okmulgee,Diocese of Tulsa,OK,
OK,osage,Diocese of Tulsa,OK,
OK,ottawa,Diocese of Tulsa,OK,
OK,pawnee,Diocese of Tulsa,OK,
OK,payne,Diocese of Tulsa,OK,
OK,pittsburg,Diocese of Tulsa,OK,
OK,pontotoc,Archdiocese of Oklahoma City,OK,
OK,pottawatomie,Archdiocese of Oklahoma City,OK,
OK,pushmataha,Diocese of Tulsa,OK,
OK,roger mills,Archdiocese of Oklahoma City,OK,
OK,rogers,Diocese of Tulsa,OK,
OK,seminole,Archdiocese of Oklahoma City,OK,
OK,sequoyah,Diocese of Tulsa,OK,
OK,stephens,Archdiocese of Oklahoma City,OK,
OK,texas,Archdiocese of Oklahoma City,OK,
OK,tillman,Archdiocese of Oklahoma City,OK,
OK,tulsa,Diocese of Tulsa,OK,
OK,wagoner,Diocese of Tulsa,OK,
OK,washington,Diocese of Tulsa,OK,
OK,washita,Archdiocese of Oklahoma City,OK,
OK,woods,Archdiocese of Oklahoma City,OK,
OK,woodward,Archdiocese of Oklahoma City,OK,
OR,baker,Diocese of Baker,OR,
OR,benton,Archdiocese of Portland in Oregon,OR,
OR,clackamas,Archdiocese of Portland in Oregon,OR,
OR,clatsop,Archdiocese of Portland in Oregon,OR,
OR,columbia,Archdiocese of Portland in Oregon,OR,
OR,coos,Archdiocese of Portland in Oregon,OR,
OR,crook,Diocese of Baker,OR,
OR,curry,Archdiocese of Portland in Oregon,OR,
OR,deschutes,Diocese of Baker,OR,
OR,douglas,Archdiocese of Portland in Oregon,OR,
OR,gilliam,Diocese of Baker,OR,
OR,grant,Diocese of Baker,OR,
OR,harney,Diocese of Baker,OR,
OR,hood river,Diocese of Baker,OR,
OR,jackson,Archdiocese of Portland in Oregon,OR,
OR,jefferson,Diocese of Baker,OR,
OR,josephine,Archdiocese of Portland in Oregon,OR,
OR,klamath,Diocese of Baker,OR,
OR,lake,Diocese of Baker,OR,
OR,lane,Archdiocese of Portland in Oregon,OR,
OR,lincoln,Archdiocese of Portland in Oregon,OR,
OR,linn,Archdiocese of Portland in Oregon,OR,
OR,malheur,Diocese of Baker,OR,
OR,marion,Archdiocese of Portland in Oregon,OR,
OR,morrow,Diocese of Baker,OR,
OR,multnomah,Archdiocese of Portland in Oregon,OR,
OR,polk,Archdiocese of Portland in Oregon,OR,
OR,sherman,Diocese of Baker,OR,
OR,tillamook,Archdiocese of Portland in Oregon,OR,
OR,umatilla,Diocese of Baker,OR,
OR,union,Diocese of Baker,OR,
OR,wallowa,Diocese of Baker,OR,
OR,wasco,Diocese of Baker,OR,
OR,washington,Archdiocese of Portland in Oregon,OR,
OR,wheeler,Diocese of Baker,OR,
OR,yamhill,Archdiocese of Portland in Oregon,OR,
PA,adams,Diocese of Harrisburg,PA,
PA,allegheny,Diocese of Pittsburgh,PA,
PA,armstrong,Diocese of Greensburg,PA,
PA,beaver,Diocese of Pittsburgh,PA,
PA,bedford,Diocese of Altoona–Johnstown,PA,
PA,berks,Diocese of Allentown,PA,
PA,blair,Diocese of Altoona–Johnstown,PA,
PA,bradford,Diocese of Scranton,PA,
PA,bucks,Archdiocese of Philadelphia,PA,
PA,butler,Diocese of Pittsburgh,PA,
PA,cambria,Diocese of Altoona–Johnstown,PA,
PA,cameron,Diocese of Erie,PA,
PA,carbon,Diocese of Allentown,PA,
PA,centre,Diocese of Altoona–Johnstown,PA,
PA,chester,Archdiocese of Philadelphia,PA,
PA,clarion,Diocese of Erie,PA,
PA,clearfield,Diocese of Erie,PA,
PA,clinton,Diocese of Altoona–Johnstown,PA,
PA,columbia,Diocese of Harrisburg,PA,
PA,crawford,Diocese of Erie,PA,
PA,cumberland,Diocese of Harrisburg,PA,
PA,dauphin,Diocese of Harrisburg,PA,
PA,delaware,Archdiocese of Philadelphia,PA,
PA,elk,Diocese of Erie,PA,
PA,erie,Diocese of Erie,PA,
PA,fayette,Diocese of Greensburg,PA,
PA,forest,Diocese of Erie,PA,
PA,franklin,Diocese of Harrisburg,PA,
PA,fulton,Diocese of Altoona–Johnstown,PA,
PA,greene,Diocese of Pittsburgh,PA,
PA,huntingdon,Diocese of Altoona–Johnstown,PA,
PA,indiana,Diocese of Greensburg,PA,
PA,jefferson,Diocese of Erie,PA,
PA,juniata,Diocese of Harrisburg,PA,
PA,lackawanna,Diocese of Scranton,PA,
PA,lancaster,Diocese of Harrisburg,PA,
PA,lawrence,Diocese of Pittsburgh,PA,
PA,lebanon,Diocese of Harrisburg,PA,
PA,lehigh,Diocese of Allentown,PA,
PA,luzerne,Diocese of Scranton,PA,
PA,lycoming,Diocese of Scranton,PA,
PA,mckean,Diocese of Erie,PA,
PA,mercer,Diocese of Erie,PA,
PA,mifflin,Diocese of Harrisburg,PA,
PA,monroe,Diocese of Scranton,PA,
PA,montgomery,Archdiocese of Philadelphia,PA,
PA,montour,Diocese of Harrisburg,PA,
PA,northampton,Diocese of Allentown,PA,
PA,northumberland,Diocese of Harrisburg,PA,
PA,perry,Diocese of Harrisburg,PA,
PA,philadelphia,Archdiocese of Philadelphia,PA,
PA,pike,Diocese of Scranton,PA,
PA,potter,Diocese of Erie,PA,
PA,schuylkill,Diocese of Allentown,PA,
PA,snyder,Diocese of Harrisburg,PA,
PA,somerset,Diocese of Altoona–Johnstown,PA,
PA,sullivan,Diocese of Scranton,PA,
PA,susquehanna,Diocese of Scranton,PA,
PA,tioga,Diocese of Scranton,PA,
PA,union,Diocese of Harrisburg,PA,
PA,venango,Diocese of Erie,PA,
PA,warren,Diocese of Erie,PA,
PA,washington,Diocese of Pittsburgh,PA,
PA,wayne,Diocese of Scranton,PA,
PA,westmoreland,Diocese of Greensburg,PA,
PA,wyoming,Diocese of Scranton,PA,
PA,york,Diocese of Harrisburg,PA,
RI,bristol,Diocese of Providence,RI,
RI,kent,Diocese of Providence,RI,
RI,newport,Diocese of Providence,RI,
RI,providence,Diocese of Providence,RI,
RI,washington,Diocese of Providence,RI,
SC,abbeville,Diocese of Charleston,SC,
SC,aiken,Diocese of Charleston,SC,
SC,allendale,Diocese of Charleston,SC,
SC,anderson,Diocese of Charleston,SC,
SC,bamberg,Diocese of Charleston,SC,
SC,barnwell,Diocese of Charleston,SC,
SC,beaufort,Diocese of Charleston,SC,
SC,berkeley,Diocese of Charleston,SC,
SC,calhoun,Diocese of Charleston,SC,
SC,charleston,Diocese of Charleston,SC,
SC,cherokee,Diocese of Charleston,SC,
SC,chester,Diocese of Charleston,SC,
SC,chesterfield,Diocese of Charleston,SC,
SC,clarendon,Diocese of Charleston,SC,
SC,colleton,Diocese of Charleston,SC,
SC,darlington,Diocese of Charleston,SC,
SC,dillon,Diocese of Charleston,SC,
SC,dorchester,Diocese of Charleston,SC,
SC,edgefield,Diocese of Charleston,SC,
SC,fairfield,Diocese of Charleston,SC,
SC,florence,Diocese of Charleston,SC,
SC,georgetown,Diocese of Charleston,SC,
SC,greenville,Diocese of Charleston,SC,
SC,greenwood,Diocese of Charleston,SC,
SC,hampton,Diocese of Charleston,SC,
SC,horry,Diocese of Charleston,SC,
SC,jasper,Diocese of Charleston,SC,
SC,kershaw,Diocese of Charleston,SC,
SC,lancaster,Diocese of Charleston,SC,
SC,laurens,Diocese of Charleston,SC,
SC,lee,Diocese of Charleston,SC,
SC,lexington,Diocese of Charleston,SC,
SC,marion,Diocese of Charleston,SC,
SC,marlboro,Diocese of Charleston,SC,
SC,mccormick,Diocese of Charleston,SC,
SC,newberry,Diocese of Charleston,SC,
SC,oconee,Diocese of Charleston,SC,
SC,orangeburg,Diocese of Charleston,SC,
SC,pickens,Diocese of Charleston,SC,
SC,richland,Diocese of Charleston,SC,
SC,saluda,Diocese of Charleston,SC,
SC,spartanburg,Diocese of Charleston,SC,
SC,sumter,Diocese of Charleston,SC,
SC,union,Diocese of Charleston,SC,
SC,williamsburg,Diocese of Charleston,SC,
SC,york,Diocese of Charleston,SC,
SD,aurora,Diocese of Sioux Falls,SD,
SD,beadle,Diocese of Sioux Falls,SD,
SD,bennett,Diocese of Rapid City,SD,
SD,bon homme,Diocese of Sioux Falls,SD,
SD,brookings,Diocese of Sioux Falls,SD,
SD,brown,Diocese of Sioux Falls,SD,
SD,brule,Diocese of Sioux Falls,SD,
SD,buffalo,Diocese of Sioux Falls,SD,
SD,butte,Diocese of Rapid City,SD,
SD,campbell,Diocese of Sioux Falls,SD,
SD,charles mix,Diocese of Sioux Falls,SD,
SD,clark,Diocese of Sioux Falls,SD,
SD,clay,Diocese of Sioux Falls,SD,
SD,codington,Diocese of Sioux Falls,SD,
SD,corson,Diocese of Rapid City,SD,
SD,custer,Diocese of Rapid City,SD,
SD,davison,Diocese of Sioux Falls,SD,
SD,day,Diocese of Sioux Falls,SD,
SD,deuel,Diocese of Sioux Falls,SD,
SD,dewey,Diocese of Rapid City,SD,
SD,douglas,Diocese of Sioux Falls,SD,
SD,edmunds,Diocese of Sioux Falls,SD,
SD,fall river,Diocese of Rapid City,SD,
SD,faulk,Diocese of Sioux Falls,SD,
SD,grant,Diocese of Sioux Falls,SD,
SD,gregory,Diocese of Rapid City,SD,
SD,haakon,Diocese of Rapid City,SD,
SD,hamlin,Diocese of Sioux Falls,SD,
SD,hand,Diocese of Sioux Falls,SD,
SD,hanson,Diocese of Sioux Falls,SD,
SD,harding,Diocese of Rapid City,SD,
SD,hughes,Diocese of Sioux Falls,SD,
SD,hutchinson,Diocese of Sioux Falls,SD,
SD,hyde,Diocese of Sioux Falls,SD,
SD,jackson,Diocese of Rapid City,SD,
SD,jerauld,Diocese of Sioux Falls,SD,
SD,jones,Diocese of Rapid City,SD,
SD,kingsbury,Diocese of Sioux Falls,SD,
SD,lake,Diocese of Sioux Falls,SD,
SD,lawrence,Diocese of Rapid City,SD,
SD,lincoln,Diocese of Sioux Falls,SD,
SD,lyman,Diocese of Rapid City,SD,
SD,marshall,Diocese of Sioux Falls,SD,
SD,mccook,Diocese of Sioux Falls,SD,
SD,mcpherson,Diocese of Sioux Falls,SD,
SD,meade,Diocese of Rapid City,SD,
SD,mellette,Diocese of Rapid City,SD,
SD,miner,Diocese of Sioux Falls,SD,
SD,minnehaha,Diocese of Sioux Falls,SD,
SD,moody,Diocese of Sioux Falls,SD,
SD,oglala lakota,Diocese of Rapid City,SD,
SD,pennington,Diocese of Rapid City,SD,
SD,perkins,Diocese of Rapid City,SD,
SD,potter,Diocese of Sioux Falls,SD,
SD,roberts,Diocese of Sioux Falls,SD,
SD,sanborn,Diocese of Sioux Falls,SD,
SD,spink,Diocese of Sioux Falls,SD,
SD,stanley,Diocese of Rapid City,SD,
SD,sully,Diocese of Sioux Falls,SD,
SD,todd,Diocese of Rapid City,SD,
SD,tripp,Diocese of Rapid City,SD,
SD,turner,Diocese of Sioux Falls,SD,
SD,union,Diocese of Sioux Falls,SD,
SD,walworth,Diocese of Sioux Falls,SD,
SD,yankton,Diocese of Sioux Falls,SD,
SD,ziebach,Diocese of Rapid City,SD,
TN,anderson,Diocese of Knoxville,TN,
TN,bedford,Diocese of Nashville,TN,
TN,benton,Diocese of Memphis,TN,
TN,bledsoe,Diocese of Knoxville,TN,
TN,blount,Diocese of Knoxville,TN,
TN,bradley,Diocese of Knoxville,TN,
TN,campbell,Diocese of Knoxville,TN,
TN,cannon,Diocese of Nashville,TN,
TN,carroll,Diocese of Memphis,TN,
TN,carter,Diocese of Knoxville,TN,
TN,cheatham,Diocese of Nashville,TN,
TN,chester,Diocese of Memphis,TN,
TN,claiborne,Diocese of Knoxville,TN,
TN,clay,Diocese of Nashville,TN,
TN,cocke,Diocese of Knoxville,TN,
TN,coffee,Diocese of Nashville,TN,
TN,crockett,Diocese of Memphis,TN,
TN,cumberland,Diocese of Knoxville,TN,
TN,davidson,Diocese of Nashville,TN,
TN,decatur,Diocese of Memphis,TN,
TN,dekalb,Diocese of Nashville,TN,
TN,dickson,Diocese of Nashville,TN,
TN,dyer,Diocese of Memphis,TN,
TN,fayette,Diocese of Memphis,TN,
TN,fentress,Diocese of Knoxville,TN,
TN,franklin,Diocese of Nashville,TN,
TN,gibson,Diocese of Memphis,TN,
TN,giles,Diocese of Nashville,TN,
TN,grainger,Diocese of Knoxville,TN,
TN,greene,Diocese of Knoxville,TN,
TN,grundy,Diocese of Nashville,TN,
TN,hamblen,Diocese of Knoxville,TN,
TN,hamilton,Diocese of Knoxville,TN,
TN,hancock,Diocese of Knoxville,TN,
TN,hardeman,Diocese of Memphis,TN,
TN,hardin,Diocese of Memphis,TN,
TN,hawkins,Diocese of Knoxville,TN,
TN,haywood,Diocese of Memphis,TN,
TN,henderson,Diocese of Memphis,TN,
TN,henry,Diocese of Memphis,TN,
TN,hickman,Diocese of Nashville,TN,
TN,houston,Diocese of Nashville,TN,
TN,humphreys,Diocese of Nashville,TN,
TN,jackson,Diocese of Nashville,TN,
TN,jefferson,Diocese of Knoxville,TN,
TN,johnson,Diocese of Knoxville,TN,
TN,knox,Diocese of Knoxville,TN,
TN,lake,Diocese of Memphis,TN,
TN,lauderdale,Diocese of Memphis,TN,
TN,lawrence,Diocese of Nashville,TN,
TN,lewis,Diocese of Nashville,TN,
TN,lincoln,Diocese of Nashville,TN,
TN,loudon,Diocese of Knoxville,TN,
TN,macon,Diocese of Nashville,TN,
TN,madison,Diocese of Memphis,TN,
TN,marion,Diocese of Knoxville,TN,
TN,marshall,Diocese of Nashville,TN,
TN,maury,Diocese of Nashville,TN,
TN,mcminn,Diocese of Knoxville,TN,
TN,mcnairy,Diocese of Memphis,TN,
TN,meigs,Diocese of Knoxville,TN,
TN,monroe,Diocese of Knoxville,TN,
TN,montgomery,Diocese of Nashville,TN,
TN,moore,Diocese of Nashville,TN,
TN,morgan,Diocese of Knoxville,TN,
TN,obion,Diocese of Memphis,TN,
TN,overton,Diocese of Nashville,TN,
TN,perry,Diocese of Nashville,TN,
TN,pickett,Diocese of Knoxville,TN,
TN,polk,Diocese of Knoxville,TN,
TN,putnam,Diocese of Nashville,TN,
TN,rhea,Diocese of Knoxville,TN,
TN,roane,Diocese of Knoxville,TN,
TN,robertson,Diocese of Nashville,TN,
TN,rutherford,Diocese of Nashville,TN,
TN,scott,Diocese of Knoxville,TN,
TN,sequatchie,Diocese of Knoxville,TN,
TN,sevier,Diocese of Knoxville,TN,
TN,shelby,Diocese of Memphis,TN,
TN,smith,Diocese of Nashville,TN,
TN,stewart,Diocese of Nashville,TN,
TN,sullivan,Diocese of Knoxville,TN,
TN,sumner,Diocese of Nashville,TN,
TN,tipton,Diocese of Memphis,TN,
TN,trousdale,Diocese of Nashville,TN,
TN,unicoi,Diocese of Knoxville,TN,
TN,union,Diocese of Knoxville,TN,
TN,van buren,Diocese of Nashville,TN,
TN,warren,Diocese of Nashville,TN,
TN,washington,Diocese of Knoxville,TN,
TN,wayne,Diocese of Nashville,TN,
TN,weakley,Diocese of Memphis,TN,
TN,white,Diocese of Nashville,TN,
TN,williamson,Diocese of Nashville,TN,
TN,wilson,Diocese of Nashville,TN,
TX,anderson,Diocese of Tyler,TX,
TX,andrews,Diocese of San Angelo,TX,
TX,angelina,Diocese of Tyler,TX,
TX,aransas,Diocese of Corpus Christi,TX,
TX,archer,Diocese of Fort Worth,TX,
TX,armstrong,Diocese of Amarillo,TX,
TX,atascosa,Archdiocese of San Antonio,TX,
TX,austin,Archdiocese of Galveston–Houston,TX,
TX,bailey,Diocese of Lubbock,TX,
TX,bandera,Archdiocese of San Antonio,TX,
TX,bastrop,Diocese of Austin,TX,
TX,baylor,Diocese of Fort Worth,TX,
TX,bee,Diocese of Corpus Christi,TX,
TX,bell,Diocese of Austin,TX,
TX,bexar,Archdiocese of San Antonio,TX,
TX,blanco,Diocese of Austin,TX,
TX,borden,Diocese of Lubbock,TX,
TX,bosque,Diocese of Fort Worth,TX,
TX,bowie,Diocese of Tyler,TX,
TX,brazoria,Archdiocese of Galveston–Houston,TX,
TX,brazos,Diocese of Austin,TX,
TX,brewster,Diocese of El Paso,TX,
TX,briscoe,Diocese of Amarillo,TX,
TX,brooks,Diocese of Corpus Christi,TX,
TX,brown,Diocese of San Angelo,TX,
TX,burleson,Diocese of Austin,TX,
TX,burnet,Diocese of Austin,TX,
TX,caldwell,Diocese of Austin,TX,
TX,calhoun,Diocese of Victoria,TX,
TX,callahan,Diocese of San Angelo,TX,
TX,cameron,Diocese of Brownsville,TX,
TX,camp,Diocese of Tyler,TX,
TX,carson,Diocese of Amarillo,TX,
TX,cass,Diocese of Tyler,TX,
TX,castro,Diocese of Amarillo,TX,
TX,chambers,Diocese of Beaumont,TX,
TX,cherokee,Diocese of Tyler,TX,
TX,childress,Diocese of Amarillo,TX,
TX,clay,Diocese of Fort Worth,TX,
TX,cochran,Diocese of Lubbock,TX,
TX,coke,Diocese of San Angelo,TX,
TX,coleman,Diocese of San Angelo,TX,
TX,collin,Diocese of Dallas,TX,
TX,collingsworth,Diocese of Amarillo,TX,
TX,colorado,Diocese of Victoria,TX,
TX,comal,Archdiocese of San Antonio,TX,
TX,comanche,Diocese of Fort Worth,TX,
TX,concho,Diocese of San Angelo,TX,
TX,cooke,Diocese of Fort Worth,TX,
TX,coryell,Diocese of Austin,TX,
TX,cottle,Diocese of Lubbock,TX,
TX,crane,Diocese of San Angelo,TX,
TX,crockett,Diocese of San Angelo,TX,
TX,crosby,Diocese of Lubbock,TX,
TX,culberson,Diocese of El Paso,TX,
TX,dallam,Diocese of Amarillo,TX,
TX,dallas,Diocese of Dallas,TX,
TX,dawson,Diocese of Lubbock,TX,
TX,deaf smith,Diocese of Amarillo,TX,
TX,delta,Diocese of Tyler,TX,
TX,denton,Diocese of Fort Worth,TX,
TX,dewitt,Diocese of Victoria,TX,
TX,dickens,Diocese of Lubbock,TX,
TX,dimmit,Diocese of Laredo,TX,
TX,donley,Diocese of Amarillo,TX,
TX,duval,Diocese of Corpus Christi,TX,
TX,eastland,Diocese of Fort Worth,TX,
TX,ector,Diocese of San Angelo,TX,
TX,edwards,Archdiocese of San Antonio,TX,
TX,el paso,Diocese of El Paso,TX,
TX,ellis,Diocese of Dallas,TX,
TX,erath,Diocese of Fort Worth,TX,
TX,falls,Diocese of Austin,TX,
TX,fannin,Diocese of Dallas,TX,
TX,fayette,Diocese of Victoria,TX,Diocese of Austin
TX,fisher,Diocese of Lubbock,TX,
TX,floyd,Diocese of Lubbock,TX,
TX,foard,Diocese of Fort Worth,TX,
TX,fort bend,Archdiocese of Galveston–Houston,TX,
TX,franklin,Diocese of Tyler,TX,
TX,freestone,Diocese of Tyler,TX,
TX,frio,Archdiocese of San Antonio,TX,
TX,gaines,Diocese of Lubbock,TX,
TX,galveston,Archdiocese of Galveston–Houston,TX,
TX,garza,Diocese of Lubbock,TX,
TX,gillespie,Archdiocese of San Antonio,TX,
TX,glasscock,Diocese of San Angelo,TX,
TX,goliad,Diocese of Victoria,TX,
TX,gonzales,Archdiocese of San Antonio,TX,
TX,gray,Diocese of Amarillo,TX,
TX,grayson,Diocese of Dallas,TX,
TX,gregg,Diocese of Tyler,TX,
TX,grimes,Archdiocese of Galveston–Houston,TX,
TX,guadalupe,Archdiocese of San Antonio,TX,
TX,hale,Diocese of Lubbock,TX,
TX,hall,Diocese of Amarillo,TX,
TX,hamilton,Diocese of Austin,TX,
TX,hansford,Diocese of Amarillo,TX,
TX,hardeman,Diocese of Fort Worth,TX,
TX,hardin,Diocese of Beaumont,TX,
TX,harris,Archdiocese of Galveston–Houston,TX,
TX,harrison,Diocese of Tyler,TX,
TX,hartley,Diocese of Amarillo,TX,
TX,haskell,Diocese of Lubbock,TX,
TX,hays,Diocese of Austin,TX,
TX,hemphill,Diocese of Amarillo,TX,
TX,henderson,Diocese of Tyler,TX,
TX,hidalgo,Diocese of Brownsville,TX,
TX,hill,Diocese of Fort Worth,TX,
TX,hockley,Diocese of Lubbock,TX,
TX,hood,Diocese of Fort Worth,TX,
TX,hopkins,Diocese of Tyler,TX,
TX,houston,Diocese of Tyler,TX,
TX,howard,Diocese of San Angelo,TX,
TX,hudspeth,Diocese of El Paso,TX,
TX,hunt,Diocese of Dallas,TX,
TX,hutchinson,Diocese of Amarillo,TX,
TX,irion,Diocese of San Angelo,TX,
TX,jack,Diocese of Fort Worth,TX,
TX,jackson,Diocese of Victoria,TX,
TX,jasper,Diocese of Beaumont,TX,
TX,jeff davis,Diocese of El Paso,TX,
TX,jefferson,Diocese of Beaumont,TX,
TX,jim hogg,Diocese of Laredo,TX,
TX,jim wells,Diocese of Corpus Christi,TX,
TX,johnson,Diocese of Fort Worth,TX,
TX,jones,Diocese of Lubbock,TX,
TX,karnes,Archdiocese of San Antonio,TX,
TX,kaufman,Diocese of Dallas,TX,
TX,kendall,Archdiocese of San Antonio,TX,
TX,kenedy,Diocese of Corpus Christi,TX,
TX,kent,Diocese of Lubbock,TX,
TX,kerr,Archdiocese of San Antonio,TX,
TX,kimble,Diocese of San Angelo,TX,
TX,king,Diocese of Lubbock,TX,
TX,kinney,Archdiocese of San Antonio,TX,
TX,kleberg,Diocese of Corpus Christi,TX,
TX,knox,Diocese of Fort Worth,TX,
TX,la salle,Diocese of Laredo,TX,
TX,lamar,Diocese of Tyler,TX,
TX,lamb,Diocese of Lubbock,TX,
TX,lampasas,Diocese of Austin,TX,
TX,lavaca,Diocese of Victoria,TX,
TX,lee,Diocese of Austin,TX,
TX,leon,Diocese of Tyler,TX,
TX,liberty,Diocese of Beaumont,TX,
TX,limestone,Diocese of Austin,TX,
TX,lipscomb,Diocese of Amarillo,TX,
TX,live oak,Diocese of Corpus Christi,TX,
TX,llano,Diocese of Austin,TX,
TX,loving,Diocese of El Paso,TX,
TX,lubbock,Diocese of Lubbock,TX,
TX,lynn,Diocese of Lubbock,TX,
TX,madison,Diocese of Tyler,TX,
TX,marion,Diocese of Tyler,TX,
TX,martin,Diocese of San Angelo,TX,
TX,mason,Diocese of Austin,TX,
TX,matagorda,Diocese of Victoria,TX,
TX,maverick,Diocese of Laredo,TX,
TX,mcculloch,Diocese of San Angelo,TX,
TX,mclennan,Diocese of Austin,TX,
TX,mcmullen,Archdiocese of San Antonio,TX,Diocese of Corpus Christi
TX,medina,Archdiocese of San Antonio,TX,
TX,menard,Diocese of San Angelo,TX,
TX,midland,Diocese of San Angelo,TX,
TX,milam,Diocese of Austin,TX,
TX,mills,Diocese of Austin,TX,
TX,mitchell,Diocese of San Angelo,TX,
TX,montague,Diocese of Fort Worth,TX,
TX,montgomery,Archdiocese of Galveston–Houston,TX,
TX,moore,Diocese of Amarillo,TX,
TX,morris,Diocese of Tyler,TX,
TX,motley,Diocese of Lubbock,TX,
TX,nacogdoches,Diocese of Tyler,TX,
TX,navarro,Diocese of Dallas,TX,
TX,newton,Diocese of Beaumont,TX,
TX,nolan,Diocese of San Angelo,TX,
TX,nueces,Diocese of Corpus Christi,TX,
TX,ochiltree,Diocese of Amarillo,TX,
TX,oldham,Diocese of Amarillo,TX,
TX,orange,Diocese of Beaumont,TX,
TX,palo pinto,Diocese of Fort Worth,TX,
TX,panola,Diocese of Tyler,TX,
TX,parker,Diocese of Fort Worth,TX,
TX,parmer,Diocese of Amarillo,TX,
TX,pecos,Diocese of San Angelo,TX,
TX,polk,Diocese of Beaumont,TX,
TX,potter,Diocese of Amarillo,TX,
TX,presidio,Diocese of El Paso,TX,
TX,rains,Diocese of Tyler,TX,
TX,randall,Diocese of Amarillo,TX,
TX,reagan,Diocese of San Angelo,TX,
TX,real,Archdiocese of San Antonio,TX,
TX,red river,Diocese of Tyler,TX,
TX,reeves,Diocese of El Paso,TX,
TX,refugio,Diocese of Corpus Christi,TX,
TX,roberts,Diocese of Amarillo,TX,
TX,robertson,Diocese of Austin,TX,
TX,rockwall,Diocese of Dallas,TX,
TX,runnels,Diocese of San Angelo,TX,
TX,rusk,Diocese of Tyler,TX,
TX,sabine,Diocese of Tyler,TX,
TX,san augustine,Diocese of Tyler,TX,
TX,san jacinto,Archdiocese of Galveston–Houston,TX,
TX,san patricio,Diocese of Corpus Christi,TX,
TX,san saba,Diocese of Austin,TX,
TX,schleicher,Diocese of San Angelo,TX,
TX,scurry,Diocese of Lubbock,TX,
TX,shackelford,Diocese of Fort Worth,TX,
TX,shelby,Diocese of Tyler,TX,
TX,sherman,Diocese of Amarillo,TX,
TX,smith,Diocese of Tyler,TX,
TX,somervell,Diocese of Fort Worth,TX,
TX,starr,Diocese of Brownsville,TX,
TX,stephens,Diocese of Fort Worth,TX,
TX,sterling,Diocese of San Angelo,TX,
TX,stonewall,Diocese of Lubbock,TX,
TX,sutton,Diocese of San Angelo,TX,
TX,swisher,Diocese of Amarillo,TX,
TX,tarrant,Diocese of Fort Worth,TX,
TX,taylor,Diocese of San Angelo,TX,
TX,terrell,Diocese of San Angelo,TX,
TX,terry,Diocese of Lubbock,TX,
TX,throckmorton,Diocese of Fort Worth,TX,
TX,titus,Diocese of Tyler,TX,
TX,tom green,Diocese of San Angelo,TX,
TX,travis,Diocese of Austin,TX,
TX,trinity,Diocese of Tyler,TX,
TX,tyler,Diocese of Beaumont,TX,
TX,upshur,Diocese of Tyler,TX,
TX,upton,Diocese of San Angelo,TX,
TX,uvalde,Archdiocese of San Antonio,TX,
TX,val verde,Archdiocese of San Antonio,TX,
TX,van zandt,Diocese of Tyler,TX,
TX,victoria,Diocese of Victoria,TX,
TX,walker,Archdiocese of Galveston–Houston,TX,
TX,waller,Archdiocese of Galveston–Houston,TX,
TX,ward,Diocese of El Paso,TX,
TX,washington,Diocese of Austin,TX,
TX,webb,Diocese of Laredo,TX,
TX,wharton,Diocese of Victoria,TX,
TX,wheeler,Diocese of Amarillo,TX,
TX,wichita,Diocese of Fort Worth,TX,
TX,wilbarger,Diocese of Fort Worth,TX,
TX,willacy,Diocese of Brownsville,TX,
TX,williamson,Diocese of Austin,TX,
TX,wilson,Archdiocese of San Antonio,TX,
TX,winkler,Diocese of El Paso,TX,
TX,wise,Diocese of Fort Worth,TX,
TX,wood,Diocese of Tyler,TX,
TX,yoakum,Diocese of Lubbock,TX,
TX,young,Diocese of Fort Worth,TX,
TX,zapata,Diocese of Laredo,TX,
TX,zavala,Diocese of Laredo,TX,
UT,beaver,Diocese of Salt Lake City,UT,
UT,box elder,Diocese of Salt Lake City,UT,
UT,cache,Diocese of Salt Lake City,UT,
UT,carbon,Diocese of Salt Lake City,UT,
UT,daggett,Diocese of Salt Lake City,UT,
UT,davis,Diocese of Salt Lake City,UT,
UT,duchesne,Diocese of Salt Lake City,UT,
UT,emery,Diocese of Salt Lake City,UT,
UT,garfield,Diocese of Salt Lake City,UT,
UT,grand,Diocese of Salt Lake City,UT,
UT,iron,Diocese of Salt Lake City,UT,
UT,juab,Diocese of Salt Lake City,UT,
UT,kane,Diocese of Salt Lake City,UT,
UT,millard,Diocese of Salt Lake City,UT,
UT,morgan,Diocese of Salt Lake City,UT,
UT,piute,Diocese of Salt Lake City,UT,
UT,rich,Diocese of Salt Lake City,UT,
UT,salt lake,Diocese of Salt Lake City,UT,
UT,san juan,Diocese of Salt Lake City,UT,
UT,sanpete,Diocese of Salt Lake City,UT,
UT,sevier,Diocese of Salt Lake City,UT,
UT,summit,Diocese of Salt Lake City,UT,
UT,tooele,Diocese of Salt Lake City,UT,
UT,uintah,Diocese of Salt Lake City,UT,
UT,utah,Diocese of Salt Lake City,UT,
UT,wasatch,Diocese of Salt Lake City,UT,
UT,washington,Diocese of Salt Lake City,UT,
UT,wayne,Diocese of Salt Lake City,UT,
UT,weber,Diocese of Salt Lake City,UT,
VA,accomack,Diocese of Richmond,VA,
VA,albemarle,Diocese of Richmond,VA,
VA,alexandria city,Diocese of Arlington,VA,
VA,alleghany,Diocese of Richmond,VA,
VA,amelia,Diocese of Richmond,VA,
VA,amherst,Diocese of Richmond,VA,
VA,appomattox,Diocese of Richmond,VA,
VA,arlington,Diocese of Arlington,VA,
VA,augusta,Diocese of Richmond,VA,
VA,bath,Diocese of Richmond,VA,
VA,bedford,Diocese of Richmond,VA,
VA,bland,Diocese of Richmond,VA,
VA,botetourt,Diocese of Richmond,VA,
VA,bristol city,Diocese of Richmond,VA,
VA,brunswick,Diocese of Richmond,VA,
VA,buchanan,Diocese of Richmond,VA,
VA,buckingham,Diocese of Richmond,VA,
VA,buena vista city,Diocese of Richmond,VA,
VA,campbell,Diocese of Richmond,VA,
VA,caroline,Diocese of Richmond,VA,
VA,carroll,Diocese of Richmond,VA,
VA,charles city,Diocese of Richmond,VA,
VA,charlotte,Diocese of Richmond,VA,
VA,charlottesville city,Diocese of Richmond,VA,
VA,chesapeake city,Diocese of Richmond,VA,
VA,chesterfield,Diocese of Richmond,VA,
VA,clarke,Diocese of Arlington,VA,
VA,colonial heights city,Diocese of Richmond,VA,
VA,covington city,Diocese of Richmond,VA,
VA,craig,Diocese of Richmond,VA,
VA,culpeper,Diocese of Arlington,VA,
VA,cumberland,Diocese of Richmond,VA,
VA,danville city,Diocese of Richmond,VA,
VA,dickenson,Diocese of Richmond,VA,
VA,dinwiddie,Diocese of Richmond,VA,
VA,emporia city,Diocese of Richmond,VA,
VA,essex,Diocese of Richmond,VA,
VA,fairfax,Diocese of Arlington,VA,
VA,fairfax city,Diocese of Arlington,VA,
VA,falls church city,Diocese of Arlington,VA,
VA,fauquier,Diocese of Arlington,VA,
VA,floyd,Diocese of Richmond,VA,
VA,fluvanna,Diocese of Richmond,VA,
VA,franklin,Diocese of Richmond,VA,
VA,franklin city,Diocese of Richmond,VA,
VA,frederick,Diocese of Arlington,VA,
VA,fredericksburg city,Diocese of Arlington,VA,
VA,galax city,Diocese of Richmond,VA,
VA,giles,Diocese of Richmond,VA,
VA,gloucester,Diocese of Richmond,VA,
VA,goochland,Diocese of Richmond,VA,
VA,grayson,Diocese of Richmond,VA,
VA,greene,Diocese of Richmond,VA,
VA,greensville,Diocese of Richmond,VA,
VA,halifax,Diocese of Richmond,VA,
VA,hampton city,Diocese of Richmond,VA,
VA,hanover,Diocese of Richmond,VA,
VA,harrisonburg city,Diocese of Richmond,VA,
VA,henrico,Diocese of Richmond,VA,
VA,henry,Diocese of Richmond,VA,
VA,highland,Diocese of Richmond,VA,
VA,hopewell city,Diocese of Richmond,VA,
VA,isle of wight,Diocese of Richmond,VA,
VA,james city,Diocese of Richmond,VA,
VA,king and queen,Diocese of Richmond,VA,
VA,king george,Diocese of Arlington,VA,
VA,king william,Diocese of Richmond,VA,
VA,lancaster,Diocese of Arlington,VA,
VA,lee,Diocese of Richmond,VA,
VA,lexington city,Diocese of Richmond,VA,
VA,loudoun,Diocese of Arlington,VA,
VA,louisa,Diocese of Richmond,VA,
VA,lunenburg,Diocese of Richmond,VA,
VA,lynchburg city,Diocese of Richmond,VA,
VA,madison,Diocese of Arlington,VA,
VA,manassas city,Diocese of Arlington,VA,
VA,manassas park city,Diocese of Arlington,VA,
VA,martinsville city,Diocese of Richmond,VA,
VA,mathews,Diocese of Richmond,VA,
VA,mecklenburg,Diocese of Richmond,VA,
VA,middlesex,Diocese of Richmond,VA,
VA,montgomery,Diocese of Richmond,VA,
VA,nelson,Diocese of Richmond,VA,
VA,new kent,Diocese of Richmond,VA,
VA,newport news city,Diocese of Richmond,VA,
VA,norfolk city,Diocese of Richmond,VA,
VA,northampton,Diocese of Richmond,VA,
VA,northumberland,Diocese of Arlington,VA,
VA,norton city,Diocese of Richmond,VA,
VA,nottoway,Diocese of Richmond,VA,
VA,orange,Diocese of Arlington,VA,
VA,page,Diocese of Arlington,VA,
VA,patrick,Diocese of Richmond,VA,
VA,petersburg city,Diocese of Richmond,VA,
VA,pittsylvania,Diocese of Richmond,VA,
VA,poquoson city,Diocese of Richmond,VA,
VA,portsmouth city,Diocese of Richmond,VA,
VA,powhatan,Diocese of Richmond,VA,
VA,prince edward,Diocese of Richmond,VA,
VA,prince george,Diocese of Richmond,VA,
VA,prince william,Diocese of Arlington,VA,
VA,pulaski,Diocese of Richmond,VA,
VA,radford city,Diocese of Richmond,VA,
VA,rappahannock,Diocese of Arlington,VA,
VA,richmond,Diocese of Arlington,VA,
VA,richmond city,Diocese of Richmond,VA,
VA,roanoke,Diocese of Richmond,VA,
VA,roanoke city,Diocese of Richmond,VA,
VA,rockbridge,Diocese of Richmond,VA,
VA,rockingham,Diocese of Richmond,VA,
VA,russell,Diocese of Richmond,VA,
VA,salem city,Diocese of Richmond,VA,
VA,scott,Diocese of Richmond,VA,
VA,shenandoah,Diocese of Arlington,VA,
VA,smyth,Diocese of Richmond,VA,
VA,southampton,Diocese of Richmond,VA,
VA,spotsylvania,Diocese of Arlington,VA,
VA,stafford,Diocese of Arlington,VA,
VA,staunton city,Diocese of Richmond,VA,
VA,suffolk city,Diocese of Richmond,VA,
VA,surry,Diocese of Richmond,VA,
VA,sussex,Diocese of Richmond,VA,
VA,tazewell,Diocese of Richmond,VA,
VA,virginia beach city,Diocese of Richmond,VA,
VA,warren,Diocese of Arlington,VA,
VA,washington,Diocese of Richmond,VA,
VA,waynesboro city,Diocese of Richmond,VA,
VA,westmoreland,Diocese of Arlington,VA,
VA,williamsburg city,Diocese of Richmond,VA,
VA,winchester city,Diocese of Arlington,VA,
VA,wise,Diocese of Richmond,VA,
VA,wythe,Diocese of Richmond,VA,
VA,york,Diocese of Richmond,VA,
VI,st croix island,Diocese of Saint Thomas,VI,
VI,st john island,Diocese of Saint Thomas,VI,
VI,st thomas island,Diocese of Saint Thomas,VI,
VT,addison,Diocese of Burlington,VT,
VT,bennington,Diocese of Burlington,VT,
VT,caledonia,Diocese of Burlington,VT,
VT,chittenden,Diocese of Burlington,VT,
VT,essex,Diocese of Burlington,VT,
VT,franklin,Diocese of Burlington,VT,
VT,grand isle,Diocese of Burlington,VT,
VT,lamoille,Diocese of Burlington,VT,
VT,orange,Diocese of Burlington,VT,
VT,orleans,Diocese of Burlington,VT,
VT,rutland,Diocese of Burlington,VT,
VT,washington,Diocese of Burlington,VT,
VT,windham,Diocese of Burlington,VT,
VT,windsor,Diocese of Burlington,VT,
WA,adams,Diocese of Spokane,WA,
WA,asotin,Diocese of Spokane,WA,
WA,benton,Diocese of Yakima,WA,
WA,chelan,Diocese of Yakima,WA,
WA,clallam,Archdiocese of Seattle,WA,
WA,clark,Archdiocese of Seattle,WA,
WA,columbia,Diocese of Spokane,WA,
WA,cowlitz,Archdiocese of Seattle,WA,
WA,douglas,Diocese of Yakima,WA,
WA,ferry,Diocese of Spokane,WA,
WA,franklin,Diocese of Spokane,WA,
WA,garfield,Diocese of Spokane,WA,
WA,grant,Diocese of Yakima,WA,
WA,grays harbor,Archdiocese of Seattle,WA,
WA,island,Archdiocese of Seattle,WA,
WA,jefferson,Archdiocese of Seattle,WA,
WA,king,Archdiocese of Seattle,WA,
WA,kitsap,Archdiocese of Seattle,WA,
WA,kittitas,Diocese of Yakima,WA,
WA,klickitat,Diocese of Yakima,WA,
WA,lewis,Archdiocese of Seattle,WA,
WA,lincoln,Diocese of Spokane,WA,
WA,mason,Archdiocese of Seattle,WA,
WA,okanogan,Diocese of Spokane,WA,
WA,pacific,Archdiocese of Seattle,WA,
WA,pend oreille,Diocese of Spokane,WA,
WA,pierce,Archdiocese of Seattle,WA,
WA,san juan,Archdiocese of Seattle,WA,
WA,skagit,Archdiocese of Seattle,WA,
WA,skamania,Archdiocese of Seattle,WA,
WA,snohomish,Archdiocese of Seattle,WA,
WA,spokane,Diocese of Spokane,WA,
WA,stevens,Diocese of Spokane,WA,
WA,thurston,Archdiocese of Seattle,WA,
WA,wahkiakum,Archdiocese of Seattle,WA,
WA,walla walla,Diocese of Spokane,WA,
WA,whatcom,Archdiocese of Seattle,WA,
WA,whitman,Diocese of Spokane,WA,
WA,yakima,Diocese of Yakima,WA,
WI,adams,Diocese of La Crosse,WI,
WI,ashland,Diocese of Superior,WI,
WI,barron,Diocese of Superior,WI,
WI,bayfield,Diocese of Superior,WI,
WI,brown,Diocese of Green Bay,WI,
WI,buffalo,Diocese of La Crosse,WI,
WI,burnett,Diocese of Superior,WI,
WI,calumet,Diocese of Green Bay,WI,
WI,chippewa,Diocese of La Crosse,WI,
WI,clark,Diocese of La Crosse,WI,
WI,columbia,Diocese of Madison,WI,
WI,crawford,Diocese of La Crosse,WI,
WI,dane,Diocese of Madison,WI,
WI,dodge,Archdiocese of Milwaukee,WI,
WI,door,Diocese of Green Bay,WI,
WI,douglas,Diocese of Superior,WI,
WI,dunn,Diocese of La Crosse,WI,
WI,eau claire,Diocese of La Crosse,WI,
WI,florence,Diocese of Green Bay,WI,
WI,fond du lac,Archdiocese of Milwaukee,WI,
WI,forest,Diocese of Green Bay,WI,
WI,grant,Diocese of Madison,WI,
WI,green,Diocese of Madison,WI,
WI,green lake,Diocese of Madison,WI,
WI,iowa,Diocese of Madison,WI,
WI,iron,Diocese of Superior,WI,
WI,jackson,Diocese of La Crosse,WI,
WI,jefferson,Diocese of Madison,WI,
WI,juneau,Diocese of La Crosse,WI,
WI,kenosha,Archdiocese of Milwaukee,WI,
WI,kewaunee,Diocese of Green Bay,WI,
WI,la crosse,Diocese of La Crosse,WI,
WI,lafayette,Diocese of Madison,WI,
WI,langlade,Diocese of Green Bay,WI,
WI,lincoln,Diocese of Superior,WI,
WI,manitowoc,Diocese of Green Bay,WI,
WI,marathon,Diocese of La Crosse,WI,
WI,marinette,Diocese of Green Bay,WI,
WI,marquette,Diocese of Madison,WI,
WI,menominee,Diocese of Green Bay,WI,
WI,milwaukee,Archdiocese of Milwaukee,WI,
WI,monroe,Diocese of La Crosse,WI,
WI,oconto,Diocese of Green Bay,WI,
WI,oneida,Diocese of Superior,WI,
WI,outagamie,Diocese of Green Bay,WI,
WI,ozaukee,Archdiocese of Milwaukee,WI,
WI,pepin,Diocese of La Crosse,WI,
WI,pierce,Diocese of La Crosse,WI,
WI,polk,Diocese of Superior,WI,
WI,portage,Diocese of La Crosse,WI,
WI,price,Diocese of Superior,WI,
WI,racine,Archdiocese of Milwaukee,WI,
WI,richland,Diocese of La Crosse,WI,
WI,rock,Diocese of Madison,WI,
WI,rusk,Diocese of Superior,WI,
WI,sauk,Diocese of Madison,WI,
WI,sawyer,Diocese of Superior,WI,
WI,shawano,Diocese of Green Bay,WI,
WI,sheboygan,Archdiocese of Milwaukee,WI,
WI,st croix,Diocese of Superior,WI,
WI,taylor,Diocese of Superior,WI,
WI,trempealeau,Diocese of La Crosse,WI,
WI,vernon,Diocese of La Crosse,WI,
WI,vilas,Diocese of Superior,WI,
WI,walworth,Archdiocese of Milwaukee,WI,
WI,washburn,Diocese of Superior,WI,
WI,washington,Archdiocese of Milwaukee,WI,
WI,waukesha,Archdiocese of Milwaukee,WI,
WI,waupaca,Diocese of Green Bay,WI,
WI,waushara,Diocese of Green Bay,WI,
WI,winnebago,Diocese of Green Bay,WI,
WI,wood,Diocese of La Crosse,WI,
WV,barbour,Diocese of Wheeling–Charleston,WV,
WV,berkeley,Diocese of Wheeling–Charleston,WV,
WV,boone,Diocese of Wheeling–Charleston,WV,
WV,braxton,Diocese of Wheeling–Charleston,WV,
WV,brooke,Diocese of Wheeling–Charleston,WV,
WV,cabell,Diocese of Wheeling–Charleston,WV,
WV,calhoun,Diocese of Wheeling–Charleston,WV,
WV,clay,Diocese of Wheeling–Charleston,WV,
WV,doddridge,Diocese of Wheeling–Charleston,WV,
WV,fayette,Diocese of Wheeling–Charleston,WV,
WV,gilmer,Diocese of Wheeling–Charleston,WV,
WV,grant,Diocese of Wheeling–Charleston,WV,
WV,greenbrier,Diocese of Wheeling–Charleston,WV,
WV,hampshire,Diocese of Wheeling–Charleston,WV,
WV,hancock,Diocese of Wheeling–Charleston,WV,
WV,hardy,Diocese of Wheeling–Charleston,WV,
WV,harrison,Diocese of Wheeling–Charleston,WV,
WV,jackson,Diocese of Wheeling–Charleston,WV,
WV,jefferson,Diocese of Wheeling–Charleston,WV,
WV,kanawha,Diocese of Wheeling–Charleston,WV,
WV,lewis,Diocese of Wheeling–Charleston,WV,
WV,lincoln,Diocese of Wheeling–Charleston,WV,
WV,logan,Diocese of Wheeling–Charleston,WV,
WV,marion,Diocese of Wheeling–Charleston,WV,
WV,marshall,Diocese of Wheeling–Charleston,WV,
WV,mason,Diocese of Wheeling–Charleston,WV,
WV,mcdowell,Diocese of Wheeling–Charleston,WV,
WV,mercer,Diocese of Wheeling–Charleston,WV,
WV,mineral,Diocese of Wheeling–Charleston,WV,
WV,mingo,Diocese of Wheeling–Charleston,WV,
WV,monongalia,Diocese of Wheeling–Charleston,WV,
WV,monroe,Diocese of Wheeling–Charleston,WV,
WV,morgan,Diocese of Wheeling–Charleston,WV,
WV,nicholas,Diocese of Wheeling–Charleston,WV,
WV,ohio,Diocese of Wheeling–Charleston,WV,
WV,pendleton,Diocese of Wheeling–Charleston,WV,
WV,pleasants,Diocese of Wheeling–Charleston,WV,
WV,pocahontas,Diocese of Wheeling–Charleston,WV,
WV,preston,Diocese of Wheeling–Charleston,WV,
WV,putnam,Diocese of Wheeling–Charleston,WV,
WV,raleigh,Diocese of Wheeling–Charleston,WV,
WV,randolph,Diocese of Wheeling–Charleston,WV,
WV,ritchie,Diocese of Wheeling–Charleston,WV,
WV,roane,Diocese of Wheeling–Charleston,WV,
WV,summers,Diocese of Wheeling–Charleston,WV,
WV,taylor,Diocese of Wheeling–Charleston,WV,
WV,tucker,Diocese of Wheeling–Charleston,WV,
WV,tyler,Diocese of Wheeling–Charleston,WV,
WV,upshur,Diocese of Wheeling–Charleston,WV,
WV,wayne,Diocese of Wheeling–Charleston,WV,
WV,webster,Diocese of Wheeling–Charleston,WV,
WV,wetzel,Diocese of Wheeling–Charleston,WV,
WV,wirt,Diocese of Wheeling–Charleston,WV,
WV,wood,Diocese of Wheeling–Charleston,WV,
WV,wyoming,Diocese of Wheeling–Charleston,WV,
WY,albany,Diocese of Cheyenne,WY,
WY,big horn,Diocese of Cheyenne,WY,
WY,campbell,Diocese of Cheyenne,WY,
WY,carbon,Diocese of Cheyenne,WY,
WY,converse,Diocese of Cheyenne,WY,
WY,crook,Diocese of Cheyenne,WY,
WY,fremont,Diocese of Cheyenne,WY,
WY,goshen,Diocese of Cheyenne,WY,
WY,hot springs,Diocese of Cheyenne,WY,
WY,johnson,Diocese of Cheyenne,WY,
WY,laramie,Diocese of Cheyenne,WY,
WY,lincoln,Diocese of Cheyenne,WY,
WY,natrona,Diocese of Cheyenne,WY,
WY,niobrara,Diocese of Cheyenne,WY,
WY,park,Diocese of Cheyenne,WY,
WY,platte,Diocese of Cheyenne,WY,
WY,sheridan,Diocese of Cheyenne,WY,
WY,sublette,Diocese of Cheyenne,WY,
WY,sweetwater,Diocese of Cheyenne,WY,
WY,teton,Diocese of Cheyenne,WY,
WY,uinta,Diocese of Cheyenne,WY,
WY,washakie,Diocese of Cheyenne,WY,
WY,weston,Diocese of Cheyenne,WY,
