State,Place,Diocese,DioceseState
AK,adak,Archdiocese of Anchorage–Juneau,AK
AK,akiachak,Diocese of Fairbanks,AK
AK,akiak,Diocese of Fairbanks,AK
AK,akutan,Archdiocese of Anchorage–Juneau,AK
AK,alakanuk,Diocese of Fairbanks,AK
AK,anaktuvuk pass,Diocese of Fairbanks,AK
AK,anchor point,Archdiocese of Anchorage–Juneau,AK
AK,anchorage,Archdiocese of Anchorage–Juneau,AK
AK,angoon,Archdiocese of Anchorage–Juneau,AK
AK,aniak,Diocese of Fairbanks,AK
AK,badger,Diocese of Fairbanks,AK
AK,bear creek,Archdiocese of Anchorage–Juneau,AK
AK,bethel,Diocese of Fairbanks,AK
AK,big delta,Diocese of Fairbanks,AK
AK,big lake,Archdiocese of Anchorage–Juneau,AK
AK,brevig mission,Diocese of Fairbanks,AK
AK,buckland,Diocese of Fairbanks,AK
AK,buffalo soapstone,Archdiocese of Anchorage–Juneau,AK
AK,butte,Archdiocese of Anchorage–Juneau,AK
AK,chefornak,Diocese of Fairbanks,AK
AK,chevak,Diocese of Fairbanks,AK
AK,cohoe,Archdiocese of Anchorage–Juneau,AK
AK,college,Diocese of Fairbanks,AK
AK,copper center,Archdiocese of Anchorage–Juneau,AK
AK,cordova,Archdiocese of Anchorage–Juneau,AK
AK,craig,Archdiocese of Anchorage–Juneau,AK
AK,delta junction,Diocese of Fairbanks,AK
AK,deltana,Diocese of Fairbanks,AK
AK,diamond ridge,Archdiocese of Anchorage–Juneau,AK
AK,dillingham,Archdiocese of Anchorage–Juneau,AK
AK,dutch harbor,Archdiocese of Anchorage–Juneau,AK
AK,eagle river,Archdiocese of Anchorage–Juneau,AK
AK,eek,Diocese of Fairbanks,AK
AK,eielson air force base,Diocese of Fairbanks,AK
AK,elim,Diocese of Fairbanks,AK
AK,elmendorf air force base,Archdiocese of Anchorage–Juneau,AK
AK,emmonak,Diocese of Fairbanks,AK
AK,ester,Diocese of Fairbanks,AK
AK,fairbanks,Diocese of Fairbanks,AK
AK,farm loop,Archdiocese of Anchorage–Juneau,AK
AK,farmers loop,Diocese of Fairbanks,AK
AK,fishhook,Archdiocese of Anchorage–Juneau,AK
AK,fort greely,Diocese of Fairbanks,AK
AK,fort yukon,Diocese of Fairbanks,AK
AK,fox,Diocese of Fairbanks,AK
AK,fox river,Archdiocese of Anchorage–Juneau,AK
AK,fritz creek,Archdiocese of Anchorage–Juneau,AK
AK,funny river,Archdiocese of Anchorage–Juneau,AK
AK,galena,Diocese of Fairbanks,AK
AK,gambell,Diocese of Fairbanks,AK
AK,gateway,Archdiocese of Anchorage–Juneau,AK
AK,girdwood,Archdiocese of Anchorage–Juneau,AK
AK,glennallen,Archdiocese of Anchorage–Juneau,AK
AK,gustavus,Archdiocese of Anchorage–Juneau,AK
AK,haines,Archdiocese of Anchorage–Juneau,AK
AK,happy valley,Archdiocese of Anchorage–Juneau,AK
AK,healy,Diocese of Fairbanks,AK
AK,homer,Archdiocese of Anchorage–Juneau,AK
AK,hoonah,Archdiocese of Anchorage–Juneau,AK
AK,hooper bay,Diocese of Fairbanks,AK
AK,houston,Archdiocese of Anchorage–Juneau,AK
AK,hydaburg,Archdiocese of Anchorage–Juneau,AK
AK,juneau,Archdiocese of Anchorage–Juneau,AK
AK,kachemak,Archdiocese of Anchorage–Juneau,AK
AK,kachemak city,Archdiocese of Anchorage–Juneau,AK
AK,kake,Archdiocese of Anchorage–Juneau,AK
AK,kalifornsky,Archdiocese of Anchorage–Juneau,AK
AK,kasigluk,Diocese of Fairbanks,AK
AK,kasilof,Archdiocese of Anchorage–Juneau,AK
AK,kenai,Archdiocese of Anchorage–Juneau,AK
AK,kenny lake,Archdiocese of Anchorage–Juneau,AK
AK,ketchikan,Archdiocese of Anchorage–Juneau,AK
AK,kiana,Diocese of Fairbanks,AK
AK,king cove,Archdiocese of Anchorage–Juneau,AK
AK,king salmon,Archdiocese of Anchorage–Juneau,AK
AK,kipnuk,Diocese of Fairbanks,AK
AK,kivalina,Diocese of Fairbanks,AK
AK,klawock,Archdiocese of Anchorage–Juneau,AK
AK,knik river,Archdiocese of Anchorage–Juneau,AK
AK,knikfairview,Archdiocese of Anchorage–Juneau,AK
AK,kodiak,Archdiocese of Anchorage–Juneau,AK
AK,kodiak station,Archdiocese of Anchorage–Juneau,AK
AK,kongiganak,Diocese of Fairbanks,AK
AK,kotlik,Diocese of Fairbanks,AK
AK,kotzebue,Diocese of Fairbanks,AK
AK,koyuk,Diocese of Fairbanks,AK
AK,kwethluk,Diocese of Fairbanks,AK
AK,kwigillingok,Diocese of Fairbanks,AK
AK,lakes,Archdiocese of Anchorage–Juneau,AK
AK,lazy mountain,Archdiocese of Anchorage–Juneau,AK
AK,manokotak,Archdiocese of Anchorage–Juneau,AK
AK,marshall,Diocese of Fairbanks,AK
AK,mcgrath,Diocese of Fairbanks,AK
AK,meadow lakes,Archdiocese of Anchorage–Juneau,AK
AK,metlakatla,Archdiocese of Anchorage–Juneau,AK
AK,moose creek,Diocese of Fairbanks,AK
AK,mosquito lake,Archdiocese of Anchorage–Juneau,AK
AK,mountain village,Diocese of Fairbanks,AK
AK,naknek,Archdiocese of Anchorage–Juneau,AK
AK,napakiak,Diocese of Fairbanks,AK
AK,napaskiak,Diocese of Fairbanks,AK
AK,nenana,Diocese of Fairbanks,AK
AK,new stuyahok,Archdiocese of Anchorage–Juneau,AK
AK,newtok,Diocese of Fairbanks,AK
AK,nikiski,Archdiocese of Anchorage–Juneau,AK
AK,nikolaevsk,Archdiocese of Anchorage–Juneau,AK
AK,ninilchik,Archdiocese of Anchorage–Juneau,AK
AK,noatak,Diocese of Fairbanks,AK
AK,nome,Diocese of Fairbanks,AK
AK,noorvik,Diocese of Fairbanks,AK
AK,north pole,Diocese of Fairbanks,AK
AK,nuiqsut,Diocese of Fairbanks,AK
AK,nunapitchuk,Diocese of Fairbanks,AK
AK,palmer,Archdiocese of Anchorage–Juneau,AK
AK,petersburg,Archdiocese of Anchorage–Juneau,AK
AK,pilot station,Diocese of Fairbanks,AK
AK,pleasant valley,Diocese of Fairbanks,AK
AK,point hope,Diocese of Fairbanks,AK
AK,point mackenzie,Archdiocese of Anchorage–Juneau,AK
AK,prudhoe bay,Diocese of Fairbanks,AK
AK,quinhagak,Diocese of Fairbanks,AK
AK,ridgeway,Archdiocese of Anchorage–Juneau,AK
AK,russian mission,Diocese of Fairbanks,AK
AK,salamatof,Archdiocese of Anchorage–Juneau,AK
AK,salcha,Diocese of Fairbanks,AK
AK,sand point,Archdiocese of Anchorage–Juneau,AK
AK,savoonga,Diocese of Fairbanks,AK
AK,saxman,Archdiocese of Anchorage–Juneau,AK
AK,scammon bay,Diocese of Fairbanks,AK
AK,selawik,Diocese of Fairbanks,AK
AK,seward,Archdiocese of Anchorage–Juneau,AK
AK,shishmaref,Diocese of Fairbanks,AK
AK,sitka,Archdiocese of Anchorage–Juneau,AK
AK,skagway,Archdiocese of Anchorage–Juneau,AK
AK,soldotna,Archdiocese of Anchorage–Juneau,AK
AK,south van horn,Diocese of Fairbanks,AK
AK,st marys,Diocese of Fairbanks,AK
AK,st michael,Diocese of Fairbanks,AK
AK,st paul,Archdiocese of Anchorage–Juneau,AK
AK,stebbins,Diocese of Fairbanks,AK
AK,sterling,Archdiocese of Anchorage–Juneau,AK
AK,susitna north,Archdiocese of Anchorage–Juneau,AK
AK,suttonalpine,Archdiocese of Anchorage–Juneau,AK
AK,talkeetna,Archdiocese of Anchorage–Juneau,AK
AK,tanaina,Archdiocese of Anchorage–Juneau,AK
AK,thorne bay,Archdiocese of Anchorage–Juneau,AK
AK,togiak,Archdiocese of Anchorage–Juneau,AK
AK,tok,Diocese of Fairbanks,AK
AK,toksook bay,Diocese of Fairbanks,AK
AK,trapper creek,Archdiocese of Anchorage–Juneau,AK
AK,tuluksak,Diocese of Fairbanks,AK
AK,tuntutuliak,Diocese of Fairbanks,AK
AK,tununak,Diocese of Fairbanks,AK
AK,two rivers,Diocese of Fairbanks,AK
AK,unalakleet,Diocese of Fairbanks,AK
AK,unalaska,Archdiocese of Anchorage–Juneau,AK
AK,utqiagvik,Diocese of Fairbanks,AK
AK,valdez,Archdiocese of Anchorage–Juneau,AK
AK,wainwright,Diocese of Fairbanks,AK
AK,wasilla,Archdiocese of Anchorage–Juneau,AK
AK,willow,Archdiocese of Anchorage–Juneau,AK
AK,womens bay,Archdiocese of Anchorage–Juneau,AK
AK,wrangell,Archdiocese of Anchorage–Juneau,AK
AK,yakutat,Archdiocese of Anchorage–Juneau,AK
AL,abbeville,Archdiocese of Mobile,AL
AL,adamsville,Diocese of Birmingham,AL
AL,addison,Diocese of Birmingham,AL
AL,akron,Diocese of Birmingham,AL
AL,alabaster,Diocese of Birmingham,AL
AL,albertville,Diocese of Birmingham,AL
AL,alexander city,Diocese of Birmingham,AL
AL,alexandria,Diocese of Birmingham,AL
AL,aliceville,Diocese of Birmingham,AL
AL,allgood,Diocese of Birmingham,AL
AL,altoona,Diocese of Birmingham,AL
AL,andalusia,Archdiocese of Mobile,AL
AL,anderson,Diocese of Birmingham,AL
AL,anniston,Diocese of Birmingham,AL
AL,arab,Diocese of Birmingham,AL
AL,argo,Diocese of Birmingham,AL
AL,ariton,Archdiocese of Mobile,AL
AL,arley,Diocese of Birmingham,AL
AL,ashford,Archdiocese of Mobile,AL
AL,ashland,Diocese of Birmingham,AL
AL,ashville,Diocese of Birmingham,AL
AL,athens,Diocese of Birmingham,AL
AL,atmore,Archdiocese of Mobile,AL
AL,attalla,Diocese of Birmingham,AL
AL,auburn,Archdiocese of Mobile,AL
AL,autaugaville,Archdiocese of Mobile,AL
AL,avon,Archdiocese of Mobile,AL
AL,axis,Archdiocese of Mobile,AL
AL,babbie,Archdiocese of Mobile,AL
AL,baileyton,Diocese of Birmingham,AL
AL,ballplay,Diocese of Birmingham,AL
AL,bay minette,Archdiocese of Mobile,AL
AL,bayou la batre,Archdiocese of Mobile,AL
AL,bear creek,Diocese of Birmingham,AL
AL,bellamy,Diocese of Birmingham,AL
AL,bellefontaine,Archdiocese of Mobile,AL
AL,berry,Diocese of Birmingham,AL
AL,bessemer,Diocese of Birmingham,AL
AL,birmingham,Diocese of Birmingham,AL
AL,blountsville,Diocese of Birmingham,AL
AL,blue ridge,Archdiocese of Mobile,AL
AL,boaz,Diocese of Birmingham,AL
AL,boligee,Diocese of Birmingham,AL
AL,branchville,Diocese of Birmingham,AL
AL,brantley,Archdiocese of Mobile,AL
AL,brantleyville,Diocese of Birmingham,AL
AL,brent,Diocese of Birmingham,AL
AL,brewton,Archdiocese of Mobile,AL
AL,bridgeport,Diocese of Birmingham,AL
AL,brighton,Diocese of Birmingham,AL
AL,brilliant,Diocese of Birmingham,AL
AL,brook highland,Diocese of Birmingham,AL
AL,brookside,Diocese of Birmingham,AL
AL,brookwood,Diocese of Birmingham,AL
AL,brundidge,Archdiocese of Mobile,AL
AL,butler,Archdiocese of Mobile,AL
AL,bynum,Diocese of Birmingham,AL
AL,cahaba heights,Diocese of Birmingham,AL
AL,calera,Diocese of Birmingham,AL
AL,camden,Archdiocese of Mobile,AL
AL,camp hill,Diocese of Birmingham,AL
AL,carbon hill,Diocese of Birmingham,AL
AL,carlislerockledge,Diocese of Birmingham,AL
AL,carrollton,Diocese of Birmingham,AL
AL,castleberry,Archdiocese of Mobile,AL
AL,cedar bluff,Diocese of Birmingham,AL
AL,center point,Diocese of Birmingham,AL
AL,centre,Diocese of Birmingham,AL
AL,centreville,Diocese of Birmingham,AL
AL,chalkville,Diocese of Birmingham,AL
AL,chatom,Archdiocese of Mobile,AL
AL,chelsea,Diocese of Birmingham,AL
AL,cherokee,Diocese of Birmingham,AL
AL,chickasaw,Archdiocese of Mobile,AL
AL,childersburg,Diocese of Birmingham,AL
AL,choccolocco,Diocese of Birmingham,AL
AL,citronelle,Archdiocese of Mobile,AL
AL,clanton,Diocese of Birmingham,AL
AL,clay,Diocese of Birmingham,AL
AL,clayhatchee,Archdiocese of Mobile,AL
AL,clayton,Archdiocese of Mobile,AL
AL,cleveland,Diocese of Birmingham,AL
AL,clio,Archdiocese of Mobile,AL
AL,coaling,Diocese of Birmingham,AL
AL,coffeeville,Archdiocese of Mobile,AL
AL,coker,Diocese of Birmingham,AL
AL,collinsville,Diocese of Birmingham,AL
AL,colony,Diocese of Birmingham,AL
AL,columbia,Archdiocese of Mobile,AL
AL,columbiana,Diocese of Birmingham,AL
AL,concord,Diocese of Birmingham,AL
AL,coosada,Archdiocese of Mobile,AL
AL,cordova,Diocese of Birmingham,AL
AL,cottonwood,Archdiocese of Mobile,AL
AL,courtland,Diocese of Birmingham,AL
AL,cowarts,Archdiocese of Mobile,AL
AL,creola,Archdiocese of Mobile,AL
AL,crossville,Diocese of Birmingham,AL
AL,cuba,Diocese of Birmingham,AL
AL,cullman,Diocese of Birmingham,AL
AL,dadeville,Diocese of Birmingham,AL
AL,daleville,Archdiocese of Mobile,AL
AL,danville,Diocese of Birmingham,AL
AL,daphne,Archdiocese of Mobile,AL
AL,dauphin island,Archdiocese of Mobile,AL
AL,deatsville,Archdiocese of Mobile,AL
AL,decatur,Diocese of Birmingham,AL
AL,demopolis,Diocese of Birmingham,AL
AL,dixiana,Diocese of Birmingham,AL
AL,dodge city,Diocese of Birmingham,AL
AL,dora,Diocese of Birmingham,AL
AL,dothan,Archdiocese of Mobile,AL
AL,double springs,Diocese of Birmingham,AL
AL,douglas,Diocese of Birmingham,AL
AL,dozier,Archdiocese of Mobile,AL
AL,dunnavant,Diocese of Birmingham,AL
AL,dutton,Diocese of Birmingham,AL
AL,east brewton,Archdiocese of Mobile,AL
AL,east florence,Diocese of Birmingham,AL
AL,eclectic,Archdiocese of Mobile,AL
AL,edgewater,Diocese of Birmingham,AL
AL,egypt,Diocese of Birmingham,AL
AL,elba,Archdiocese of Mobile,AL
AL,elberta,Archdiocese of Mobile,AL
AL,elkmont,Diocese of Birmingham,AL
AL,elmore,Archdiocese of Mobile,AL
AL,emerald mountain,Archdiocese of Mobile,AL
AL,enterprise,Archdiocese of Mobile,AL
AL,eufaula,Archdiocese of Mobile,AL
AL,eutaw,Diocese of Birmingham,AL
AL,eva,Diocese of Birmingham,AL
AL,evergreen,Archdiocese of Mobile,AL
AL,excel,Archdiocese of Mobile,AL
AL,fairfield,Diocese of Birmingham,AL
AL,fairhope,Archdiocese of Mobile,AL
AL,fairview,Diocese of Birmingham,AL
AL,falkville,Diocese of Birmingham,AL
AL,fayette,Diocese of Birmingham,AL
AL,fayetteville,Diocese of Birmingham,AL
AL,flint city,Diocese of Birmingham,AL
AL,flomaton,Archdiocese of Mobile,AL
AL,florala,Archdiocese of Mobile,AL
AL,florence,Diocese of Birmingham,AL
AL,foley,Archdiocese of Mobile,AL
AL,forestdale,Diocese of Birmingham,AL
AL,forkland,Diocese of Birmingham,AL
AL,fort deposit,Archdiocese of Mobile,AL
AL,fort novosel,Archdiocese of Mobile,AL
AL,fort payne,Diocese of Birmingham,AL
AL,frisco city,Archdiocese of Mobile,AL
AL,fultondale,Diocese of Birmingham,AL
AL,fyffe,Diocese of Birmingham,AL
AL,gadsden,Diocese of Birmingham,AL
AL,gallant,Diocese of Birmingham,AL
AL,garden city,Diocese of Birmingham,AL
AL,gardendale,Diocese of Birmingham,AL
AL,geneva,Archdiocese of Mobile,AL
AL,georgiana,Archdiocese of Mobile,AL
AL,geraldine,Diocese of Birmingham,AL
AL,glen allen,Diocese of Birmingham,AL
AL,glencoe,Diocese of Birmingham,AL
AL,good hope,Diocese of Birmingham,AL
AL,goodwater,Diocese of Birmingham,AL
AL,gordo,Diocese of Birmingham,AL
AL,gordon,Archdiocese of Mobile,AL
AL,gordonville,Archdiocese of Mobile,AL
AL,grand bay,Archdiocese of Mobile,AL
AL,grant,Diocese of Birmingham,AL
AL,grayson valley,Diocese of Birmingham,AL
AL,graysville,Diocese of Birmingham,AL
AL,greensboro,Diocese of Birmingham,AL
AL,greenville,Archdiocese of Mobile,AL
AL,grove hill,Archdiocese of Mobile,AL
AL,guin,Diocese of Birmingham,AL
AL,gulf shores,Archdiocese of Mobile,AL
AL,guntersville,Diocese of Birmingham,AL
AL,gurley,Diocese of Birmingham,AL
AL,hackleburg,Diocese of Birmingham,AL
AL,hackneyville,Diocese of Birmingham,AL
AL,haleyville,Diocese of Birmingham,AL
AL,hamilton,Diocese of Birmingham,AL
AL,hammondville,Diocese of Birmingham,AL
AL,hanceville,Diocese of Birmingham,AL
AL,harpersville,Diocese of Birmingham,AL
AL,hartford,Archdiocese of Mobile,AL
AL,hartselle,Diocese of Birmingham,AL
AL,harvest,Diocese of Birmingham,AL
AL,hayden,Diocese of Birmingham,AL
AL,hayneville,Archdiocese of Mobile,AL
AL,hazel green,Diocese of Birmingham,AL
AL,headland,Archdiocese of Mobile,AL
AL,heflin,Diocese of Birmingham,AL
AL,helena,Diocese of Birmingham,AL
AL,henagar,Diocese of Birmingham,AL
AL,highland lake,Diocese of Birmingham,AL
AL,highland lakes,Diocese of Birmingham,AL
AL,hillsboro,Diocese of Birmingham,AL
AL,hissop,Diocese of Birmingham,AL
AL,hobson city,Diocese of Birmingham,AL
AL,hokes bluff,Diocese of Birmingham,AL
AL,hollins,Diocese of Birmingham,AL
AL,hollis crossroads,Diocese of Birmingham,AL
AL,holly pond,Diocese of Birmingham,AL
AL,hollywood,Diocese of Birmingham,AL
AL,holt,Diocese of Birmingham,AL
AL,holtville,Archdiocese of Mobile,AL
AL,homewood,Diocese of Birmingham,AL
AL,hoover,Diocese of Birmingham,AL
AL,horton,Diocese of Birmingham,AL
AL,hueytown,Diocese of Birmingham,AL
AL,huguley,Diocese of Birmingham,AL
AL,huntsville,Diocese of Birmingham,AL
AL,hurtsboro,Archdiocese of Mobile,AL
AL,hytop,Diocese of Birmingham,AL
AL,ider,Diocese of Birmingham,AL
AL,indian springs village,Diocese of Birmingham,AL
AL,inverness,Archdiocese of Mobile,AL
AL,irondale,Diocese of Birmingham,AL
AL,ivalee,Diocese of Birmingham,AL
AL,jack,Archdiocese of Mobile,AL
AL,jackson,Archdiocese of Mobile,AL
AL,jacksons gap,Diocese of Birmingham,AL
AL,jacksonville,Diocese of Birmingham,AL
AL,jasper,Diocese of Birmingham,AL
AL,jemison,Diocese of Birmingham,AL
AL,joppa,Diocese of Birmingham,AL
AL,joquin,Archdiocese of Mobile,AL
AL,kennedy,Diocese of Birmingham,AL
AL,killen,Diocese of Birmingham,AL
AL,kimberly,Diocese of Birmingham,AL
AL,kinsey,Archdiocese of Mobile,AL
AL,kinston,Archdiocese of Mobile,AL
AL,ladonia,Archdiocese of Mobile,AL
AL,lafayette,Diocese of Birmingham,AL
AL,lake purdy,Diocese of Birmingham,AL
AL,lake view,Diocese of Birmingham,AL
AL,lanett,Diocese of Birmingham,AL
AL,leeds,Diocese of Birmingham,AL
AL,leesburg,Diocese of Birmingham,AL
AL,leighton,Diocese of Birmingham,AL
AL,leroy,Archdiocese of Mobile,AL
AL,level plains,Archdiocese of Mobile,AL
AL,lexington,Diocese of Birmingham,AL
AL,lillian,Archdiocese of Mobile,AL
AL,lincoln,Diocese of Birmingham,AL
AL,linden,Diocese of Birmingham,AL
AL,lineville,Diocese of Birmingham,AL
AL,lipscomb,Diocese of Birmingham,AL
AL,lisman,Archdiocese of Mobile,AL
AL,littleville,Diocese of Birmingham,AL
AL,livingston,Diocese of Birmingham,AL
AL,lockhart,Archdiocese of Mobile,AL
AL,locust fork,Diocese of Birmingham,AL
AL,louisville,Archdiocese of Mobile,AL
AL,loxley,Archdiocese of Mobile,AL
AL,luverne,Archdiocese of Mobile,AL
AL,lynn,Diocese of Birmingham,AL
AL,madison,Diocese of Birmingham,AL
AL,madrid,Archdiocese of Mobile,AL
AL,magnolia springs,Archdiocese of Mobile,AL
AL,malvern,Archdiocese of Mobile,AL
AL,maplesville,Diocese of Birmingham,AL
AL,marbury,Archdiocese of Mobile,AL
AL,margaret,Diocese of Birmingham,AL
AL,marion,Diocese of Birmingham,AL
AL,mathews,Archdiocese of Mobile,AL
AL,maytown,Diocese of Birmingham,AL
AL,mcdonald chapel,Diocese of Birmingham,AL
AL,mckenzie,Archdiocese of Mobile,AL
AL,meadowbrook,Diocese of Birmingham,AL
AL,mentone,Diocese of Birmingham,AL
AL,meridianville,Diocese of Birmingham,AL
AL,midfield,Diocese of Birmingham,AL
AL,midland city,Archdiocese of Mobile,AL
AL,midway,Archdiocese of Mobile,AL
AL,millbrook,Archdiocese of Mobile,AL
AL,millport,Diocese of Birmingham,AL
AL,millry,Archdiocese of Mobile,AL
AL,minor,Diocese of Birmingham,AL
AL,mobile,Archdiocese of Mobile,AL
AL,monroeville,Archdiocese of Mobile,AL
AL,montevallo,Diocese of Birmingham,AL
AL,montgomery,Archdiocese of Mobile,AL
AL,moody,Diocese of Birmingham,AL
AL,moores mill,Diocese of Birmingham,AL
AL,morris,Diocese of Birmingham,AL
AL,mosses,Archdiocese of Mobile,AL
AL,moulton,Diocese of Birmingham,AL
AL,moundville,Diocese of Birmingham,AL
AL,mount olive,Diocese of Birmingham,AL
AL,mountain brook,Diocese of Birmingham,AL
AL,mountainboro,Diocese of Birmingham,AL
AL,movico,Archdiocese of Mobile,AL
AL,mulga,Diocese of Birmingham,AL
AL,munford,Diocese of Birmingham,AL
AL,muscle shoals,Diocese of Birmingham,AL
AL,nances creek,Diocese of Birmingham,AL
AL,napier field,Archdiocese of Mobile,AL
AL,nectar,Diocese of Birmingham,AL
AL,new brockton,Archdiocese of Mobile,AL
AL,new hope,Diocese of Birmingham,AL
AL,new market,Diocese of Birmingham,AL
AL,new site,Diocese of Birmingham,AL
AL,newton,Archdiocese of Mobile,AL
AL,newville,Archdiocese of Mobile,AL
AL,north bibb,Diocese of Birmingham,AL
AL,north courtland,Diocese of Birmingham,AL
AL,northport,Diocese of Birmingham,AL
AL,notasulga,Archdiocese of Mobile,AL
AL,oak grove,Diocese of Birmingham,AL
AL,oakman,Diocese of Birmingham,AL
AL,odenville,Diocese of Birmingham,AL
AL,ohatchee,Diocese of Birmingham,AL
AL,oneonta,Diocese of Birmingham,AL
AL,opelika,Archdiocese of Mobile,AL
AL,opp,Archdiocese of Mobile,AL
AL,orange beach,Archdiocese of Mobile,AL
AL,our town,Diocese of Birmingham,AL
AL,owens cross roads,Diocese of Birmingham,AL
AL,oxford,Diocese of Birmingham,AL
AL,ozark,Archdiocese of Mobile,AL
AL,parrish,Diocese of Birmingham,AL
AL,pelham,Diocese of Birmingham,AL
AL,pell city,Diocese of Birmingham,AL
AL,perdido beach,Archdiocese of Mobile,AL
AL,phenix city,Archdiocese of Mobile,AL
AL,phil campbell,Diocese of Birmingham,AL
AL,pickensville,Diocese of Birmingham,AL
AL,piedmont,Diocese of Birmingham,AL
AL,pike road,Archdiocese of Mobile,AL
AL,pinckard,Archdiocese of Mobile,AL
AL,pine hill,Archdiocese of Mobile,AL
AL,pine level,Archdiocese of Mobile,AL
AL,pinson,Diocese of Birmingham,AL
AL,plateau,Archdiocese of Mobile,AL
AL,pleasant grove,Diocese of Birmingham,AL
AL,pleasant groves,Diocese of Birmingham,AL
AL,point clear,Archdiocese of Mobile,AL
AL,powell,Diocese of Birmingham,AL
AL,prattville,Archdiocese of Mobile,AL
AL,priceville,Diocese of Birmingham,AL
AL,prichard,Archdiocese of Mobile,AL
AL,ragland,Diocese of Birmingham,AL
AL,rainbow city,Diocese of Birmingham,AL
AL,rainsville,Diocese of Birmingham,AL
AL,ranburne,Diocese of Birmingham,AL
AL,ray,Diocese of Birmingham,AL
AL,red bay,Diocese of Birmingham,AL
AL,red level,Archdiocese of Mobile,AL
AL,redstone arsenal,Diocese of Birmingham,AL
AL,reece city,Diocese of Birmingham,AL
AL,reeltown,Diocese of Birmingham,AL
AL,reform,Diocese of Birmingham,AL
AL,rehobeth,Archdiocese of Mobile,AL
AL,river falls,Archdiocese of Mobile,AL
AL,riverside,Diocese of Birmingham,AL
AL,roanoke,Diocese of Birmingham,AL
AL,robertsdale,Archdiocese of Mobile,AL
AL,rock creek,Diocese of Birmingham,AL
AL,rock mills,Diocese of Birmingham,AL
AL,rockford,Diocese of Birmingham,AL
AL,rogersville,Diocese of Birmingham,AL
AL,rosa,Diocese of Birmingham,AL
AL,russellville,Diocese of Birmingham,AL
AL,rutledge,Archdiocese of Mobile,AL
AL,saks,Diocese of Birmingham,AL
AL,samson,Archdiocese of Mobile,AL
AL,sand rock,Diocese of Birmingham,AL
AL,saraland,Archdiocese of Mobile,AL
AL,sardis city,Diocese of Birmingham,AL
AL,satsuma,Archdiocese of Mobile,AL
AL,scottsboro,Diocese of Birmingham,AL
AL,section,Diocese of Birmingham,AL
AL,selma,Archdiocese of Mobile,AL
AL,selmontwest selmont,Archdiocese of Mobile,AL
AL,semmes,Archdiocese of Mobile,AL
AL,sheffield,Diocese of Birmingham,AL
AL,shelby,Diocese of Birmingham,AL
AL,shoal creek,Diocese of Birmingham,AL
AL,shorter,Archdiocese of Mobile,AL
AL,silas,Archdiocese of Mobile,AL
AL,silverhill,Archdiocese of Mobile,AL
AL,sipsey,Diocese of Birmingham,AL
AL,skyline,Diocese of Birmingham,AL
AL,slocomb,Archdiocese of Mobile,AL
AL,smiths station,Archdiocese of Mobile,AL
AL,smoke rise,Diocese of Birmingham,AL
AL,snead,Diocese of Birmingham,AL
AL,somerville,Diocese of Birmingham,AL
AL,south vinemont,Diocese of Birmingham,AL
AL,southside,Diocese of Birmingham,AL
AL,spanish fort,Archdiocese of Mobile,AL
AL,springville,Diocese of Birmingham,AL
AL,st florian,Diocese of Birmingham,AL
AL,st stephens,Archdiocese of Mobile,AL
AL,steele,Diocese of Birmingham,AL
AL,sterrett,Diocese of Birmingham,AL
AL,stevenson,Diocese of Birmingham,AL
AL,stewartville,Diocese of Birmingham,AL
AL,sulligent,Diocese of Birmingham,AL
AL,sumiton,Diocese of Birmingham,AL
AL,summerdale,Archdiocese of Mobile,AL
AL,susan moore,Diocese of Birmingham,AL
AL,sylacauga,Diocese of Birmingham,AL
AL,sylvan springs,Diocese of Birmingham,AL
AL,sylvania,Diocese of Birmingham,AL
AL,talladega,Diocese of Birmingham,AL
AL,tallassee,Archdiocese of Mobile,AL
AL,tarrant,Diocese of Birmingham,AL
AL,taylor,Archdiocese of Mobile,AL
AL,theodore,Archdiocese of Mobile,AL
AL,thomaston,Diocese of Birmingham,AL
AL,thomasville,Archdiocese of Mobile,AL
AL,thorsby,Diocese of Birmingham,AL
AL,tillmans corner,Archdiocese of Mobile,AL
AL,town creek,Diocese of Birmingham,AL
AL,trafford,Diocese of Birmingham,AL
AL,triana,Diocese of Birmingham,AL
AL,trinity,Diocese of Birmingham,AL
AL,troy,Archdiocese of Mobile,AL
AL,trussville,Diocese of Birmingham,AL
AL,tuscaloosa,Diocese of Birmingham,AL
AL,tuscumbia,Diocese of Birmingham,AL
AL,tuskegee,Archdiocese of Mobile,AL
AL,twin,Diocese of Birmingham,AL
AL,underwoodpetersville,Diocese of Birmingham,AL
AL,union springs,Archdiocese of Mobile,AL
AL,uniontown,Diocese of Birmingham,AL
AL,valley,Diocese of Birmingham,AL
AL,valley grande,Archdiocese of Mobile,AL
AL,valley head,Diocese of Birmingham,AL
AL,vance,Diocese of Birmingham,AL
AL,vandiver,Diocese of Birmingham,AL
AL,vernon,Diocese of Birmingham,AL
AL,vestavia hills,Diocese of Birmingham,AL
AL,vina,Diocese of Birmingham,AL
AL,vincent,Diocese of Birmingham,AL
AL,wadley,Diocese of Birmingham,AL
AL,walnut grove,Diocese of Birmingham,AL
AL,warrior,Diocese of Birmingham,AL
AL,weaver,Diocese of Birmingham,AL
AL,webb,Archdiocese of Mobile,AL
AL,wedowee,Diocese of Birmingham,AL
AL,west blocton,Diocese of Birmingham,AL
AL,west endcobb town,Diocese of Birmingham,AL
AL,west jefferson,Diocese of Birmingham,AL
AL,west point,Diocese of Birmingham,AL
AL,weston,Diocese of Birmingham,AL
AL,westover,Diocese of Birmingham,AL
AL,wetumpka,Archdiocese of Mobile,AL
AL,white hall,Archdiocese of Mobile,AL
AL,white plains,Diocese of Birmingham,AL
AL,whitesboro,Diocese of Birmingham,AL
AL,wilmer,Archdiocese of Mobile,AL
AL,wilsonville,Diocese of Birmingham,AL
AL,wilton,Diocese of Birmingham,AL
AL,winfield,Diocese of Birmingham,AL
AL,woodstock,Diocese of Birmingham,AL
AL,woodville,Diocese of Birmingham,AL
AL,york,Diocese of Birmingham,AL
AR,alexander,Diocese of Little Rock,AR
AR,alma,Diocese of Little Rock,AR
AR,alpena,Diocese of Little Rock,AR
AR,altheimer,Diocese of Little Rock,AR
AR,altus,Diocese of Little Rock,AR
AR,amity,Diocese of Little Rock,AR
AR,arkadelphia,Diocese of Little Rock,AR
AR,arkansas city,Diocese of Little Rock,AR
AR,ash flat,Diocese of Little Rock,AR
AR,ashdown,Diocese of Little Rock,AR
AR,atkins,Diocese of Little Rock,AR
AR,augusta,Diocese of Little Rock,AR
AR,austin,Diocese of Little Rock,AR
AR,avilla,Diocese of Little Rock,AR
AR,avoca,Diocese of Little Rock,AR
AR,bald knob,Diocese of Little Rock,AR
AR,barling,Diocese of Little Rock,AR
AR,batesville,Diocese of Little Rock,AR
AR,bauxite,Diocese of Little Rock,AR
AR,bay,Diocese of Little Rock,AR
AR,bearden,Diocese of Little Rock,AR
AR,beebe,Diocese of Little Rock,AR
AR,bella vista,Diocese of Little Rock,AR
AR,bellefonte,Diocese of Little Rock,AR
AR,belleville,Diocese of Little Rock,AR
AR,benton,Diocese of Little Rock,AR
AR,bentonville,Diocese of Little Rock,AR
AR,bergman,Diocese of Little Rock,AR
AR,berryville,Diocese of Little Rock,AR
AR,bethel heights,Diocese of Little Rock,AR
AR,bigelow,Diocese of Little Rock,AR
AR,biggers,Diocese of Little Rock,AR
AR,biscoe,Diocese of Little Rock,AR
AR,black rock,Diocese of Little Rock,AR
AR,blevins,Diocese of Little Rock,AR
AR,blytheville,Diocese of Little Rock,AR
AR,bonanza,Diocese of Little Rock,AR
AR,bono,Diocese of Little Rock,AR
AR,booneville,Diocese of Little Rock,AR
AR,bradford,Diocese of Little Rock,AR
AR,bradley,Diocese of Little Rock,AR
AR,branch,Diocese of Little Rock,AR
AR,brinkley,Diocese of Little Rock,AR
AR,brookland,Diocese of Little Rock,AR
AR,bryant,Diocese of Little Rock,AR
AR,bull shoals,Diocese of Little Rock,AR
AR,cabot,Diocese of Little Rock,AR
AR,caddo valley,Diocese of Little Rock,AR
AR,caldwell,Diocese of Little Rock,AR
AR,calico rock,Diocese of Little Rock,AR
AR,calion,Diocese of Little Rock,AR
AR,camden,Diocese of Little Rock,AR
AR,cammack village,Diocese of Little Rock,AR
AR,caraway,Diocese of Little Rock,AR
AR,carlisle,Diocese of Little Rock,AR
AR,carthage,Diocese of Little Rock,AR
AR,cash,Diocese of Little Rock,AR
AR,cave city,Diocese of Little Rock,AR
AR,cave springs,Diocese of Little Rock,AR
AR,cedarville,Diocese of Little Rock,AR
AR,center ridge,Diocese of Little Rock,AR
AR,centerton,Diocese of Little Rock,AR
AR,central city,Diocese of Little Rock,AR
AR,charleston,Diocese of Little Rock,AR
AR,cherokee village,Diocese of Little Rock,AR
AR,cherry valley,Diocese of Little Rock,AR
AR,cincinnati,Diocese of Little Rock,AR
AR,clarendon,Diocese of Little Rock,AR
AR,clarkedale,Diocese of Little Rock,AR
AR,clarksville,Diocese of Little Rock,AR
AR,clinton,Diocese of Little Rock,AR
AR,coal hill,Diocese of Little Rock,AR
AR,college city,Diocese of Little Rock,AR
AR,college station,Diocese of Little Rock,AR
AR,colt,Diocese of Little Rock,AR
AR,conway,Diocese of Little Rock,AR
AR,corning,Diocese of Little Rock,AR
AR,cotter,Diocese of Little Rock,AR
AR,cotton plant,Diocese of Little Rock,AR
AR,cove,Diocese of Little Rock,AR
AR,crawfordsville,Diocese of Little Rock,AR
AR,crossett,Diocese of Little Rock,AR
AR,cushman,Diocese of Little Rock,AR
AR,damascus,Diocese of Little Rock,AR
AR,danville,Diocese of Little Rock,AR
AR,dardanelle,Diocese of Little Rock,AR
AR,de queen,Diocese of Little Rock,AR
AR,de valls bluff,Diocese of Little Rock,AR
AR,de witt,Diocese of Little Rock,AR
AR,decatur,Diocese of Little Rock,AR
AR,dennard,Diocese of Little Rock,AR
AR,denning,Diocese of Little Rock,AR
AR,dermott,Diocese of Little Rock,AR
AR,des arc,Diocese of Little Rock,AR
AR,diamond city,Diocese of Little Rock,AR
AR,diaz,Diocese of Little Rock,AR
AR,dierks,Diocese of Little Rock,AR
AR,donaldson,Diocese of Little Rock,AR
AR,dover,Diocese of Little Rock,AR
AR,dumas,Diocese of Little Rock,AR
AR,dyer,Diocese of Little Rock,AR
AR,dyess,Diocese of Little Rock,AR
AR,earle,Diocese of Little Rock,AR
AR,east camden,Diocese of Little Rock,AR
AR,east end,Diocese of Little Rock,AR
AR,edmondson,Diocese of Little Rock,AR
AR,el dorado,Diocese of Little Rock,AR
AR,elaine,Diocese of Little Rock,AR
AR,elkins,Diocese of Little Rock,AR
AR,elm springs,Diocese of Little Rock,AR
AR,emerson,Diocese of Little Rock,AR
AR,emmet,Diocese of Little Rock,AR
AR,england,Diocese of Little Rock,AR
AR,enola,Diocese of Little Rock,AR
AR,eudora,Diocese of Little Rock,AR
AR,eureka springs,Diocese of Little Rock,AR
AR,evening shade,Diocese of Little Rock,AR
AR,fairfield bay,Diocese of Little Rock,AR
AR,farmington,Diocese of Little Rock,AR
AR,fayetteville,Diocese of Little Rock,AR
AR,flippin,Diocese of Little Rock,AR
AR,fordyce,Diocese of Little Rock,AR
AR,foreman,Diocese of Little Rock,AR
AR,forrest city,Diocese of Little Rock,AR
AR,fort smith,Diocese of Little Rock,AR
AR,fouke,Diocese of Little Rock,AR
AR,fountain lake,Diocese of Little Rock,AR
AR,garfield,Diocese of Little Rock,AR
AR,gassville,Diocese of Little Rock,AR
AR,gateway,Diocese of Little Rock,AR
AR,gentry,Diocese of Little Rock,AR
AR,gibson,Diocese of Little Rock,AR
AR,gillett,Diocese of Little Rock,AR
AR,glenwood,Diocese of Little Rock,AR
AR,goshen,Diocese of Little Rock,AR
AR,gosnell,Diocese of Little Rock,AR
AR,gould,Diocese of Little Rock,AR
AR,grady,Diocese of Little Rock,AR
AR,grannis,Diocese of Little Rock,AR
AR,gravel ridge,Diocese of Little Rock,AR
AR,gravette,Diocese of Little Rock,AR
AR,green forest,Diocese of Little Rock,AR
AR,greenbrier,Diocese of Little Rock,AR
AR,greenland,Diocese of Little Rock,AR
AR,greenwood,Diocese of Little Rock,AR
AR,greers ferry,Diocese of Little Rock,AR
AR,grubbs,Diocese of Little Rock,AR
AR,gurdon,Diocese of Little Rock,AR
AR,guy,Diocese of Little Rock,AR
AR,hackett,Diocese of Little Rock,AR
AR,hamburg,Diocese of Little Rock,AR
AR,hampton,Diocese of Little Rock,AR
AR,hardy,Diocese of Little Rock,AR
AR,harrisburg,Diocese of Little Rock,AR
AR,harrison,Diocese of Little Rock,AR
AR,hartford,Diocese of Little Rock,AR
AR,hartman,Diocese of Little Rock,AR
AR,haskell,Diocese of Little Rock,AR
AR,hatfield,Diocese of Little Rock,AR
AR,havana,Diocese of Little Rock,AR
AR,hazen,Diocese of Little Rock,AR
AR,heber springs,Diocese of Little Rock,AR
AR,hector,Diocese of Little Rock,AR
AR,helena,Diocese of Little Rock,AR
AR,helenawest helena,Diocese of Little Rock,AR
AR,hermitage,Diocese of Little Rock,AR
AR,higginson,Diocese of Little Rock,AR
AR,highfill,Diocese of Little Rock,AR
AR,highland,Diocese of Little Rock,AR
AR,hiwasse,Diocese of Little Rock,AR
AR,holiday island,Diocese of Little Rock,AR
AR,holland,Diocese of Little Rock,AR
AR,holly grove,Diocese of Little Rock,AR
AR,hope,Diocese of Little Rock,AR
AR,horatio,Diocese of Little Rock,AR
AR,horseshoe bend,Diocese of Little Rock,AR
AR,hot springs,Diocese of Little Rock,AR
AR,hot springs village,Diocese of Little Rock,AR
AR,hoxie,Diocese of Little Rock,AR
AR,hughes,Diocese of Little Rock,AR
AR,humphrey,Diocese of Little Rock,AR
AR,huntington,Diocese of Little Rock,AR
AR,huntsville,Diocese of Little Rock,AR
AR,huttig,Diocese of Little Rock,AR
AR,imboden,Diocese of Little Rock,AR
AR,jacksonville,Diocese of Little Rock,AR
AR,jasper,Diocese of Little Rock,AR
AR,johnson,Diocese of Little Rock,AR
AR,joiner,Diocese of Little Rock,AR
AR,jonesboro,Diocese of Little Rock,AR
AR,judsonia,Diocese of Little Rock,AR
AR,junction city,Diocese of Little Rock,AR
AR,keiser,Diocese of Little Rock,AR
AR,kensett,Diocese of Little Rock,AR
AR,kibler,Diocese of Little Rock,AR
AR,kingsland,Diocese of Little Rock,AR
AR,kirby,Diocese of Little Rock,AR
AR,knoxville,Diocese of Little Rock,AR
AR,lafe,Diocese of Little Rock,AR
AR,lake city,Diocese of Little Rock,AR
AR,lake hamilton,Diocese of Little Rock,AR
AR,lake village,Diocese of Little Rock,AR
AR,lakeview,Diocese of Little Rock,AR
AR,lamar,Diocese of Little Rock,AR
AR,landmark,Diocese of Little Rock,AR
AR,lavaca,Diocese of Little Rock,AR
AR,leachville,Diocese of Little Rock,AR
AR,leola,Diocese of Little Rock,AR
AR,lepanto,Diocese of Little Rock,AR
AR,leslie,Diocese of Little Rock,AR
AR,lewisville,Diocese of Little Rock,AR
AR,lincoln,Diocese of Little Rock,AR
AR,little flock,Diocese of Little Rock,AR
AR,little rock,Diocese of Little Rock,AR
AR,little rock air force base,Diocese of Little Rock,AR
AR,lockesburg,Diocese of Little Rock,AR
AR,london,Diocese of Little Rock,AR
AR,lonoke,Diocese of Little Rock,AR
AR,lost bridge village,Diocese of Little Rock,AR
AR,lowell,Diocese of Little Rock,AR
AR,luxora,Diocese of Little Rock,AR
AR,madison,Diocese of Little Rock,AR
AR,magazine,Diocese of Little Rock,AR
AR,magnolia,Diocese of Little Rock,AR
AR,malvern,Diocese of Little Rock,AR
AR,mammoth spring,Diocese of Little Rock,AR
AR,manila,Diocese of Little Rock,AR
AR,mansfield,Diocese of Little Rock,AR
AR,marble falls,Diocese of Little Rock,AR
AR,marianna,Diocese of Little Rock,AR
AR,marion,Diocese of Little Rock,AR
AR,marked tree,Diocese of Little Rock,AR
AR,marmaduke,Diocese of Little Rock,AR
AR,marshall,Diocese of Little Rock,AR
AR,marvell,Diocese of Little Rock,AR
AR,maumelle,Diocese of Little Rock,AR
AR,mayflower,Diocese of Little Rock,AR
AR,maynard,Diocese of Little Rock,AR
AR,mcalmont,Diocese of Little Rock,AR
AR,mccrory,Diocese of Little Rock,AR
AR,mcgehee,Diocese of Little Rock,AR
AR,mcneil,Diocese of Little Rock,AR
AR,mcrae,Diocese of Little Rock,AR
AR,melbourne,Diocese of Little Rock,AR
AR,mena,Diocese of Little Rock,AR
AR,menifee,Diocese of Little Rock,AR
AR,midland,Diocese of Little Rock,AR
AR,midway,Diocese of Little Rock,AR
AR,mineral springs,Diocese of Little Rock,AR
AR,mitchellville,Diocese of Little Rock,AR
AR,monette,Diocese of Little Rock,AR
AR,monticello,Diocese of Little Rock,AR
AR,montrose,Diocese of Little Rock,AR
AR,morrilton,Diocese of Little Rock,AR
AR,mount ida,Diocese of Little Rock,AR
AR,mount pleasant,Diocese of Little Rock,AR
AR,mountain home,Diocese of Little Rock,AR
AR,mountain pine,Diocese of Little Rock,AR
AR,mountain view,Diocese of Little Rock,AR
AR,mountainburg,Diocese of Little Rock,AR
AR,mulberry,Diocese of Little Rock,AR
AR,murfreesboro,Diocese of Little Rock,AR
AR,nashville,Diocese of Little Rock,AR
AR,natural steps,Diocese of Little Rock,AR
AR,newark,Diocese of Little Rock,AR
AR,newport,Diocese of Little Rock,AR
AR,norfork,Diocese of Little Rock,AR
AR,norman,Diocese of Little Rock,AR
AR,norphlet,Diocese of Little Rock,AR
AR,north crossett,Diocese of Little Rock,AR
AR,north little rock,Diocese of Little Rock,AR
AR,oak grove heights,Diocese of Little Rock,AR
AR,ola,Diocese of Little Rock,AR
AR,oppelo,Diocese of Little Rock,AR
AR,osceola,Diocese of Little Rock,AR
AR,oxford,Diocese of Little Rock,AR
AR,ozark,Diocese of Little Rock,AR
AR,palestine,Diocese of Little Rock,AR
AR,pangburn,Diocese of Little Rock,AR
AR,paragould,Diocese of Little Rock,AR
AR,paris,Diocese of Little Rock,AR
AR,parkin,Diocese of Little Rock,AR
AR,patterson,Diocese of Little Rock,AR
AR,pea ridge,Diocese of Little Rock,AR
AR,pelsor,Diocese of Little Rock,AR
AR,perryville,Diocese of Little Rock,AR
AR,piggott,Diocese of Little Rock,AR
AR,pine bluff,Diocese of Little Rock,AR
AR,piney,Diocese of Little Rock,AR
AR,plainview,Diocese of Little Rock,AR
AR,pleasant plains,Diocese of Little Rock,AR
AR,plumerville,Diocese of Little Rock,AR
AR,pocahontas,Diocese of Little Rock,AR
AR,portia,Diocese of Little Rock,AR
AR,portland,Diocese of Little Rock,AR
AR,pottsville,Diocese of Little Rock,AR
AR,prairie creek,Diocese of Little Rock,AR
AR,prairie grove,Diocese of Little Rock,AR
AR,prattsville,Diocese of Little Rock,AR
AR,prescott,Diocese of Little Rock,AR
AR,quitman,Diocese of Little Rock,AR
AR,ravenden,Diocese of Little Rock,AR
AR,rector,Diocese of Little Rock,AR
AR,redfield,Diocese of Little Rock,AR
AR,reyno,Diocese of Little Rock,AR
AR,rison,Diocese of Little Rock,AR
AR,rockport,Diocese of Little Rock,AR
AR,rockwell,Diocese of Little Rock,AR
AR,rogers,Diocese of Little Rock,AR
AR,roland,Diocese of Little Rock,AR
AR,rose bud,Diocese of Little Rock,AR
AR,russellville,Diocese of Little Rock,AR
AR,salem,Diocese of Little Rock,AR
AR,salesville,Diocese of Little Rock,AR
AR,searcy,Diocese of Little Rock,AR
AR,shannon hills,Diocese of Little Rock,AR
AR,sheridan,Diocese of Little Rock,AR
AR,sherwood,Diocese of Little Rock,AR
AR,siloam springs,Diocese of Little Rock,AR
AR,smackover,Diocese of Little Rock,AR
AR,southside,Diocese of Little Rock,AR
AR,sparkman,Diocese of Little Rock,AR
AR,springdale,Diocese of Little Rock,AR
AR,stamps,Diocese of Little Rock,AR
AR,star city,Diocese of Little Rock,AR
AR,state university,Diocese of Little Rock,AR
AR,stephens,Diocese of Little Rock,AR
AR,strong,Diocese of Little Rock,AR
AR,stuttgart,Diocese of Little Rock,AR
AR,subiaco,Diocese of Little Rock,AR
AR,sulphur rock,Diocese of Little Rock,AR
AR,sulphur springs,Diocese of Little Rock,AR
AR,summit,Diocese of Little Rock,AR
AR,sunset,Diocese of Little Rock,AR
AR,sweet home,Diocese of Little Rock,AR
AR,swifton,Diocese of Little Rock,AR
AR,taylor,Diocese of Little Rock,AR
AR,texarkana,Diocese of Little Rock,AR
AR,thornton,Diocese of Little Rock,AR
AR,tontitown,Diocese of Little Rock,AR
AR,traskwood,Diocese of Little Rock,AR
AR,trumann,Diocese of Little Rock,AR
AR,tuckerman,Diocese of Little Rock,AR
AR,tull,Diocese of Little Rock,AR
AR,tumbling shoals,Diocese of Little Rock,AR
AR,turrell,Diocese of Little Rock,AR
AR,twin groves,Diocese of Little Rock,AR
AR,tyronza,Diocese of Little Rock,AR
AR,van buren,Diocese of Little Rock,AR
AR,vilonia,Diocese of Little Rock,AR
AR,viola,Diocese of Little Rock,AR
AR,waldo,Diocese of Little Rock,AR
AR,waldron,Diocese of Little Rock,AR
AR,walnut ridge,Diocese of Little Rock,AR
AR,ward,Diocese of Little Rock,AR
AR,warren,Diocese of Little Rock,AR
AR,weiner,Diocese of Little Rock,AR
AR,west crossett,Diocese of Little Rock,AR
AR,west fork,Diocese of Little Rock,AR
AR,west helena,Diocese of Little Rock,AR
AR,west memphis,Diocese of Little Rock,AR
AR,western grove,Diocese of Little Rock,AR
AR,wheatley,Diocese of Little Rock,AR
AR,white hall,Diocese of Little Rock,AR
AR,wickes,Diocese of Little Rock,AR
AR,wilmar,Diocese of Little Rock,AR
AR,wilmot,Diocese of Little Rock,AR
AR,wilson,Diocese of Little Rock,AR
AR,wilton,Diocese of Little Rock,AR
AR,winslow,Diocese of Little Rock,AR
AR,woodson,Diocese of Little Rock,AR
AR,wooster,Diocese of Little Rock,AR
AR,wrightsville,Diocese of Little Rock,AR
AR,wynne,Diocese of Little Rock,AR
AR,yarborough landing,Diocese of Little Rock,AR
AR,yellville,Diocese of Little Rock,AR
AZ,aguila,Diocese of Phoenix,AZ
AZ,ajo,Diocese of Tucson,AZ
AZ,arivaca,Diocese of Tucson,AZ
AZ,arivaca junction,Diocese of Tucson,AZ
AZ,arizona village,Diocese of Phoenix,AZ
AZ,ash fork,Diocese of Phoenix,AZ
AZ,avenue b and c,Diocese of Tucson,AZ
AZ,avondale,Diocese of Phoenix,AZ
AZ,avra valley,Diocese of Tucson,AZ
AZ,bagdad,Diocese of Phoenix,AZ
AZ,beaver dam,Diocese of Phoenix,AZ
AZ,benson,Diocese of Tucson,AZ
AZ,big park,Diocese of Phoenix,AZ
AZ,bisbee,Diocese of Tucson,AZ
AZ,black canyon city,Diocese of Phoenix,AZ
AZ,bluewater,Diocese of Tucson,AZ
AZ,bouse,Diocese of Tucson,AZ
AZ,bowie,Diocese of Tucson,AZ
AZ,brenda,Diocese of Tucson,AZ
AZ,buckeye,Diocese of Phoenix,AZ
AZ,bullhead city,Diocese of Phoenix,AZ
AZ,burnside,Diocese of Gallup,NM
AZ,bylas,Diocese of Tucson,AZ
AZ,cactus flat,Diocese of Tucson,AZ
AZ,camp verde,Diocese of Phoenix,AZ
AZ,cane beds,Diocese of Phoenix,AZ
AZ,canyon day,Diocese of Tucson,AZ
AZ,carefree,Diocese of Phoenix,AZ
AZ,casas adobes,Diocese of Tucson,AZ
AZ,catalina,Diocese of Tucson,AZ
AZ,catalina foothills,Diocese of Tucson,AZ
AZ,cave creek,Diocese of Phoenix,AZ
AZ,cedar creek,Diocese of Tucson,AZ
AZ,centennial park,Diocese of Phoenix,AZ
AZ,central,Diocese of Tucson,AZ
AZ,central heightsmidland city,Diocese of Tucson,AZ
AZ,chandler,Diocese of Phoenix,AZ
AZ,chilchinbito,Diocese of Gallup,NM
AZ,chinle,Diocese of Gallup,NM
AZ,chino valley,Diocese of Phoenix,AZ
AZ,cibecue,Diocese of Gallup,NM
AZ,cienega springs,Diocese of Tucson,AZ
AZ,citrus park,Diocese of Phoenix,AZ
AZ,clarkdale,Diocese of Phoenix,AZ
AZ,clay springs,Diocese of Gallup,NM
AZ,claypool,Diocese of Tucson,AZ
AZ,clifton,Diocese of Tucson,AZ
AZ,colorado city,Diocese of Phoenix,AZ
AZ,congress,Diocese of Phoenix,AZ
AZ,cordes lakes,Diocese of Phoenix,AZ
AZ,cornville,Diocese of Phoenix,AZ
AZ,corona de tucson,Diocese of Tucson,AZ
AZ,cottonwood,Diocese of Phoenix,AZ
AZ,dateland,Diocese of Tucson,AZ
AZ,del muerto,Diocese of Gallup,NM
AZ,dennehotso,Diocese of Gallup,NM
AZ,desert hills,Diocese of Phoenix,AZ
AZ,deweyhumboldt,Diocese of Phoenix,AZ
AZ,dilkon,Diocese of Gallup,NM
AZ,dolan springs,Diocese of Phoenix,AZ
AZ,donovan estates,Diocese of Tucson,AZ
AZ,douglas,Diocese of Tucson,AZ
AZ,drexel heights,Diocese of Tucson,AZ
AZ,duncan,Diocese of Tucson,AZ
AZ,eagar,Diocese of Gallup,NM
AZ,east fork,Diocese of Gallup,NM
AZ,east sahuarita,Diocese of Tucson,AZ
AZ,ehrenberg,Diocese of Tucson,AZ
AZ,el mirage,Diocese of Phoenix,AZ
AZ,el prado estates,Diocese of Tucson,AZ
AZ,elfrida,Diocese of Tucson,AZ
AZ,first mesa,Diocese of Gallup,NM
AZ,flowing wells,Diocese of Tucson,AZ
AZ,fort defiance,Diocese of Gallup,NM
AZ,fort thomas,Diocese of Tucson,AZ
AZ,fortuna foothills,Diocese of Tucson,AZ
AZ,fountain hills,Diocese of Phoenix,AZ
AZ,gadsden,Diocese of Tucson,AZ
AZ,ganado,Diocese of Gallup,NM
AZ,gila bend,Diocese of Phoenix,AZ
AZ,gila crossing,Diocese of Phoenix,AZ
AZ,gilbert,Diocese of Phoenix,AZ
AZ,gisela,Diocese of Tucson,AZ
AZ,glendale,Diocese of Phoenix,AZ
AZ,globe,Diocese of Tucson,AZ
AZ,golden shores,Diocese of Phoenix,AZ
AZ,golden valley,Diocese of Phoenix,AZ
AZ,goodyear,Diocese of Phoenix,AZ
AZ,greasewood,Diocese of Gallup,NM
AZ,green valley,Diocese of Tucson,AZ
AZ,guadalupe,Diocese of Phoenix,AZ
AZ,hayden,Diocese of Tucson,AZ
AZ,heberovergaard,Diocese of Gallup,NM
AZ,holbrook,Diocese of Gallup,NM
AZ,hondah,Diocese of Gallup,NM
AZ,hotevillabacavi,Diocese of Gallup,NM
AZ,houck,Diocese of Gallup,NM
AZ,huachuca city,Diocese of Tucson,AZ
AZ,jerome,Diocese of Phoenix,AZ
AZ,joseph city,Diocese of Gallup,NM
AZ,kayenta,Diocese of Gallup,NM
AZ,keams canyon,Diocese of Gallup,NM
AZ,kingman,Diocese of Phoenix,AZ
AZ,komatke,Diocese of Phoenix,AZ
AZ,kykotsmovi village,Diocese of Gallup,NM
AZ,lake havasu city,Diocese of Phoenix,AZ
AZ,lake montezuma,Diocese of Phoenix,AZ
AZ,lake of the woods,Diocese of Gallup,NM
AZ,lazy y u,Diocese of Phoenix,AZ
AZ,linden,Diocese of Gallup,NM
AZ,litchfield park,Diocese of Phoenix,AZ
AZ,littlefield,Diocese of Phoenix,AZ
AZ,littletown,Diocese of Tucson,AZ
AZ,low mountain,Diocese of Gallup,NM
AZ,lukachukai,Diocese of Gallup,NM
AZ,many farms,Diocese of Gallup,NM
AZ,marana,Diocese of Tucson,AZ
AZ,mayer,Diocese of Phoenix,AZ
AZ,mcnary,Diocese of Gallup,NM
AZ,meadview,Diocese of Phoenix,AZ
AZ,mesa,Diocese of Phoenix,AZ
AZ,mesa del caballo,Diocese of Tucson,AZ
AZ,mescal,Diocese of Tucson,AZ
AZ,mesquite creek,Diocese of Phoenix,AZ
AZ,miami,Diocese of Tucson,AZ
AZ,miracle valley,Diocese of Tucson,AZ
AZ,mohave valley,Diocese of Phoenix,AZ
AZ,morenci,Diocese of Tucson,AZ
AZ,naco,Diocese of Tucson,AZ
AZ,nazlini,Diocese of Gallup,NM
AZ,new kingmanbutler,Diocese of Phoenix,AZ
AZ,new river,Diocese of Phoenix,AZ
AZ,nogales,Diocese of Tucson,AZ
AZ,north fork,Diocese of Gallup,NM
AZ,orange grove mobile manor,Diocese of Tucson,AZ
AZ,oro valley,Diocese of Tucson,AZ
AZ,paradise valley,Diocese of Phoenix,AZ
AZ,parker,Diocese of Tucson,AZ
AZ,parker strip,Diocese of Tucson,AZ
AZ,patagonia,Diocese of Tucson,AZ
AZ,paulden,Diocese of Phoenix,AZ
AZ,payson,Diocese of Tucson,AZ
AZ,peach springs,Diocese of Phoenix,AZ
AZ,peeples valley,Diocese of Phoenix,AZ
AZ,peoria,Diocese of Phoenix,AZ
AZ,peridot,Diocese of Tucson,AZ
AZ,phoenix,Diocese of Phoenix,AZ
AZ,picture rocks,Diocese of Tucson,AZ
AZ,pima,Diocese of Tucson,AZ
AZ,pimaco two,Diocese of Tucson,AZ
AZ,pinal,Diocese of Tucson,AZ
AZ,pine,Diocese of Tucson,AZ
AZ,pinedale,Diocese of Gallup,NM
AZ,pinetoplakeside,Diocese of Gallup,NM
AZ,pinon,Diocese of Gallup,NM
AZ,pirtleville,Diocese of Tucson,AZ
AZ,pisinemo,Diocese of Tucson,AZ
AZ,prescott,Diocese of Phoenix,AZ
AZ,prescott valley,Diocese of Phoenix,AZ
AZ,quartzsite,Diocese of Tucson,AZ
AZ,queen creek,Diocese of Phoenix,AZ
AZ,rainbow city,Diocese of Gallup,NM
AZ,rancho mesa verde,Diocese of Tucson,AZ
AZ,red mesa,Diocese of Gallup,NM
AZ,rio rico,Diocese of Tucson,AZ
AZ,rio verde,Diocese of Phoenix,AZ
AZ,rock point,Diocese of Gallup,NM
AZ,rough rock,Diocese of Gallup,NM
AZ,round rock,Diocese of Gallup,NM
AZ,safford,Diocese of Tucson,AZ
AZ,sahuarita,Diocese of Tucson,AZ
AZ,salome,Diocese of Tucson,AZ
AZ,san jose,Diocese of Tucson,AZ
AZ,san luis,Diocese of Tucson,AZ
AZ,sanders,Diocese of Gallup,NM
AZ,santa rosa,Diocese of Tucson,AZ
AZ,sawmill,Diocese of Gallup,NM
AZ,scenic,Diocese of Phoenix,AZ
AZ,scottsdale,Diocese of Phoenix,AZ
AZ,second mesa,Diocese of Gallup,NM
AZ,seligman,Diocese of Phoenix,AZ
AZ,sells,Diocese of Tucson,AZ
AZ,sevenmile,Diocese of Gallup,NM
AZ,shongopovi,Diocese of Gallup,NM
AZ,shonto,Diocese of Gallup,NM
AZ,show low,Diocese of Gallup,NM
AZ,shungopavi,Diocese of Gallup,NM
AZ,sierra vista,Diocese of Tucson,AZ
AZ,sierra vista southeast,Diocese of Tucson,AZ
AZ,six shooter canyon,Diocese of Tucson,AZ
AZ,snowflake,Diocese of Gallup,NM
AZ,sohi,Diocese of Phoenix,AZ
AZ,solomon,Diocese of Tucson,AZ
AZ,somerton,Diocese of Tucson,AZ
AZ,sonoita,Diocese of Tucson,AZ
AZ,south tucson,Diocese of Tucson,AZ
AZ,spring valley,Diocese of Phoenix,AZ
AZ,springerville,Diocese of Gallup,NM
AZ,st david,Diocese of Tucson,AZ
AZ,st johns,Diocese of Gallup,NM
AZ,st michaels,Diocese of Gallup,NM
AZ,star valley,Diocese of Tucson,AZ
AZ,strawberry,Diocese of Tucson,AZ
AZ,summit,Diocese of Tucson,AZ
AZ,sun city,Diocese of Phoenix,AZ
AZ,sun city west,Diocese of Phoenix,AZ
AZ,sun lakes,Diocese of Phoenix,AZ
AZ,surprise,Diocese of Phoenix,AZ
AZ,swift trail junction,Diocese of Tucson,AZ
AZ,tacna,Diocese of Tucson,AZ
AZ,tanque verde,Diocese of Tucson,AZ
AZ,taylor,Diocese of Gallup,NM
AZ,teec nos pos,Diocese of Gallup,NM
AZ,tees toh,Diocese of Gallup,NM
AZ,tempe,Diocese of Phoenix,AZ
AZ,tempe junction,Diocese of Phoenix,AZ
AZ,thatcher,Diocese of Tucson,AZ
AZ,three points,Diocese of Tucson,AZ
AZ,tolleson,Diocese of Phoenix,AZ
AZ,tombstone,Diocese of Tucson,AZ
AZ,tonto basin,Diocese of Tucson,AZ
AZ,tortolita,Diocese of Tucson,AZ
AZ,tsaile,Diocese of Gallup,NM
AZ,tubac,Diocese of Tucson,AZ
AZ,tucson,Diocese of Tucson,AZ
AZ,tucson estates,Diocese of Tucson,AZ
AZ,tumacacoricarmen,Diocese of Tucson,AZ
AZ,vail,Diocese of Tucson,AZ
AZ,valencia west,Diocese of Tucson,AZ
AZ,valle vista,Diocese of Phoenix,AZ
AZ,verde village,Diocese of Phoenix,AZ
AZ,vicksburg,Diocese of Tucson,AZ
AZ,village of oak creek big park,Diocese of Phoenix,AZ
AZ,wall lane,Diocese of Tucson,AZ
AZ,walnut creek,Diocese of Phoenix,AZ
AZ,wellton,Diocese of Tucson,AZ
AZ,wenden,Diocese of Tucson,AZ
AZ,west sedona,Diocese of Phoenix,AZ
AZ,whetstone,Diocese of Tucson,AZ
AZ,white cone,Diocese of Gallup,NM
AZ,white hills,Diocese of Phoenix,AZ
AZ,white mountain lake,Diocese of Gallup,NM
AZ,whiteriver,Diocese of Gallup,NM
AZ,wickenburg,Diocese of Phoenix,AZ
AZ,wilhoit,Diocese of Phoenix,AZ
AZ,willcox,Diocese of Tucson,AZ
AZ,williamson,Diocese of Phoenix,AZ
AZ,willow valley,Diocese of Phoenix,AZ
AZ,window rock,Diocese of Gallup,NM
AZ,winkelman,Diocese of Tucson,AZ
AZ,winslow,Diocese of Gallup,NM
AZ,wittmann,Diocese of Phoenix,AZ
AZ,yarnell,Diocese of Phoenix,AZ
AZ,york,Diocese of Tucson,AZ
AZ,young,Diocese of Tucson,AZ
AZ,youngtown,Diocese of Phoenix,AZ
AZ,yuma,Diocese of Tucson,AZ
CA,acalanes ridge,Diocese of Oakland,CA
CA,acampo,Diocese of Stockton,CA
CA,acton,Archdiocese of Los Angeles,CA
CA,adelanto,Diocese of San Bernardino,CA
CA,agoura,Archdiocese of Los Angeles,CA
CA,agoura hills,Archdiocese of Los Angeles,CA
CA,agua caliente,Diocese of Santa Rosa,CA
CA,agua dulce,Archdiocese of Los Angeles,CA
CA,aguanga,Diocese of San Bernardino,CA
CA,ahwahnee,Diocese of Fresno,CA
CA,alameda,Diocese of Oakland,CA
CA,alamo,Diocese of Oakland,CA
CA,albany,Diocese of Oakland,CA
CA,alhambra,Archdiocese of Los Angeles,CA
CA,aliso viejo,Diocese of Orange,CA
CA,allendale,Diocese of Sacramento,CA
CA,allensworth,Diocese of Fresno,CA
CA,alondra park,Archdiocese of Los Angeles,CA
CA,alpaugh,Diocese of Fresno,CA
CA,alpine,Diocese of San Diego,CA
CA,alta,Diocese of Sacramento,CA
CA,altadena,Archdiocese of Los Angeles,CA
CA,alto,Archdiocese of San Francisco,CA
CA,alturas,Diocese of Sacramento,CA
CA,american canyon,Diocese of Santa Rosa,CA
CA,amesti,Diocese of Monterey,CA
CA,anaheim,Diocese of Orange,CA
CA,anchor bay,Diocese of Santa Rosa,CA
CA,anderson,Diocese of Sacramento,CA
CA,angels camp,Diocese of Stockton,CA
CA,angwin,Diocese of Santa Rosa,CA
CA,antelope,Diocese of Sacramento,CA
CA,antioch,Diocese of Oakland,CA
CA,anza,Diocese of San Bernardino,CA
CA,apple valley,Diocese of San Bernardino,CA
CA,aptos,Diocese of Monterey,CA
CA,aptos hillslarkin valley,Diocese of Monterey,CA
CA,arbuckle,Diocese of Sacramento,CA
CA,arcadia,Archdiocese of Los Angeles,CA
CA,arcata,Diocese of Santa Rosa,CA
CA,ardenarcade,Diocese of Sacramento,CA
CA,armona,Diocese of Fresno,CA
CA,arnold,Diocese of Stockton,CA
CA,aromas,Diocese of Monterey,CA
CA,arroyo grande,Diocese of Monterey,CA
CA,artesia,Archdiocese of Los Angeles,CA
CA,arvin,Diocese of Fresno,CA
CA,ashland,Diocese of Oakland,CA
CA,atascadero,Diocese of Monterey,CA
CA,atherton,Archdiocese of San Francisco,CA
CA,atwater,Diocese of Fresno,CA
CA,auberry,Diocese of Fresno,CA
CA,auburn,Diocese of Sacramento,CA
CA,auburn lake trails,Diocese of Sacramento,CA
CA,august,Diocese of Stockton,CA
CA,avalon,Archdiocese of Los Angeles,CA
CA,avenal,Diocese of Fresno,CA
CA,avery,Diocese of Stockton,CA
CA,avila beach,Diocese of Monterey,CA
CA,avocado heights,Archdiocese of Los Angeles,CA
CA,azusa,Archdiocese of Los Angeles,CA
CA,baker,Diocese of San Bernardino,CA
CA,bakersfield,Diocese of Fresno,CA
CA,baldwin park,Archdiocese of Los Angeles,CA
CA,ballard,Archdiocese of Los Angeles,CA
CA,ballico,Diocese of Fresno,CA
CA,bangor,Diocese of Sacramento,CA
CA,banning,Diocese of San Bernardino,CA
CA,barstow,Diocese of San Bernardino,CA
CA,barstow heights,Diocese of San Bernardino,CA
CA,bass lake,Diocese of Fresno,CA
CA,bay point,Diocese of Oakland,CA
CA,bayside,Diocese of Santa Rosa,CA
CA,bayviewhunters point,Archdiocese of San Francisco,CA
CA,beale air force base,Diocese of Sacramento,CA
CA,bear valley springs,Diocese of Fresno,CA
CA,beaumont,Diocese of San Bernardino,CA
CA,beckwourth,Diocese of Sacramento,CA
CA,bell,Archdiocese of Los Angeles,CA
CA,bell gardens,Archdiocese of Los Angeles,CA
CA,bella vista,Diocese of Sacramento,CA
CA,bellflower,Archdiocese of Los Angeles,CA
CA,belmont,Archdiocese of San Francisco,CA
CA,belvedere,Archdiocese of San Francisco,CA
CA,ben lomond,Diocese of Monterey,CA
CA,benbow,Diocese of Santa Rosa,CA
CA,bend,Diocese of Sacramento,CA
CA,benicia,Diocese of Sacramento,CA
CA,berkeley,Diocese of Oakland,CA
CA,bermuda dunes,Diocese of San Bernardino,CA
CA,berry creek,Diocese of Sacramento,CA
CA,bertschoceanview,Diocese of Santa Rosa,CA
CA,bethel island,Diocese of Oakland,CA
CA,bieber,Diocese of Sacramento,CA
CA,big bear city,Diocese of San Bernardino,CA
CA,big bear lake,Diocese of San Bernardino,CA
CA,big pine,Diocese of Fresno,CA
CA,big river,Diocese of San Bernardino,CA
CA,big sur,Diocese of Monterey,CA
CA,biggs,Diocese of Sacramento,CA
CA,biola,Diocese of Fresno,CA
CA,bishop,Diocese of Fresno,CA
CA,black pointgreen point,Archdiocese of San Francisco,CA
CA,blackhawk,Diocese of Oakland,CA
CA,blacklake,Diocese of Monterey,CA
CA,bloomfield,Diocese of Santa Rosa,CA
CA,bloomington,Diocese of San Bernardino,CA
CA,blue lake,Diocese of Santa Rosa,CA
CA,blythe,Diocese of San Bernardino,CA
CA,bodega bay,Diocese of Santa Rosa,CA
CA,bodfish,Diocese of Fresno,CA
CA,bolinas,Archdiocese of San Francisco,CA
CA,bonadelle ranchosmadera ranchos,Diocese of Fresno,CA
CA,bonita,Diocese of San Diego,CA
CA,bonny doon,Diocese of Monterey,CA
CA,bonsall,Diocese of San Diego,CA
CA,boonville,Diocese of Santa Rosa,CA
CA,bootjack,Diocese of Fresno,CA
CA,boron,Diocese of Fresno,CA
CA,boronda,Diocese of Monterey,CA
CA,borrego springs,Diocese of San Diego,CA
CA,bostonia,Diocese of San Diego,CA
CA,boulder creek,Diocese of Monterey,CA
CA,boulevard,Diocese of San Diego,CA
CA,boyes hot springs,Diocese of Santa Rosa,CA
CA,bradbury,Archdiocese of Los Angeles,CA
CA,brawley,Diocese of San Diego,CA
CA,brea,Diocese of Orange,CA
CA,brentwood,Diocese of Oakland,CA
CA,bridgeport,Diocese of Stockton,CA
CA,brisbane,Archdiocese of San Francisco,CA
CA,broadmoor,Archdiocese of San Francisco,CA
CA,brookdale,Diocese of Monterey,CA
CA,brooktrails,Diocese of Santa Rosa,CA
CA,buckhorn,Diocese of Sacramento,CA
CA,buellton,Archdiocese of Los Angeles,CA
CA,buena park,Diocese of Orange,CA
CA,buena vista,Diocese of Sacramento,CA
CA,burbank,Archdiocese of Los Angeles,CA
CA,burlingame,Archdiocese of San Francisco,CA
CA,burney,Diocese of Sacramento,CA
CA,buttonwillow,Diocese of Fresno,CA
CA,byron,Diocese of Oakland,CA
CA,bystrom,Diocese of Stockton,CA
CA,cabazon,Diocese of San Bernardino,CA
CA,calexico,Diocese of San Diego,CA
CA,california city,Diocese of Fresno,CA
CA,california pines,Diocese of Sacramento,CA
CA,calimesa,Diocese of San Bernardino,CA
CA,calipatria,Diocese of San Diego,CA
CA,calistoga,Diocese of Santa Rosa,CA
CA,callender,Diocese of Monterey,CA
CA,calpella,Diocese of Santa Rosa,CA
CA,calwa,Diocese of Fresno,CA
CA,camanche north shore,Diocese of Sacramento,CA
CA,camanche village,Diocese of Sacramento,CA
CA,camarillo,Archdiocese of Los Angeles,CA
CA,cambria,Diocese of Monterey,CA
CA,cameron park,Diocese of Sacramento,CA
CA,camino,Diocese of Sacramento,CA
CA,camp meeker,Diocese of Santa Rosa,CA
CA,camp pendleton north,Diocese of San Diego,CA
CA,camp pendleton south,Diocese of San Diego,CA
CA,campbell,Diocese of San Jose,CA
CA,campo,Diocese of San Diego,CA
CA,canby,Diocese of Sacramento,CA
CA,cantua creek,Diocese of Fresno,CA
CA,canyon lake,Diocese of San Bernardino,CA
CA,capitola,Diocese of Monterey,CA
CA,carlsbad,Diocese of San Diego,CA
CA,carmel valley village,Diocese of Monterey,CA
CA,carmelbythesea,Diocese of Monterey,CA
CA,carmichael,Diocese of Sacramento,CA
CA,carnelian bay,Diocese of Sacramento,CA
CA,carpinteria,Archdiocese of Los Angeles,CA
CA,carson,Archdiocese of Los Angeles,CA
CA,caruthers,Diocese of Fresno,CA
CA,casa de oromount helix,Diocese of San Diego,CA
CA,caspar,Diocese of Santa Rosa,CA
CA,castaic,Archdiocese of Los Angeles,CA
CA,castro valley,Diocese of Oakland,CA
CA,castroville,Diocese of Monterey,CA
CA,cathedral city,Diocese of San Bernardino,CA
CA,catheys valley,Diocese of Fresno,CA
CA,cayucos,Diocese of Monterey,CA
CA,cazadero,Diocese of Santa Rosa,CA
CA,cedar ridge,Diocese of Stockton,CA
CA,cedarville,Diocese of Sacramento,CA
CA,centerville,Diocese of Fresno,CA
CA,ceres,Diocese of Stockton,CA
CA,cerritos,Archdiocese of Los Angeles,CA
CA,challengebrownsville,Diocese of Sacramento,CA
CA,channel islands beach,Archdiocese of Los Angeles,CA
CA,charter oak,Archdiocese of Los Angeles,CA
CA,cherry valley,Diocese of San Bernardino,CA
CA,cherryland,Diocese of Oakland,CA
CA,chester,Diocese of Sacramento,CA
CA,chico,Diocese of Sacramento,CA
CA,chilcootvinton,Diocese of Sacramento,CA
CA,china lake acres,Diocese of Fresno,CA
CA,chino,Diocese of San Bernardino,CA
CA,chino hills,Diocese of San Bernardino,CA
CA,chowchilla,Diocese of Fresno,CA
CA,chualar,Diocese of Monterey,CA
CA,chula vista,Diocese of San Diego,CA
CA,citrus,Archdiocese of Los Angeles,CA
CA,citrus heights,Diocese of Sacramento,CA
CA,claremont,Archdiocese of Los Angeles,CA
CA,clarksburg,Diocese of Sacramento,CA
CA,clay,Diocese of Sacramento,CA
CA,clayton,Diocese of Oakland,CA
CA,clear lake riviera,Diocese of Santa Rosa,CA
CA,clearlake,Diocese of Santa Rosa,CA
CA,clearlake oaks,Diocese of Santa Rosa,CA
CA,cleone,Diocese of Santa Rosa,CA
CA,cloverdale,Diocese of Santa Rosa,CA
CA,clovis,Diocese of Fresno,CA
CA,clyde,Diocese of Oakland,CA
CA,coachella,Diocese of San Bernardino,CA
CA,coalinga,Diocese of Fresno,CA
CA,coarsegold,Diocese of Fresno,CA
CA,cobb,Diocese of Santa Rosa,CA
CA,cohasset,Diocese of Sacramento,CA
CA,cold springs,Diocese of Sacramento,CA
CA,coleville,Diocese of Stockton,CA
CA,colfax,Diocese of Sacramento,CA
CA,collierville,Diocese of Stockton,CA
CA,colma,Archdiocese of San Francisco,CA
CA,coloma,Diocese of Sacramento,CA
CA,colton,Diocese of San Bernardino,CA
CA,columbia,Diocese of Stockton,CA
CA,colusa,Diocese of Sacramento,CA
CA,commerce,Archdiocese of Los Angeles,CA
CA,compton,Archdiocese of Los Angeles,CA
CA,concord,Diocese of Oakland,CA
CA,concow,Diocese of Sacramento,CA
CA,contra costa centre,Diocese of Oakland,CA
CA,cool,Diocese of Sacramento,CA
CA,copperopolis,Diocese of Stockton,CA
CA,corcoran,Diocese of Fresno,CA
CA,corning,Diocese of Sacramento,CA
CA,corona,Diocese of San Bernardino,CA
CA,coronado,Diocese of San Diego,CA
CA,corralitos,Diocese of Monterey,CA
CA,corte madera,Archdiocese of San Francisco,CA
CA,costa mesa,Diocese of Orange,CA
CA,cotati,Diocese of Santa Rosa,CA
CA,coto de caza,Diocese of Orange,CA
CA,cottonwood,Diocese of Sacramento,CA
CA,courtland,Diocese of Sacramento,CA
CA,covelo,Diocese of Santa Rosa,CA
CA,covina,Archdiocese of Los Angeles,CA
CA,crescent city,Diocese of Santa Rosa,CA
CA,cressey,Diocese of Fresno,CA
CA,crest,Diocese of San Diego,CA
CA,crestline,Diocese of San Bernardino,CA
CA,crockett,Diocese of Oakland,CA
CA,crows landing,Diocese of Stockton,CA
CA,cudahy,Archdiocese of Los Angeles,CA
CA,cupertino,Diocese of San Jose,CA
CA,cutler,Diocese of Fresno,CA
CA,cutten,Diocese of Santa Rosa,CA
CA,cypress,Diocese of Orange,CA
CA,daly city,Archdiocese of San Francisco,CA
CA,dana point,Diocese of Orange,CA
CA,danville,Diocese of Oakland,CA
CA,davenport,Diocese of Monterey,CA
CA,davis,Diocese of Sacramento,CA
CA,day valley,Diocese of Monterey,CA
CA,death valley,Diocese of Fresno,CA
CA,deer park,Diocese of Santa Rosa,CA
CA,del aire,Archdiocese of Los Angeles,CA
CA,del mar,Diocese of San Diego,CA
CA,del monte forest,Diocese of Monterey,CA
CA,del rey,Diocese of Fresno,CA
CA,del rey oaks,Diocese of Monterey,CA
CA,del rio,Diocese of Stockton,CA
CA,delano,Diocese of Fresno,CA
CA,delft colony,Diocese of Fresno,CA
CA,delhi,Diocese of Fresno,CA
CA,delleker,Diocese of Sacramento,CA
CA,denair,Diocese of Stockton,CA
CA,derby acres,Diocese of Fresno,CA
CA,descanso,Diocese of San Diego,CA
CA,desert edge,Diocese of San Bernardino,CA
CA,desert hot springs,Diocese of San Bernardino,CA
CA,desert shores,Diocese of San Diego,CA
CA,desert view highlands,Archdiocese of Los Angeles,CA
CA,diablo,Diocese of Oakland,CA
CA,diablo grande,Diocese of Stockton,CA
CA,diamond bar,Archdiocese of Los Angeles,CA
CA,diamond springs,Diocese of Sacramento,CA
CA,dinuba,Diocese of Fresno,CA
CA,discovery bay,Diocese of Oakland,CA
CA,dixon,Diocese of Sacramento,CA
CA,dixon lanemeadow creek,Diocese of Fresno,CA
CA,dobbins,Diocese of Sacramento,CA
CA,dogtown,Diocese of Stockton,CA
CA,dollar point,Diocese of Sacramento,CA
CA,dorrington,Diocese of Stockton,CA
CA,dorris,Diocese of Sacramento,CA
CA,dos palos,Diocese of Fresno,CA
CA,dos palos y,Diocese of Fresno,CA
CA,douglas city,Diocese of Sacramento,CA
CA,downey,Archdiocese of Los Angeles,CA
CA,doyle,Diocese of Sacramento,CA
CA,duarte,Archdiocese of Los Angeles,CA
CA,dublin,Diocese of Oakland,CA
CA,ducor,Diocese of Fresno,CA
CA,dunnigan,Diocese of Sacramento,CA
CA,dunsmuir,Diocese of Sacramento,CA
CA,durham,Diocese of Sacramento,CA
CA,dustin acres,Diocese of Fresno,CA
CA,earlimart,Diocese of Fresno,CA
CA,east foothills,Diocese of San Jose,CA
CA,east hemet,Diocese of San Bernardino,CA
CA,east la mirada,Archdiocese of Los Angeles,CA
CA,east los angeles,Archdiocese of Los Angeles,CA
CA,east oakdale,Diocese of Stockton,CA
CA,east orosi,Diocese of Fresno,CA
CA,east palo alto,Archdiocese of San Francisco,CA
CA,east pasadena,Archdiocese of Los Angeles,CA
CA,east porterville,Diocese of Fresno,CA
CA,east quincy,Diocese of Sacramento,CA
CA,east rancho dominguez,Archdiocese of Los Angeles,CA
CA,east richmond heights,Diocese of Oakland,CA
CA,east sonora,Diocese of Stockton,CA
CA,east tulare villa,Diocese of Fresno,CA
CA,easton,Diocese of Fresno,CA
CA,eastvale,Diocese of San Bernardino,CA
CA,edwards air force base,Diocese of Fresno,CA
CA,el cajon,Diocese of San Diego,CA
CA,el centro,Diocese of San Diego,CA
CA,el cerrito,Diocese of Oakland,CA
CA,el cerrito corona,Diocese of San Bernardino,CA
CA,el dorado hills,Diocese of Sacramento,CA
CA,el granada,Archdiocese of San Francisco,CA
CA,el monte,Archdiocese of Los Angeles,CA
CA,el nido,Diocese of Fresno,CA
CA,el portal,Diocese of Fresno,CA
CA,el rio,Archdiocese of Los Angeles,CA
CA,el segundo,Archdiocese of Los Angeles,CA
CA,el sobrante,Diocese of Oakland,CA
CA,el verano,Diocese of Santa Rosa,CA
CA,eldridge,Diocese of Santa Rosa,CA
CA,elk grove,Diocese of Sacramento,CA
CA,elkhorn,Diocese of Monterey,CA
CA,elverta,Diocese of Sacramento,CA
CA,emerald lake hills,Archdiocese of San Francisco,CA
CA,emeryville,Diocese of Oakland,CA
CA,empire,Diocese of Stockton,CA
CA,encinitas,Diocese of San Diego,CA
CA,escalon,Diocese of Stockton,CA
CA,escondido,Diocese of San Diego,CA
CA,esparto,Diocese of Sacramento,CA
CA,etna,Diocese of Sacramento,CA
CA,eucalyptus hills,Diocese of San Diego,CA
CA,eureka,Diocese of Santa Rosa,CA
CA,exeter,Diocese of Fresno,CA
CA,fair oaks,Diocese of Sacramento,CA
CA,fairbanks ranch,Diocese of San Diego,CA
CA,fairfax,Archdiocese of San Francisco,CA
CA,fairfield,Diocese of Sacramento,CA
CA,fairmead,Diocese of Fresno,CA
CA,fairview,Diocese of Oakland,CA
CA,fall river mills,Diocese of Sacramento,CA
CA,fallbrook,Diocese of San Diego,CA
CA,farmersville,Diocese of Fresno,CA
CA,felton,Diocese of Monterey,CA
CA,ferndale,Diocese of Santa Rosa,CA
CA,fetters hot springsagua caliente,Diocese of Santa Rosa,CA
CA,fieldbrook,Diocese of Santa Rosa,CA
CA,fillmore,Archdiocese of Los Angeles,CA
CA,firebaugh,Diocese of Fresno,CA
CA,florencegraham,Archdiocese of Los Angeles,CA
CA,florin,Diocese of Sacramento,CA
CA,folsom,Diocese of Sacramento,CA
CA,fontana,Diocese of San Bernardino,CA
CA,foothill farms,Diocese of Sacramento,CA
CA,forbestown,Diocese of Sacramento,CA
CA,ford city,Diocese of Fresno,CA
CA,forest meadows,Diocese of Stockton,CA
CA,forest ranch,Diocese of Sacramento,CA
CA,foresthill,Diocese of Sacramento,CA
CA,forestville,Diocese of Santa Rosa,CA
CA,fort bragg,Diocese of Santa Rosa,CA
CA,fort dick,Diocese of Santa Rosa,CA
CA,fort irwin,Diocese of San Bernardino,CA
CA,fortuna,Diocese of Santa Rosa,CA
CA,foster city,Archdiocese of San Francisco,CA
CA,fountain valley,Diocese of Orange,CA
CA,fowler,Diocese of Fresno,CA
CA,frazier park,Diocese of Fresno,CA
CA,fremont,Diocese of Oakland,CA
CA,french camp,Diocese of Stockton,CA
CA,french gulch,Diocese of Sacramento,CA
CA,fresno,Diocese of Fresno,CA
CA,friant,Diocese of Fresno,CA
CA,fruitridge pocket,Diocese of Sacramento,CA
CA,fuller acres,Diocese of Fresno,CA
CA,fullerton,Diocese of Orange,CA
CA,fulton,Diocese of Santa Rosa,CA
CA,galt,Diocese of Sacramento,CA
CA,garberville,Diocese of Santa Rosa,CA
CA,garden acres,Diocese of Stockton,CA
CA,garden farms,Diocese of Monterey,CA
CA,garden grove,Diocese of Orange,CA
CA,gardena,Archdiocese of Los Angeles,CA
CA,garnet,Diocese of San Bernardino,CA
CA,gasquet,Diocese of Santa Rosa,CA
CA,georgetown,Diocese of Sacramento,CA
CA,gerber,Diocese of Sacramento,CA
CA,geyserville,Diocese of Santa Rosa,CA
CA,gilroy,Diocese of San Jose,CA
CA,glen avon,Diocese of San Bernardino,CA
CA,glen ellen,Diocese of Santa Rosa,CA
CA,glendale,Archdiocese of Los Angeles,CA
CA,glendora,Archdiocese of Los Angeles,CA
CA,gold river,Diocese of Sacramento,CA
CA,golden hills,Diocese of Fresno,CA
CA,goleta,Archdiocese of Los Angeles,CA
CA,gonzales,Diocese of Monterey,CA
CA,good hope,Diocese of San Bernardino,CA
CA,goshen,Diocese of Fresno,CA
CA,graeagle,Diocese of Sacramento,CA
CA,grand terrace,Diocese of San Bernardino,CA
CA,grangeville,Diocese of Fresno,CA
CA,granite bay,Diocese of Sacramento,CA
CA,granite hills,Diocese of San Diego,CA
CA,grass valley,Diocese of Sacramento,CA
CA,graton,Diocese of Santa Rosa,CA
CA,grayson,Diocese of Stockton,CA
CA,greeley hill,Diocese of Fresno,CA
CA,green acres,Diocese of San Bernardino,CA
CA,greenacres,Diocese of Fresno,CA
CA,greenville,Diocese of Sacramento,CA
CA,grenada,Diocese of Sacramento,CA
CA,gridley,Diocese of Sacramento,CA
CA,grimes,Diocese of Sacramento,CA
CA,groveland,Diocese of Stockton,CA
CA,grover beach,Diocese of Monterey,CA
CA,guadalupe,Archdiocese of Los Angeles,CA
CA,guerneville,Diocese of Santa Rosa,CA
CA,gustine,Diocese of Fresno,CA
CA,hacienda heights,Archdiocese of Los Angeles,CA
CA,half moon bay,Archdiocese of San Francisco,CA
CA,hamilton branch,Diocese of Sacramento,CA
CA,hamilton city,Diocese of Sacramento,CA
CA,hanford,Diocese of Fresno,CA
CA,happy camp,Diocese of Sacramento,CA
CA,harbison canyon,Diocese of San Diego,CA
CA,hartley,Diocese of Sacramento,CA
CA,hat creek,Diocese of Sacramento,CA
CA,hawaiian gardens,Archdiocese of Los Angeles,CA
CA,hawthorne,Archdiocese of Los Angeles,CA
CA,hayfork,Diocese of Sacramento,CA
CA,hayward,Diocese of Oakland,CA
CA,healdsburg,Diocese of Santa Rosa,CA
CA,heber,Diocese of San Diego,CA
CA,hemet,Diocese of San Bernardino,CA
CA,herald,Diocese of Sacramento,CA
CA,hercules,Diocese of Oakland,CA
CA,hermosa beach,Archdiocese of Los Angeles,CA
CA,hesperia,Diocese of San Bernardino,CA
CA,hickman,Diocese of Stockton,CA
CA,hidden hills,Archdiocese of Los Angeles,CA
CA,hidden meadows,Diocese of San Diego,CA
CA,hidden trails,Diocese of San Diego,CA
CA,hidden valley lake,Diocese of Santa Rosa,CA
CA,highgrove,Diocese of San Bernardino,CA
CA,highland,Diocese of San Bernardino,CA
CA,highlandsbaywood park,Archdiocese of San Francisco,CA
CA,hillsborough,Archdiocese of San Francisco,CA
CA,hilmarirwin,Diocese of Fresno,CA
CA,hiouchi,Diocese of Santa Rosa,CA
CA,hollister,Diocese of Monterey,CA
CA,holtville,Diocese of San Diego,CA
CA,home garden,Diocese of Fresno,CA
CA,home gardens,Diocese of San Bernardino,CA
CA,homeland,Diocese of San Bernardino,CA
CA,honcut,Diocese of Sacramento,CA
CA,hopland,Diocese of Santa Rosa,CA
CA,hughson,Diocese of Stockton,CA
CA,humboldt hill,Diocese of Santa Rosa,CA
CA,huntington beach,Diocese of Orange,CA
CA,huntington park,Archdiocese of Los Angeles,CA
CA,huron,Diocese of Fresno,CA
CA,hydesville,Diocese of Santa Rosa,CA
CA,idyllwild,Diocese of San Bernardino,CA
CA,idyllwildpine cove,Diocese of San Bernardino,CA
CA,imperial,Diocese of San Diego,CA
CA,imperial beach,Diocese of San Diego,CA
CA,independence,Diocese of Fresno,CA
CA,indian wells,Diocese of San Bernardino,CA
CA,indianola,Diocese of Santa Rosa,CA
CA,indio,Diocese of San Bernardino,CA
CA,indio hills,Diocese of San Bernardino,CA
CA,inglewood,Archdiocese of Los Angeles,CA
CA,interlaken,Diocese of Monterey,CA
CA,inverness,Archdiocese of San Francisco,CA
CA,inyokern,Diocese of Fresno,CA
CA,ione,Diocese of Sacramento,CA
CA,irvine,Diocese of Orange,CA
CA,irwindale,Archdiocese of Los Angeles,CA
CA,isla vista,Archdiocese of Los Angeles,CA
CA,isleton,Diocese of Sacramento,CA
CA,ivanhoe,Diocese of Fresno,CA
CA,jackson,Diocese of Sacramento,CA
CA,jacumba hot springs,Diocese of San Diego,CA
CA,jamestown,Diocese of Stockton,CA
CA,jamul,Diocese of San Diego,CA
CA,janesville,Diocese of Sacramento,CA
CA,johnstonville,Diocese of Sacramento,CA
CA,joshua tree,Diocese of San Bernardino,CA
CA,julian,Diocese of San Diego,CA
CA,junction city,Diocese of Sacramento,CA
CA,june lake,Diocese of Stockton,CA
CA,jurupa valley,Diocese of San Bernardino,CA
CA,keene,Diocese of Fresno,CA
CA,kelseyville,Diocese of Santa Rosa,CA
CA,kennedy,Diocese of Stockton,CA
CA,kensington,Diocese of Oakland,CA
CA,kentfield,Archdiocese of San Francisco,CA
CA,kenwood,Diocese of Santa Rosa,CA
CA,kerman,Diocese of Fresno,CA
CA,kernville,Diocese of Fresno,CA
CA,keswick,Diocese of Sacramento,CA
CA,kettleman city,Diocese of Fresno,CA
CA,keyes,Diocese of Stockton,CA
CA,king city,Diocese of Monterey,CA
CA,kings beach,Diocese of Sacramento,CA
CA,kingsburg,Diocese of Fresno,CA
CA,klamath,Diocese of Santa Rosa,CA
CA,knights landing,Diocese of Sacramento,CA
CA,knightsen,Diocese of Oakland,CA
CA,la canada flintridge,Archdiocese of Los Angeles,CA
CA,la crescentamontrose,Archdiocese of Los Angeles,CA
CA,la habra,Diocese of Orange,CA
CA,la habra heights,Archdiocese of Los Angeles,CA
CA,la honda,Archdiocese of San Francisco,CA
CA,la mesa,Diocese of San Diego,CA
CA,la mirada,Archdiocese of Los Angeles,CA
CA,la palma,Diocese of Orange,CA
CA,la presa,Diocese of San Diego,CA
CA,la puente,Archdiocese of Los Angeles,CA
CA,la quinta,Diocese of San Bernardino,CA
CA,la riviera,Diocese of Sacramento,CA
CA,la selva beach,Diocese of Monterey,CA
CA,la verne,Archdiocese of Los Angeles,CA
CA,ladera,Archdiocese of San Francisco,CA
CA,ladera ranch,Diocese of Orange,CA
CA,lafayette,Diocese of Oakland,CA
CA,laguna beach,Diocese of Orange,CA
CA,laguna hills,Diocese of Orange,CA
CA,laguna niguel,Diocese of Orange,CA
CA,laguna woods,Diocese of Orange,CA
CA,lagunitasforest knolls,Archdiocese of San Francisco,CA
CA,lake almanor country club,Diocese of Sacramento,CA
CA,lake almanor peninsula,Diocese of Sacramento,CA
CA,lake arrowhead,Diocese of San Bernardino,CA
CA,lake elsinore,Diocese of San Bernardino,CA
CA,lake forest,Diocese of Orange,CA
CA,lake hughes,Archdiocese of Los Angeles,CA
CA,lake isabella,Diocese of Fresno,CA
CA,lake los angeles,Archdiocese of Los Angeles,CA
CA,lake nacimiento,Diocese of Monterey,CA
CA,lake of the pines,Diocese of Sacramento,CA
CA,lake of the woods,Diocese of Fresno,CA
CA,lake wildwood,Diocese of Sacramento,CA
CA,lakehead,Diocese of Sacramento,CA
CA,lakeland village,Diocese of San Bernardino,CA
CA,lakeport,Diocese of Santa Rosa,CA
CA,lakeside,Diocese of San Diego,CA
CA,lakeview,Diocese of San Bernardino,CA
CA,lakewood,Archdiocese of Los Angeles,CA
CA,lamont,Diocese of Fresno,CA
CA,lanare,Diocese of Fresno,CA
CA,lancaster,Archdiocese of Los Angeles,CA
CA,larkfieldwikiup,Diocese of Santa Rosa,CA
CA,larkspur,Archdiocese of San Francisco,CA
CA,las flores,Diocese of Orange,CA
CA,las lomas,Diocese of Monterey,CA
CA,lathrop,Diocese of Stockton,CA
CA,laton,Diocese of Fresno,CA
CA,lawndale,Archdiocese of Los Angeles,CA
CA,laytonville,Diocese of Santa Rosa,CA
CA,le grand,Diocese of Fresno,CA
CA,lebec,Diocese of Fresno,CA
CA,lemon cove,Diocese of Fresno,CA
CA,lemon grove,Diocese of San Diego,CA
CA,lemoore,Diocese of Fresno,CA
CA,lemoore station,Diocese of Fresno,CA
CA,lennox,Archdiocese of Los Angeles,CA
CA,lenwood,Diocese of San Bernardino,CA
CA,leona valley,Archdiocese of Los Angeles,CA
CA,lewiston,Diocese of Sacramento,CA
CA,lexington hills,Diocese of San Jose,CA
CA,lincoln,Diocese of Sacramento,CA
CA,linda,Diocese of Sacramento,CA
CA,lindcove,Diocese of Fresno,CA
CA,linden,Diocese of Stockton,CA
CA,lindsay,Diocese of Fresno,CA
CA,linnell camp,Diocese of Fresno,CA
CA,littlerock,Archdiocese of Los Angeles,CA
CA,livermore,Diocese of Oakland,CA
CA,livingston,Diocese of Fresno,CA
CA,lockeford,Diocese of Stockton,CA
CA,lockwood,Diocese of Monterey,CA
CA,lodi,Diocese of Stockton,CA
CA,loleta,Diocese of Santa Rosa,CA
CA,loma linda,Diocese of San Bernardino,CA
CA,loma rica,Diocese of Sacramento,CA
CA,lomita,Archdiocese of Los Angeles,CA
CA,lompico,Diocese of Monterey,CA
CA,lompoc,Archdiocese of Los Angeles,CA
CA,london,Diocese of Fresno,CA
CA,lone pine,Diocese of Fresno,CA
CA,long beach,Archdiocese of Los Angeles,CA
CA,loomis,Diocese of Sacramento,CA
CA,los alamitos,Diocese of Orange,CA
CA,los alamos,Archdiocese of Los Angeles,CA
CA,los altos,Diocese of San Jose,CA
CA,los altos hills,Diocese of San Jose,CA
CA,los angeles,Archdiocese of Los Angeles,CA
CA,los banos,Diocese of Fresno,CA
CA,los berros,Diocese of Monterey,CA
CA,los gatos,Diocese of San Jose,CA
CA,los molinos,Diocese of Sacramento,CA
CA,los olivos,Archdiocese of Los Angeles,CA
CA,los osos,Diocese of Monterey,CA
CA,los serranos,Diocese of San Bernardino,CA
CA,lost hills,Diocese of Fresno,CA
CA,lower lake,Diocese of Santa Rosa,CA
CA,loyalton,Diocese of Sacramento,CA
CA,loyola,Diocese of San Jose,CA
CA,lucas valleymarinwood,Archdiocese of San Francisco,CA
CA,lucerne valley,Diocese of San Bernardino,CA
CA,lynwood,Archdiocese of Los Angeles,CA
CA,lytle creek,Diocese of San Bernardino,CA
CA,mad river,Diocese of Sacramento,CA
CA,madera,Diocese of Fresno,CA
CA,madera acres,Diocese of Fresno,CA
CA,madison,Diocese of Sacramento,CA
CA,magalia,Diocese of Sacramento,CA
CA,malaga,Diocese of Fresno,CA
CA,malibu,Archdiocese of Los Angeles,CA
CA,mammoth lakes,Diocese of Stockton,CA
CA,manhattan beach,Archdiocese of Los Angeles,CA
CA,manila,Diocese of Santa Rosa,CA
CA,manteca,Diocese of Stockton,CA
CA,manton,Diocese of Sacramento,CA
CA,march air force base,Diocese of San Bernardino,CA
CA,maricopa,Diocese of Fresno,CA
CA,marin city,Archdiocese of San Francisco,CA
CA,marina,Diocese of Monterey,CA
CA,mariposa,Diocese of Fresno,CA
CA,martinez,Diocese of Oakland,CA
CA,marysville,Diocese of Sacramento,CA
CA,matheny,Diocese of Fresno,CA
CA,maxwell,Diocese of Sacramento,CA
CA,mayflower village,Archdiocese of Los Angeles,CA
CA,maywood,Archdiocese of Los Angeles,CA
CA,mcarthur,Diocese of Sacramento,CA
CA,mcclellan park,Diocese of Sacramento,CA
CA,mccloud,Diocese of Sacramento,CA
CA,mcfarland,Diocese of Fresno,CA
CA,mckinleyville,Diocese of Santa Rosa,CA
CA,mead valley,Diocese of San Bernardino,CA
CA,meadow valley,Diocese of Sacramento,CA
CA,meadow vista,Diocese of Sacramento,CA
CA,meadowbrook,Diocese of San Bernardino,CA
CA,mecca,Diocese of San Bernardino,CA
CA,meiners oaks,Archdiocese of Los Angeles,CA
CA,mendocino,Diocese of Santa Rosa,CA
CA,mendota,Diocese of Fresno,CA
CA,menifee,Diocese of San Bernardino,CA
CA,menlo park,Archdiocese of San Francisco,CA
CA,mentone,Diocese of San Bernardino,CA
CA,merced,Diocese of Fresno,CA
CA,meridian,Diocese of Sacramento,CA
CA,mesa verde,Diocese of San Bernardino,CA
CA,middletown,Diocese of Santa Rosa,CA
CA,midpines,Diocese of Fresno,CA
CA,mill valley,Archdiocese of San Francisco,CA
CA,millbrae,Archdiocese of San Francisco,CA
CA,millville,Diocese of Sacramento,CA
CA,milpitas,Diocese of San Jose,CA
CA,minkler,Diocese of Fresno,CA
CA,mira monte,Archdiocese of Los Angeles,CA
CA,miranda,Diocese of Santa Rosa,CA
CA,mission canyon,Archdiocese of Los Angeles,CA
CA,mission hills,Archdiocese of Los Angeles,CA
CA,mission viejo,Diocese of Orange,CA
CA,miwuk village,Diocese of Stockton,CA
CA,modesto,Diocese of Stockton,CA
CA,mojave,Diocese of Fresno,CA
CA,mokelumne hill,Diocese of Stockton,CA
CA,mono vista,Diocese of Stockton,CA
CA,monrovia,Archdiocese of Los Angeles,CA
CA,montague,Diocese of Sacramento,CA
CA,montalvin,Diocese of Oakland,CA
CA,montara,Archdiocese of San Francisco,CA
CA,montclair,Diocese of San Bernardino,CA
CA,monte rio,Diocese of Santa Rosa,CA
CA,monte sereno,Diocese of San Jose,CA
CA,montebello,Archdiocese of Los Angeles,CA
CA,montecito,Archdiocese of Los Angeles,CA
CA,monterey,Diocese of Monterey,CA
CA,monterey park,Archdiocese of Los Angeles,CA
CA,monument hills,Diocese of Sacramento,CA
CA,moorpark,Archdiocese of Los Angeles,CA
CA,morada,Diocese of Stockton,CA
CA,moraga,Diocese of Oakland,CA
CA,moreno valley,Diocese of San Bernardino,CA
CA,morgan hill,Diocese of San Jose,CA
CA,morongo valley,Diocese of San Bernardino,CA
CA,morro bay,Diocese of Monterey,CA
CA,moss beach,Archdiocese of San Francisco,CA
CA,mount hermon,Diocese of Monterey,CA
CA,mount shasta,Diocese of Sacramento,CA
CA,mountain gate,Diocese of Sacramento,CA
CA,mountain house,Diocese of Stockton,CA
CA,mountain mesa,Diocese of Fresno,CA
CA,mountain ranch,Diocese of Stockton,CA
CA,muir beach,Archdiocese of San Francisco,CA
CA,murphys,Diocese of Stockton,CA
CA,murrieta,Diocese of San Bernardino,CA
CA,muscoy,Diocese of San Bernardino,CA
CA,myrtletown,Diocese of Santa Rosa,CA
CA,napa,Diocese of Santa Rosa,CA
CA,national city,Diocese of San Diego,CA
CA,needles,Diocese of San Bernardino,CA
CA,nevada city,Diocese of Sacramento,CA
CA,new cuyama,Archdiocese of Los Angeles,CA
CA,newark,Diocese of Oakland,CA
CA,newcastle,Diocese of Sacramento,CA
CA,newell,Diocese of Sacramento,CA
CA,newman,Diocese of Stockton,CA
CA,newport beach,Diocese of Orange,CA
CA,nice,Diocese of Santa Rosa,CA
CA,niland,Diocese of San Diego,CA
CA,nipinnawasee,Diocese of Fresno,CA
CA,nipomo,Diocese of Monterey,CA
CA,norco,Diocese of San Bernardino,CA
CA,nord,Diocese of Sacramento,CA
CA,north auburn,Diocese of Sacramento,CA
CA,north edwards,Diocese of Fresno,CA
CA,north el monte,Archdiocese of Los Angeles,CA
CA,north gate,Diocese of Oakland,CA
CA,north highlands,Diocese of Sacramento,CA
CA,north lakeport,Diocese of Santa Rosa,CA
CA,north richmond,Diocese of Oakland,CA
CA,north tustin,Diocese of Orange,CA
CA,norwalk,Archdiocese of Los Angeles,CA
CA,novato,Archdiocese of San Francisco,CA
CA,nuevo,Diocese of San Bernardino,CA
CA,oak glen,Diocese of San Bernardino,CA
CA,oak hills,Diocese of San Bernardino,CA
CA,oak park,Archdiocese of Los Angeles,CA
CA,oak shores,Diocese of Monterey,CA
CA,oak view,Archdiocese of Los Angeles,CA
CA,oakdale,Diocese of Stockton,CA
CA,oakhurst,Diocese of Fresno,CA
CA,oakland,Diocese of Oakland,CA
CA,oakley,Diocese of Oakland,CA
CA,oasis,Diocese of San Bernardino,CA
CA,occidental,Diocese of Santa Rosa,CA
CA,oceano,Diocese of Monterey,CA
CA,oceanside,Diocese of San Diego,CA
CA,oildale,Diocese of Fresno,CA
CA,ojai,Archdiocese of Los Angeles,CA
CA,old fig garden,Diocese of Fresno,CA
CA,olivehurst,Diocese of Sacramento,CA
CA,ontario,Diocese of San Bernardino,CA
CA,onyx,Diocese of Fresno,CA
CA,orange,Diocese of Orange,CA
CA,orange cove,Diocese of Fresno,CA
CA,orangevale,Diocese of Sacramento,CA
CA,orcutt,Archdiocese of Los Angeles,CA
CA,oreq,Diocese of Santa Rosa,CA
CA,orick,Diocese of Santa Rosa,CA
CA,orinda,Diocese of Oakland,CA
CA,orland,Diocese of Sacramento,CA
CA,orosi,Diocese of Fresno,CA
CA,oroville,Diocese of Sacramento,CA
CA,oroville east,Diocese of Sacramento,CA
CA,oxnard,Archdiocese of Los Angeles,CA
CA,pacheco,Diocese of Oakland,CA
CA,pacific grove,Diocese of Monterey,CA
CA,pacifica,Archdiocese of San Francisco,CA
CA,pajaro,Diocese of Monterey,CA
CA,palermo,Diocese of Sacramento,CA
CA,palm desert,Diocese of San Bernardino,CA
CA,palm springs,Diocese of San Bernardino,CA
CA,palmdale,Archdiocese of Los Angeles,CA
CA,palo alto,Diocese of San Jose,CA
CA,palo cedro,Diocese of Sacramento,CA
CA,palos verdes estates,Archdiocese of Los Angeles,CA
CA,paradise,Diocese of Sacramento,CA
CA,paradise park,Diocese of Monterey,CA
CA,paramount,Archdiocese of Los Angeles,CA
CA,parksdale,Diocese of Fresno,CA
CA,parkway,Diocese of Sacramento,CA
CA,parkwood,Diocese of Fresno,CA
CA,parlier,Diocese of Fresno,CA
CA,pasadena,Archdiocese of Los Angeles,CA
CA,pasatiempo,Diocese of Monterey,CA
CA,paso robles,Diocese of Monterey,CA
CA,patterson,Diocese of Stockton,CA
CA,patterson tract,Diocese of Fresno,CA
CA,patton village,Diocese of Sacramento,CA
CA,pedley,Diocese of San Bernardino,CA
CA,penn valley,Diocese of Sacramento,CA
CA,penngrove,Diocese of Santa Rosa,CA
CA,penryn,Diocese of Sacramento,CA
CA,perris,Diocese of San Bernardino,CA
CA,pescadero,Archdiocese of San Francisco,CA
CA,petaluma,Diocese of Santa Rosa,CA
CA,peters,Diocese of Stockton,CA
CA,phelan,Diocese of San Bernardino,CA
CA,philo,Diocese of Santa Rosa,CA
CA,phoenix lake,Diocese of Stockton,CA
CA,pico rivera,Archdiocese of Los Angeles,CA
CA,piedmont,Diocese of Oakland,CA
CA,pine grove,Diocese of Sacramento,CA
CA,pine hills,Diocese of Santa Rosa,CA
CA,pine mountain club,Diocese of Fresno,CA
CA,pine valley,Diocese of San Diego,CA
CA,pinole,Diocese of Oakland,CA
CA,pinon hills,Diocese of San Bernardino,CA
CA,pioneer,Diocese of Sacramento,CA
CA,piru,Archdiocese of Los Angeles,CA
CA,pismo beach,Diocese of Monterey,CA
CA,pittsburg,Diocese of Oakland,CA
CA,pixley,Diocese of Fresno,CA
CA,placentia,Diocese of Orange,CA
CA,placerville,Diocese of Sacramento,CA
CA,plainview,Diocese of Fresno,CA
CA,planada,Diocese of Fresno,CA
CA,pleasant hill,Diocese of Oakland,CA
CA,pleasanton,Diocese of Oakland,CA
CA,plumas eureka,Diocese of Sacramento,CA
CA,plumas lake,Diocese of Sacramento,CA
CA,plymouth,Diocese of Sacramento,CA
CA,point arena,Diocese of Santa Rosa,CA
CA,point reyes station,Archdiocese of San Francisco,CA
CA,pollock pines,Diocese of Sacramento,CA
CA,pomona,Archdiocese of Los Angeles,CA
CA,poplarcotton center,Diocese of Fresno,CA
CA,port hueneme,Archdiocese of Los Angeles,CA
CA,porterville,Diocese of Fresno,CA
CA,portola,Diocese of Sacramento,CA
CA,portola valley,Archdiocese of San Francisco,CA
CA,potrero,Diocese of San Diego,CA
CA,potter valley,Diocese of Santa Rosa,CA
CA,poway,Diocese of San Diego,CA
CA,princeton,Diocese of Sacramento,CA
CA,prunedale,Diocese of Monterey,CA
CA,quartz hill,Archdiocese of Los Angeles,CA
CA,quincy,Diocese of Sacramento,CA
CA,rail road flat,Diocese of Stockton,CA
CA,rainbow,Diocese of San Diego,CA
CA,raisin city,Diocese of Fresno,CA
CA,ramona,Diocese of San Diego,CA
CA,rancho calaveras,Diocese of Stockton,CA
CA,rancho cordova,Diocese of Sacramento,CA
CA,rancho cucamonga,Diocese of San Bernardino,CA
CA,rancho mirage,Diocese of San Bernardino,CA
CA,rancho murieta,Diocese of Sacramento,CA
CA,rancho palos verdes,Archdiocese of Los Angeles,CA
CA,rancho san diego,Diocese of San Diego,CA
CA,rancho santa fe,Diocese of San Diego,CA
CA,rancho santa margarita,Diocese of Orange,CA
CA,rancho tehama reserve,Diocese of Sacramento,CA
CA,red bluff,Diocese of Sacramento,CA
CA,red corral,Diocese of Sacramento,CA
CA,redding,Diocese of Sacramento,CA
CA,redlands,Diocese of San Bernardino,CA
CA,redondo beach,Archdiocese of Los Angeles,CA
CA,redway,Diocese of Santa Rosa,CA
CA,redwood city,Archdiocese of San Francisco,CA
CA,redwood valley,Diocese of Santa Rosa,CA
CA,reedley,Diocese of Fresno,CA
CA,rialto,Diocese of San Bernardino,CA
CA,richfield,Diocese of Sacramento,CA
CA,richgrove,Diocese of Fresno,CA
CA,richmond,Diocese of Oakland,CA
CA,ridgecrest,Diocese of Fresno,CA
CA,ridgemark,Diocese of Monterey,CA
CA,rio del mar,Diocese of Monterey,CA
CA,rio dell,Diocese of Santa Rosa,CA
CA,rio linda,Diocese of Sacramento,CA
CA,rio oso,Diocese of Sacramento,CA
CA,rio vista,Diocese of Sacramento,CA
CA,ripley,Diocese of San Bernardino,CA
CA,ripon,Diocese of Stockton,CA
CA,river pines,Diocese of Sacramento,CA
CA,riverbank,Diocese of Stockton,CA
CA,riverdale,Diocese of Fresno,CA
CA,riverdale park,Diocese of Stockton,CA
CA,riverside,Diocese of San Bernardino,CA
CA,robbins,Diocese of Sacramento,CA
CA,rocklin,Diocese of Sacramento,CA
CA,rodeo,Diocese of Oakland,CA
CA,rohnert park,Diocese of Santa Rosa,CA
CA,rolling hills estates,Archdiocese of Los Angeles,CA
CA,rollingwood,Diocese of Oakland,CA
CA,rosamond,Diocese of Fresno,CA
CA,rosedale,Diocese of Fresno,CA
CA,rosemead,Archdiocese of Los Angeles,CA
CA,rosemont,Diocese of Sacramento,CA
CA,roseville,Diocese of Sacramento,CA
CA,ross,Archdiocese of San Francisco,CA
CA,rossmoor,Diocese of Orange,CA
CA,rough and ready,Diocese of Sacramento,CA
CA,round valley,Diocese of Fresno,CA
CA,rowland heights,Archdiocese of Los Angeles,CA
CA,rubidoux,Diocese of San Bernardino,CA
CA,running springs,Diocese of San Bernardino,CA
CA,sacramento,Diocese of Sacramento,CA
CA,salida,Diocese of Stockton,CA
CA,salinas,Diocese of Monterey,CA
CA,salton city,Diocese of San Diego,CA
CA,salton sea beach,Diocese of San Diego,CA
CA,san andreas,Diocese of Stockton,CA
CA,san anselmo,Archdiocese of San Francisco,CA
CA,san antonio heights,Diocese of San Bernardino,CA
CA,san ardo,Diocese of Monterey,CA
CA,san bernardino,Diocese of San Bernardino,CA
CA,san bruno,Archdiocese of San Francisco,CA
CA,san carlos,Archdiocese of San Francisco,CA
CA,san clemente,Diocese of Orange,CA
CA,san diego,Diocese of San Diego,CA
CA,san diego country estates,Diocese of San Diego,CA
CA,san dimas,Archdiocese of Los Angeles,CA
CA,san francisco,Archdiocese of San Francisco,CA
CA,san gabriel,Archdiocese of Los Angeles,CA
CA,san geronimo,Archdiocese of San Francisco,CA
CA,san jacinto,Diocese of San Bernardino,CA
CA,san joaquin,Diocese of Fresno,CA
CA,san jose,Diocese of San Jose,CA
CA,san juan bautista,Diocese of Monterey,CA
CA,san juan capistrano,Diocese of Orange,CA
CA,san leandro,Diocese of Oakland,CA
CA,san lorenzo,Diocese of Oakland,CA
CA,san luis obispo,Diocese of Monterey,CA
CA,san marcos,Diocese of San Diego,CA
CA,san marino,Archdiocese of Los Angeles,CA
CA,san martin,Diocese of San Jose,CA
CA,san mateo,Archdiocese of San Francisco,CA
CA,san miguel,Diocese of Monterey,CA
CA,san pablo,Diocese of Oakland,CA
CA,san rafael,Archdiocese of San Francisco,CA
CA,san ramon,Diocese of Oakland,CA
CA,san simeon,Diocese of Monterey,CA
CA,sand city,Diocese of Monterey,CA
CA,sanger,Diocese of Fresno,CA
CA,santa ana,Diocese of Orange,CA
CA,santa barbara,Archdiocese of Los Angeles,CA
CA,santa clara,Diocese of San Jose,CA
CA,santa clarita,Archdiocese of Los Angeles,CA
CA,santa cruz,Diocese of Monterey,CA
CA,santa fe springs,Archdiocese of Los Angeles,CA
CA,santa margarita,Diocese of Monterey,CA
CA,santa maria,Archdiocese of Los Angeles,CA
CA,santa monica,Archdiocese of Los Angeles,CA
CA,santa paula,Archdiocese of Los Angeles,CA
CA,santa rosa,Diocese of Santa Rosa,CA
CA,santa venetia,Archdiocese of San Francisco,CA
CA,santa ynez,Archdiocese of Los Angeles,CA
CA,santee,Diocese of San Diego,CA
CA,saranap,Diocese of Oakland,CA
CA,saratoga,Diocese of San Jose,CA
CA,saticoy,Archdiocese of Los Angeles,CA
CA,sausalito,Archdiocese of San Francisco,CA
CA,scotia,Diocese of Santa Rosa,CA
CA,scotts valley,Diocese of Monterey,CA
CA,sea ranch,Diocese of Santa Rosa,CA
CA,seacliff,Diocese of Monterey,CA
CA,seal beach,Diocese of Orange,CA
CA,searles valley,Diocese of San Bernardino,CA
CA,seaside,Diocese of Monterey,CA
CA,sebastopol,Diocese of Santa Rosa,CA
CA,sedco hills,Diocese of San Bernardino,CA
CA,seeley,Diocese of San Diego,CA
CA,selma,Diocese of Fresno,CA
CA,seville,Diocese of Fresno,CA
CA,shafter,Diocese of Fresno,CA
CA,shandon,Diocese of Monterey,CA
CA,shasta,Diocese of Sacramento,CA
CA,shasta lake,Diocese of Sacramento,CA
CA,shaver lake,Diocese of Fresno,CA
CA,shelter cove,Diocese of Santa Rosa,CA
CA,sheridan,Diocese of Sacramento,CA
CA,shingle springs,Diocese of Sacramento,CA
CA,shingletown,Diocese of Sacramento,CA
CA,sierra brooks,Diocese of Sacramento,CA
CA,sierra madre,Archdiocese of Los Angeles,CA
CA,sierra village,Diocese of Stockton,CA
CA,signal hill,Archdiocese of Los Angeles,CA
CA,silver lakes,Diocese of San Bernardino,CA
CA,simi valley,Archdiocese of Los Angeles,CA
CA,sky valley,Diocese of San Bernardino,CA
CA,sleepy hollow,Archdiocese of San Francisco,CA
CA,smith corner,Diocese of Fresno,CA
CA,smith river,Diocese of Santa Rosa,CA
CA,soda bay,Diocese of Santa Rosa,CA
CA,solana beach,Diocese of San Diego,CA
CA,soledad,Diocese of Monterey,CA
CA,solvang,Archdiocese of Los Angeles,CA
CA,somerset,Diocese of Sacramento,CA
CA,sonoma,Diocese of Santa Rosa,CA
CA,sonora,Diocese of Stockton,CA
CA,soquel,Diocese of Monterey,CA
CA,soulsbyville,Diocese of Stockton,CA
CA,south dos palos,Diocese of Fresno,CA
CA,south el monte,Archdiocese of Los Angeles,CA
CA,south gate,Archdiocese of Los Angeles,CA
CA,south lake tahoe,Diocese of Sacramento,CA
CA,south oroville,Diocese of Sacramento,CA
CA,south pasadena,Archdiocese of Los Angeles,CA
CA,south san francisco,Archdiocese of San Francisco,CA
CA,south san gabriel,Archdiocese of Los Angeles,CA
CA,south san jose hills,Archdiocese of Los Angeles,CA
CA,south taft,Diocese of Fresno,CA
CA,south whittier,Archdiocese of Los Angeles,CA
CA,south yuba city,Diocese of Sacramento,CA
CA,spreckels,Diocese of Monterey,CA
CA,spring valley,Diocese of San Diego,CA
CA,spring valley lake,Diocese of San Bernardino,CA
CA,springville,Diocese of Fresno,CA
CA,squirrel mountain valley,Diocese of Fresno,CA
CA,st helena,Diocese of Santa Rosa,CA
CA,stallion springs,Diocese of Fresno,CA
CA,stanford,Diocese of San Jose,CA
CA,stanton,Diocese of Orange,CA
CA,stevenson ranch,Archdiocese of Los Angeles,CA
CA,stevinson,Diocese of Fresno,CA
CA,stinson beach,Archdiocese of San Francisco,CA
CA,stockton,Diocese of Stockton,CA
CA,stratford,Diocese of Fresno,CA
CA,strathmore,Diocese of Fresno,CA
CA,strawberry,Archdiocese of San Francisco,CA
CA,suisun,Diocese of Sacramento,CA
CA,sultana,Diocese of Fresno,CA
CA,summerland,Archdiocese of Los Angeles,CA
CA,sun village,Archdiocese of Los Angeles,CA
CA,sunnysidetahoe city,Diocese of Sacramento,CA
CA,sunnyslope,Diocese of San Bernardino,CA
CA,sunnyvale,Diocese of San Jose,CA
CA,sunol,Diocese of Oakland,CA
CA,susanville,Diocese of Sacramento,CA
CA,sutter,Diocese of Sacramento,CA
CA,sutter creek,Diocese of Sacramento,CA
CA,taft,Diocese of Fresno,CA
CA,taft heights,Diocese of Fresno,CA
CA,tahoe vista,Diocese of Sacramento,CA
CA,tahoma,Diocese of Sacramento,CA
CA,talmage,Diocese of Santa Rosa,CA
CA,tamalpais valley,Archdiocese of San Francisco,CA
CA,tamalpaishomestead valley,Archdiocese of San Francisco,CA
CA,tara hills,Diocese of Oakland,CA
CA,tarpey village,Diocese of Fresno,CA
CA,tehachapi,Diocese of Fresno,CA
CA,tehama,Diocese of Sacramento,CA
CA,temecula,Diocese of San Bernardino,CA
CA,temelec,Diocese of Santa Rosa,CA
CA,temple city,Archdiocese of Los Angeles,CA
CA,templeton,Diocese of Monterey,CA
CA,terminous,Diocese of Stockton,CA
CA,terra bella,Diocese of Fresno,CA
CA,teviston,Diocese of Fresno,CA
CA,thermal,Diocese of San Bernardino,CA
CA,thermalito,Diocese of Sacramento,CA
CA,thornton,Diocese of Stockton,CA
CA,thousand oaks,Archdiocese of Los Angeles,CA
CA,thousand palms,Diocese of San Bernardino,CA
CA,three rivers,Diocese of Fresno,CA
CA,tiburon,Archdiocese of San Francisco,CA
CA,tipton,Diocese of Fresno,CA
CA,tonyville,Diocese of Fresno,CA
CA,tooleville,Diocese of Fresno,CA
CA,topanga,Archdiocese of Los Angeles,CA
CA,toro canyon,Archdiocese of Los Angeles,CA
CA,torrance,Archdiocese of Los Angeles,CA
CA,trabuco canyon,Diocese of Orange,CA
CA,tracy,Diocese of Stockton,CA
CA,tranquillity,Diocese of Fresno,CA
CA,traver,Diocese of Fresno,CA
CA,tres pinos,Diocese of Monterey,CA
CA,trinidad,Diocese of Santa Rosa,CA
CA,truckee,Diocese of Sacramento,CA
CA,tulare,Diocese of Fresno,CA
CA,tulelake,Diocese of Sacramento,CA
CA,tuolumne city,Diocese of Stockton,CA
CA,turlock,Diocese of Stockton,CA
CA,turtle rock,Diocese of Orange,CA
CA,tustin,Diocese of Orange,CA
CA,tuttletown,Diocese of Stockton,CA
CA,twain harte,Diocese of Stockton,CA
CA,twentynine palms,Diocese of San Bernardino,CA
CA,twin lakes,Diocese of Monterey,CA
CA,ukiah,Diocese of Santa Rosa,CA
CA,union city,Diocese of Oakland,CA
CA,upland,Diocese of San Bernardino,CA
CA,upper lake,Diocese of Santa Rosa,CA
CA,vacaville,Diocese of Sacramento,CA
CA,val verde,Archdiocese of Los Angeles,CA
CA,valencia,Archdiocese of Los Angeles,CA
CA,valinda,Archdiocese of Los Angeles,CA
CA,valle vista,Diocese of San Bernardino,CA
CA,vallecito,Diocese of Stockton,CA
CA,vallejo,Diocese of Sacramento,CA
CA,valley acres,Diocese of Fresno,CA
CA,valley center,Diocese of San Diego,CA
CA,valley springs,Diocese of Stockton,CA
CA,vandenberg space force base,Archdiocese of Los Angeles,CA
CA,vandenberg village,Archdiocese of Los Angeles,CA
CA,ventura,Archdiocese of Los Angeles,CA
CA,victorville,Diocese of San Bernardino,CA
CA,villa park,Diocese of Orange,CA
CA,vincent,Archdiocese of Los Angeles,CA
CA,vine hill,Diocese of Oakland,CA
CA,vineyard,Diocese of Sacramento,CA
CA,visalia,Diocese of Fresno,CA
CA,vista,Diocese of San Diego,CA
CA,vista santa rosa,Diocese of San Bernardino,CA
CA,waldon,Diocese of Oakland,CA
CA,walker,Diocese of Stockton,CA
CA,wallace,Diocese of Stockton,CA
CA,walnut,Archdiocese of Los Angeles,CA
CA,walnut creek,Diocese of Oakland,CA
CA,walnut grove,Diocese of Sacramento,CA
CA,walnut park,Archdiocese of Los Angeles,CA
CA,wasco,Diocese of Fresno,CA
CA,waterford,Diocese of Stockton,CA
CA,waterloo,Diocese of Stockton,CA
CA,watsonville,Diocese of Monterey,CA
CA,weaverville,Diocese of Sacramento,CA
CA,weed,Diocese of Sacramento,CA
CA,weedpatch,Diocese of Fresno,CA
CA,weldon,Diocese of Fresno,CA
CA,west athens,Archdiocese of Los Angeles,CA
CA,west bishop,Diocese of Fresno,CA
CA,west carson,Archdiocese of Los Angeles,CA
CA,west covina,Archdiocese of Los Angeles,CA
CA,west menlo park,Archdiocese of San Francisco,CA
CA,west modesto,Diocese of Stockton,CA
CA,west park,Diocese of Fresno,CA
CA,west point,Diocese of Stockton,CA
CA,west puente valley,Archdiocese of Los Angeles,CA
CA,west rancho dominguez,Archdiocese of Los Angeles,CA
CA,west sacramento,Diocese of Sacramento,CA
CA,west whittierlos nietos,Archdiocese of Los Angeles,CA
CA,westhavenmoonstone,Diocese of Santa Rosa,CA
CA,westlake village,Archdiocese of Los Angeles,CA
CA,westley,Diocese of Stockton,CA
CA,westminster,Diocese of Orange,CA
CA,westmont,Archdiocese of Los Angeles,CA
CA,westmorland,Diocese of San Diego,CA
CA,westwood,Diocese of Sacramento,CA
CA,wheatland,Diocese of Sacramento,CA
CA,whittier,Archdiocese of Los Angeles,CA
CA,wildomar,Diocese of San Bernardino,CA
CA,wilkerson,Diocese of Fresno,CA
CA,williams,Diocese of Sacramento,CA
CA,willits,Diocese of Santa Rosa,CA
CA,willow creek,Diocese of Santa Rosa,CA
CA,willowbrook,Archdiocese of Los Angeles,CA
CA,willows,Diocese of Sacramento,CA
CA,wilton,Diocese of Sacramento,CA
CA,winchester,Diocese of San Bernardino,CA
CA,windsor,Diocese of Santa Rosa,CA
CA,winter gardens,Diocese of San Diego,CA
CA,winterhaven,Diocese of San Diego,CA
CA,winters,Diocese of Sacramento,CA
CA,winton,Diocese of Fresno,CA
CA,wofford heights,Diocese of Fresno,CA
CA,woodacre,Archdiocese of San Francisco,CA
CA,woodbridge,Diocese of Stockton,CA
CA,woodcrest,Diocese of San Bernardino,CA
CA,woodlake,Diocese of Fresno,CA
CA,woodland,Diocese of Sacramento,CA
CA,woodlands,Diocese of Monterey,CA
CA,woodside,Archdiocese of San Francisco,CA
CA,woodville,Diocese of Fresno,CA
CA,wrightwood,Diocese of San Bernardino,CA
CA,yankee hill,Diocese of Sacramento,CA
CA,yermo,Diocese of San Bernardino,CA
CA,yokuts valley,Diocese of Fresno,CA
CA,yolo,Diocese of Sacramento,CA
CA,yorba linda,Diocese of Orange,CA
CA,yosemite lakes,Diocese of Fresno,CA
CA,yosemite valley,Diocese of Fresno,CA
CA,yountville,Diocese of Santa Rosa,CA
CA,yreka,Diocese of Sacramento,CA
CA,yuba city,Diocese of Sacramento,CA
CA,yucaipa,Diocese of San Bernardino,CA
CA,yucca valley,Diocese of San Bernardino,CA
CA,zayante,Diocese of Monterey,CA
CO,acres green,Diocese of Colorado Springs,CO
CO,aetna estates,Archdiocese of Denver,CO
CO,aguilar,Diocese of Pueblo,CO
CO,air force academy,Diocese of Colorado Springs,CO
CO,akron,Archdiocese of Denver,CO
CO,alamosa,Diocese of Pueblo,CO
CO,alamosa east,Diocese of Pueblo,CO
CO,allenspark,Archdiocese of Denver,CO
CO,altona,Archdiocese of Denver,CO
CO,antonito,Diocese of Pueblo,CO
CO,applewood,Archdiocese of Denver,CO
CO,aristocrat ranchettes,Archdiocese of Denver,CO
CO,arvada,Archdiocese of Denver,CO
CO,aspen,Archdiocese of Denver,CO
CO,aspen park,Archdiocese of Denver,CO
CO,ault,Archdiocese of Denver,CO
CO,aurora,Archdiocese of Denver,CO
CO,avon,Archdiocese of Denver,CO
CO,avondale,Diocese of Pueblo,CO
CO,bailey,Diocese of Colorado Springs,CO
CO,basalt,Archdiocese of Denver,CO
CO,battlement mesa,Archdiocese of Denver,CO
CO,bayfield,Diocese of Pueblo,CO
CO,bennett,Archdiocese of Denver,CO
CO,berkley,Archdiocese of Denver,CO
CO,berthoud,Archdiocese of Denver,CO
CO,beulah valley,Diocese of Pueblo,CO
CO,black forest,Diocese of Colorado Springs,CO
CO,blanca,Diocese of Pueblo,CO
CO,blende,Diocese of Pueblo,CO
CO,blue river,Archdiocese of Denver,CO
CO,boone,Diocese of Pueblo,CO
CO,boulder,Archdiocese of Denver,CO
CO,bow mar,Archdiocese of Denver,CO
CO,breckenridge,Archdiocese of Denver,CO
CO,brighton,Archdiocese of Denver,CO
CO,broomfield,Archdiocese of Denver,CO
CO,brush,Archdiocese of Denver,CO
CO,buena vista,Diocese of Colorado Springs,CO
CO,burlington,Diocese of Colorado Springs,CO
CO,byers,Archdiocese of Denver,CO
CO,calhan,Diocese of Colorado Springs,CO
CO,campion,Archdiocese of Denver,CO
CO,canon city,Diocese of Pueblo,CO
CO,carbondale,Archdiocese of Denver,CO
CO,carriage club,Diocese of Colorado Springs,CO
CO,cascadechipita park,Diocese of Colorado Springs,CO
CO,castle pines,Diocese of Colorado Springs,CO
CO,castle pines north,Diocese of Colorado Springs,CO
CO,castle rock,Diocese of Colorado Springs,CO
CO,cattle creek,Archdiocese of Denver,CO
CO,cedaredge,Diocese of Pueblo,CO
CO,centennial,Archdiocese of Denver,CO
CO,center,Diocese of Pueblo,CO
CO,central city,Archdiocese of Denver,CO
CO,chacra,Archdiocese of Denver,CO
CO,cherry creek,Archdiocese of Denver,CO
CO,cherry hills village,Archdiocese of Denver,CO
CO,cheyenne wells,Diocese of Colorado Springs,CO
CO,clifton,Diocese of Pueblo,CO
CO,collbran,Diocese of Pueblo,CO
CO,colorado city,Diocese of Pueblo,CO
CO,colorado springs,Diocese of Colorado Springs,CO
CO,columbine,Archdiocese of Denver,CO
CO,columbine valley,Archdiocese of Denver,CO
CO,comanche creek,Archdiocese of Denver,CO
CO,commerce city,Archdiocese of Denver,CO
CO,copper mountain,Archdiocese of Denver,CO
CO,cortez,Diocese of Pueblo,CO
CO,cottonwood,Diocese of Colorado Springs,CO
CO,craig,Archdiocese of Denver,CO
CO,crawford,Diocese of Pueblo,CO
CO,creede,Diocese of Pueblo,CO
CO,crested butte,Diocese of Pueblo,CO
CO,cripple creek,Diocese of Colorado Springs,CO
CO,dacono,Archdiocese of Denver,CO
CO,dakota ridge,Archdiocese of Denver,CO
CO,de beque,Diocese of Pueblo,CO
CO,deer trail,Archdiocese of Denver,CO
CO,del norte,Diocese of Pueblo,CO
CO,delta,Diocese of Pueblo,CO
CO,denver,Archdiocese of Denver,CO
CO,derby,Archdiocese of Denver,CO
CO,dillon,Archdiocese of Denver,CO
CO,dinosaur,Archdiocese of Denver,CO
CO,dolores,Diocese of Pueblo,CO
CO,dotsero,Archdiocese of Denver,CO
CO,dove creek,Diocese of Pueblo,CO
CO,dove valley,Archdiocese of Denver,CO
CO,downievillelawsondumont,Archdiocese of Denver,CO
CO,durango,Diocese of Pueblo,CO
CO,eads,Diocese of Pueblo,CO
CO,eagle,Archdiocese of Denver,CO
CO,east pleasant view,Archdiocese of Denver,CO
CO,eaton,Archdiocese of Denver,CO
CO,edgewater,Archdiocese of Denver,CO
CO,edwards,Archdiocese of Denver,CO
CO,el jebel,Archdiocese of Denver,CO
CO,eldorado springs,Archdiocese of Denver,CO
CO,elizabeth,Diocese of Colorado Springs,CO
CO,ellicott,Diocese of Colorado Springs,CO
CO,englewood,Archdiocese of Denver,CO
CO,erie,Archdiocese of Denver,CO
CO,estes park,Archdiocese of Denver,CO
CO,evans,Archdiocese of Denver,CO
CO,evergreen,Archdiocese of Denver,CO
CO,fairplay,Diocese of Colorado Springs,CO
CO,federal heights,Archdiocese of Denver,CO
CO,firestone,Archdiocese of Denver,CO
CO,flagler,Diocese of Colorado Springs,CO
CO,fleming,Archdiocese of Denver,CO
CO,florence,Diocese of Pueblo,CO
CO,fort carson,Diocese of Colorado Springs,CO
CO,fort collins,Archdiocese of Denver,CO
CO,fort garland,Diocese of Pueblo,CO
CO,fort lupton,Archdiocese of Denver,CO
CO,fort morgan,Archdiocese of Denver,CO
CO,fountain,Diocese of Colorado Springs,CO
CO,fowler,Diocese of Pueblo,CO
CO,foxfield,Archdiocese of Denver,CO
CO,franktown,Diocese of Colorado Springs,CO
CO,fraser,Archdiocese of Denver,CO
CO,frederick,Archdiocese of Denver,CO
CO,frisco,Archdiocese of Denver,CO
CO,fruita,Diocese of Pueblo,CO
CO,fruitvale,Diocese of Pueblo,CO
CO,genesee,Archdiocese of Denver,CO
CO,georgetown,Archdiocese of Denver,CO
CO,gilcrest,Archdiocese of Denver,CO
CO,glendale,Archdiocese of Denver,CO
CO,gleneagle,Diocese of Colorado Springs,CO
CO,glenwood springs,Archdiocese of Denver,CO
CO,golden,Archdiocese of Denver,CO
CO,granada,Diocese of Pueblo,CO
CO,granby,Archdiocese of Denver,CO
CO,grand junction,Diocese of Pueblo,CO
CO,grand lake,Archdiocese of Denver,CO
CO,grand view estates,Diocese of Colorado Springs,CO
CO,greeley,Archdiocese of Denver,CO
CO,green mountain falls,Diocese of Colorado Springs,CO
CO,greenwood village,Archdiocese of Denver,CO
CO,gunbarrel,Archdiocese of Denver,CO
CO,gunnison,Diocese of Pueblo,CO
CO,gypsum,Archdiocese of Denver,CO
CO,haxtun,Archdiocese of Denver,CO
CO,hayden,Archdiocese of Denver,CO
CO,heritage hills,Diocese of Colorado Springs,CO
CO,highlands ranch,Diocese of Colorado Springs,CO
CO,holly,Diocese of Pueblo,CO
CO,holyoke,Archdiocese of Denver,CO
CO,hot sulphur springs,Archdiocese of Denver,CO
CO,hotchkiss,Diocese of Pueblo,CO
CO,howard,Diocese of Pueblo,CO
CO,hudson,Archdiocese of Denver,CO
CO,hugo,Diocese of Colorado Springs,CO
CO,idaho springs,Archdiocese of Denver,CO
CO,ignacio,Diocese of Pueblo,CO
CO,indian hills,Archdiocese of Denver,CO
CO,inverness,Archdiocese of Denver,CO
CO,johnstown,Archdiocese of Denver,CO
CO,julesburg,Archdiocese of Denver,CO
CO,keenesburg,Archdiocese of Denver,CO
CO,ken caryl,Archdiocese of Denver,CO
CO,kersey,Archdiocese of Denver,CO
CO,keystone,Archdiocese of Denver,CO
CO,kiowa,Diocese of Colorado Springs,CO
CO,kittredge,Archdiocese of Denver,CO
CO,kremmling,Archdiocese of Denver,CO
CO,la jara,Diocese of Pueblo,CO
CO,la junta,Diocese of Pueblo,CO
CO,la salle,Archdiocese of Denver,CO
CO,la veta,Diocese of Pueblo,CO
CO,lafayette,Archdiocese of Denver,CO
CO,lake city,Diocese of Pueblo,CO
CO,lakewood,Archdiocese of Denver,CO
CO,lamar,Diocese of Pueblo,CO
CO,laporte,Archdiocese of Denver,CO
CO,las animas,Diocese of Pueblo,CO
CO,lazy acres,Archdiocese of Denver,CO
CO,leadville,Diocese of Colorado Springs,CO
CO,leadville north,Diocese of Colorado Springs,CO
CO,lewis,Diocese of Pueblo,CO
CO,limon,Diocese of Colorado Springs,CO
CO,lincoln park,Diocese of Pueblo,CO
CO,littleton,Archdiocese of Denver,CO
CO,lochbuie,Archdiocese of Denver,CO
CO,log lane village,Archdiocese of Denver,CO
CO,loghill village,Diocese of Pueblo,CO
CO,loma,Diocese of Pueblo,CO
CO,lone tree,Archdiocese of Denver,CO
CO,longmont,Archdiocese of Denver,CO
CO,louisville,Archdiocese of Denver,CO
CO,loveland,Archdiocese of Denver,CO
CO,lyons,Archdiocese of Denver,CO
CO,manassa,Diocese of Pueblo,CO
CO,mancos,Diocese of Pueblo,CO
CO,manitou springs,Diocese of Colorado Springs,CO
CO,manzanola,Diocese of Pueblo,CO
CO,mead,Archdiocese of Denver,CO
CO,meeker,Archdiocese of Denver,CO
CO,meridian,Diocese of Colorado Springs,CO
CO,milliken,Archdiocese of Denver,CO
CO,minturn,Archdiocese of Denver,CO
CO,monte vista,Diocese of Pueblo,CO
CO,montrose,Diocese of Pueblo,CO
CO,monument,Diocese of Colorado Springs,CO
CO,morrison,Archdiocese of Denver,CO
CO,mount crested butte,Diocese of Pueblo,CO
CO,mountain view,Archdiocese of Denver,CO
CO,mountain village,Diocese of Pueblo,CO
CO,naturita,Diocese of Pueblo,CO
CO,nederland,Archdiocese of Denver,CO
CO,new castle,Archdiocese of Denver,CO
CO,niwot,Archdiocese of Denver,CO
CO,north la junta,Diocese of Pueblo,CO
CO,north washington,Archdiocese of Denver,CO
CO,northglenn,Archdiocese of Denver,CO
CO,norwood,Diocese of Pueblo,CO
CO,nucla,Diocese of Pueblo,CO
CO,nunn,Archdiocese of Denver,CO
CO,oak creek,Archdiocese of Denver,CO
CO,olathe,Diocese of Pueblo,CO
CO,olney springs,Diocese of Pueblo,CO
CO,orchard city,Diocese of Pueblo,CO
CO,orchard mesa,Diocese of Pueblo,CO
CO,ordway,Diocese of Pueblo,CO
CO,otis,Archdiocese of Denver,CO
CO,ouray,Diocese of Pueblo,CO
CO,ovid,Archdiocese of Denver,CO
CO,pagosa springs,Diocese of Pueblo,CO
CO,palisade,Diocese of Pueblo,CO
CO,palmer lake,Diocese of Colorado Springs,CO
CO,paonia,Diocese of Pueblo,CO
CO,parachute,Archdiocese of Denver,CO
CO,paragon estates,Archdiocese of Denver,CO
CO,parker,Diocese of Colorado Springs,CO
CO,penrose,Diocese of Pueblo,CO
CO,perry park,Diocese of Colorado Springs,CO
CO,pierce,Archdiocese of Denver,CO
CO,pine brook hill,Archdiocese of Denver,CO
CO,platteville,Archdiocese of Denver,CO
CO,poncha springs,Diocese of Colorado Springs,CO
CO,ponderosa park,Diocese of Colorado Springs,CO
CO,pueblo,Diocese of Pueblo,CO
CO,pueblo west,Diocese of Pueblo,CO
CO,rangely,Archdiocese of Denver,CO
CO,red feather lakes,Archdiocese of Denver,CO
CO,redlands,Diocese of Pueblo,CO
CO,ridgway,Diocese of Pueblo,CO
CO,rifle,Archdiocese of Denver,CO
CO,rockvale,Diocese of Pueblo,CO
CO,rocky ford,Diocese of Pueblo,CO
CO,romeo,Diocese of Pueblo,CO
CO,roxborough park,Diocese of Colorado Springs,CO
CO,saguache,Diocese of Pueblo,CO
CO,salida,Diocese of Colorado Springs,CO
CO,salt creek,Diocese of Pueblo,CO
CO,san luis,Diocese of Pueblo,CO
CO,sanford,Diocese of Pueblo,CO
CO,securitywidefield,Diocese of Colorado Springs,CO
CO,severance,Archdiocese of Denver,CO
CO,sheridan,Archdiocese of Denver,CO
CO,sherrelwood,Archdiocese of Denver,CO
CO,silt,Archdiocese of Denver,CO
CO,silver cliff,Diocese of Pueblo,CO
CO,silverthorne,Archdiocese of Denver,CO
CO,silverton,Diocese of Pueblo,CO
CO,simla,Diocese of Colorado Springs,CO
CO,snowmass village,Archdiocese of Denver,CO
CO,south fork,Diocese of Pueblo,CO
CO,springfield,Diocese of Pueblo,CO
CO,steamboat springs,Archdiocese of Denver,CO
CO,sterling,Archdiocese of Denver,CO
CO,stonegate,Diocese of Colorado Springs,CO
CO,strasburg,Archdiocese of Denver,CO
CO,stratmoor,Diocese of Colorado Springs,CO
CO,stratton,Diocese of Colorado Springs,CO
CO,superior,Archdiocese of Denver,CO
CO,swink,Diocese of Pueblo,CO
CO,tabernash,Archdiocese of Denver,CO
CO,telluride,Diocese of Pueblo,CO
CO,the pinery,Diocese of Colorado Springs,CO
CO,thornton,Archdiocese of Denver,CO
CO,timnath,Archdiocese of Denver,CO
CO,todd creek,Archdiocese of Denver,CO
CO,towaoc,Diocese of Pueblo,CO
CO,trinidad,Diocese of Pueblo,CO
CO,twin lakes,Archdiocese of Denver,CO
CO,upper bear creek,Archdiocese of Denver,CO
CO,vail,Archdiocese of Denver,CO
CO,victor,Diocese of Colorado Springs,CO
CO,walden,Archdiocese of Denver,CO
CO,walsenburg,Diocese of Pueblo,CO
CO,walsh,Diocese of Pueblo,CO
CO,welby,Archdiocese of Denver,CO
CO,wellington,Archdiocese of Denver,CO
CO,west pleasant view,Archdiocese of Denver,CO
CO,westcliffe,Diocese of Pueblo,CO
CO,westminster,Archdiocese of Denver,CO
CO,wheat ridge,Archdiocese of Denver,CO
CO,wiggins,Archdiocese of Denver,CO
CO,wiley,Diocese of Pueblo,CO
CO,williamsburg,Diocese of Pueblo,CO
CO,windsor,Archdiocese of Denver,CO
CO,winter park,Archdiocese of Denver,CO
CO,woodland park,Diocese of Colorado Springs,CO
CO,woodmoor,Diocese of Colorado Springs,CO
CO,wray,Archdiocese of Denver,CO
CO,yampa,Archdiocese of Denver,CO
CO,yuma,Archdiocese of Denver,CO
DC,adams morgan,Archdiocese of Washington,DC
DC,anacostia,Archdiocese of Washington,DC
DC,barry farms,Archdiocese of Washington,DC
DC,bellevue,Archdiocese of Washington,DC
DC,benning,Archdiocese of Washington,DC
DC,bloomingdale,Archdiocese of Washington,DC
DC,brentwood village,Archdiocese of Washington,DC
DC,brightwood,Archdiocese of Washington,DC
DC,brookland,Archdiocese of Washington,DC
DC,chevy chase,Archdiocese of Washington,DC
DC,cleveland park,Archdiocese of Washington,DC
DC,columbia heights,Archdiocese of Washington,DC
DC,congress heights,Archdiocese of Washington,DC
DC,deanwood,Archdiocese of Washington,DC
DC,foggy bottom,Archdiocese of Washington,DC
DC,fort lincoln,Archdiocese of Washington,DC
DC,glover park,Archdiocese of Washington,DC
DC,hillcrest,Archdiocese of Washington,DC
DC,ivy city,Archdiocese of Washington,DC
DC,kenilworth,Archdiocese of Washington,DC
DC,lincoln heights,Archdiocese of Washington,DC
DC,mount pleasant,Archdiocese of Washington,DC
DC,park view,Archdiocese of Washington,DC
DC,pennsylvania avenue se,Archdiocese of Washington,DC
DC,petworth,Archdiocese of Washington,DC
DC,pleasant plains,Archdiocese of Washington,DC
DC,riggs park,Archdiocese of Washington,DC
DC,shaw,Archdiocese of Washington,DC
DC,tenleytown,Archdiocese of Washington,DC
DC,washington,Archdiocese of Washington,DC
DC,woodley park,Archdiocese of Washington,DC
DC,woodridge,Archdiocese of Washington,DC
DE,angola by the bay,Diocese of Wilmington,DE
DE,arden,Diocese of Wilmington,DE
DE,bear,Diocese of Wilmington,DE
DE,bellefonte,Diocese of Wilmington,DE
DE,bethany beach,Diocese of Wilmington,DE
DE,blades,Diocese of Wilmington,DE
DE,bridgeville,Diocese of Wilmington,DE
DE,brookside,Diocese of Wilmington,DE
DE,camden,Diocese of Wilmington,DE
DE,cheswold,Diocese of Wilmington,DE
DE,claymont,Diocese of Wilmington,DE
DE,clayton,Diocese of Wilmington,DE
DE,dagsboro,Diocese of Wilmington,DE
DE,delaware city,Diocese of Wilmington,DE
DE,delmar,Diocese of Wilmington,DE
DE,dewey beach,Diocese of Wilmington,DE
DE,dover,Diocese of Wilmington,DE
DE,dover base housing,Diocese of Wilmington,DE
DE,edgemoor,Diocese of Wilmington,DE
DE,ellendale,Diocese of Wilmington,DE
DE,elsmere,Diocese of Wilmington,DE
DE,felton,Diocese of Wilmington,DE
DE,fenwick island,Diocese of Wilmington,DE
DE,frankford,Diocese of Wilmington,DE
DE,frederica,Diocese of Wilmington,DE
DE,georgetown,Diocese of Wilmington,DE
DE,glasgow,Diocese of Wilmington,DE
DE,greenville,Diocese of Wilmington,DE
DE,greenwood,Diocese of Wilmington,DE
DE,harrington,Diocese of Wilmington,DE
DE,highland acres,Diocese of Wilmington,DE
DE,hockessin,Diocese of Wilmington,DE
DE,houston,Diocese of Wilmington,DE
DE,kent acres,Diocese of Wilmington,DE
DE,laurel,Diocese of Wilmington,DE
DE,lewes,Diocese of Wilmington,DE
DE,long neck,Diocese of Wilmington,DE
DE,middletown,Diocese of Wilmington,DE
DE,milford,Diocese of Wilmington,DE
DE,millsboro,Diocese of Wilmington,DE
DE,millville,Diocese of Wilmington,DE
DE,milton,Diocese of Wilmington,DE
DE,nassau,Diocese of Wilmington,DE
DE,new castle,Diocese of Wilmington,DE
DE,newark,Diocese of Wilmington,DE
DE,newport,Diocese of Wilmington,DE
DE,north star,Diocese of Wilmington,DE
DE,ocean view,Diocese of Wilmington,DE
DE,odessa,Diocese of Wilmington,DE
DE,pike creek,Diocese of Wilmington,DE
DE,pike creek valley,Diocese of Wilmington,DE
DE,rehoboth beach,Diocese of Wilmington,DE
DE,rising sunlebanon,Diocese of Wilmington,DE
DE,riverview,Diocese of Wilmington,DE
DE,rodney village,Diocese of Wilmington,DE
DE,seaford,Diocese of Wilmington,DE
DE,selbyville,Diocese of Wilmington,DE
DE,smyrna,Diocese of Wilmington,DE
DE,south bethany,Diocese of Wilmington,DE
DE,townsend,Diocese of Wilmington,DE
DE,wilmington,Diocese of Wilmington,DE
DE,wilmington manor,Diocese of Wilmington,DE
DE,woodside east,Diocese of Wilmington,DE
DE,wyoming,Diocese of Wilmington,DE
FL,aberdeen,Diocese of Palm Beach,FL
FL,alachua,Diocese of St. Augustine,FL
FL,alafaya,Diocese of Orlando,FL
FL,alford,Diocese of Pensacola–Tallahassee,FL
FL,allapattah,Archdiocese of Miami,FL
FL,allentown,Diocese of Pensacola–Tallahassee,FL
FL,altamonte springs,Diocese of Orlando,FL
FL,altha,Diocese of Pensacola–Tallahassee,FL
FL,alturas,Diocese of Orlando,FL
FL,alva,Diocese of Venice in Florida,FL
FL,andover,Archdiocese of Miami,FL
FL,andrews,Diocese of St. Augustine,FL
FL,anna maria,Diocese of Venice in Florida,FL
FL,apalachicola,Diocese of Pensacola–Tallahassee,FL
FL,apollo beach,Diocese of St. Petersburg,FL
FL,apopka,Diocese of Orlando,FL
FL,arcadia,Diocese of Venice in Florida,FL
FL,archer,Diocese of St. Augustine,FL
FL,aripeka,Diocese of St. Petersburg,FL
FL,asbury lake,Diocese of St. Augustine,FL
FL,astatula,Diocese of Orlando,FL
FL,astor,Diocese of Orlando,FL
FL,atlantic beach,Diocese of St. Augustine,FL
FL,atlantis,Diocese of Palm Beach,FL
FL,auburndale,Diocese of Orlando,FL
FL,ave maria,Diocese of Venice in Florida,FL
FL,aventura,Archdiocese of Miami,FL
FL,avon park,Diocese of Venice in Florida,FL
FL,azalea park,Diocese of Orlando,FL
FL,babson park,Diocese of Orlando,FL
FL,bagdad,Diocese of Pensacola–Tallahassee,FL
FL,bal harbour,Archdiocese of Miami,FL
FL,baldwin,Diocese of St. Augustine,FL
FL,balm,Diocese of St. Petersburg,FL
FL,bartow,Diocese of Orlando,FL
FL,bay harbor islands,Archdiocese of Miami,FL
FL,bay hill,Diocese of Orlando,FL
FL,bay pines,Diocese of St. Petersburg,FL
FL,bayonet point,Diocese of St. Petersburg,FL
FL,bayshore gardens,Diocese of Venice in Florida,FL
FL,beacon square,Diocese of St. Petersburg,FL
FL,bee ridge,Diocese of Venice in Florida,FL
FL,bell,Diocese of St. Augustine,FL
FL,bellairmeadowbrook terrace,Diocese of St. Augustine,FL
FL,belle glade,Diocese of Palm Beach,FL
FL,belle glade camp,Diocese of Palm Beach,FL
FL,belle isle,Diocese of Orlando,FL
FL,belleair,Diocese of St. Petersburg,FL
FL,belleair beach,Diocese of St. Petersburg,FL
FL,belleair bluffs,Diocese of St. Petersburg,FL
FL,belleview,Diocese of Orlando,FL
FL,bellview,Diocese of Pensacola–Tallahassee,FL
FL,berrydale,Diocese of Pensacola–Tallahassee,FL
FL,beverly beach,Diocese of St. Augustine,FL
FL,beverly hills,Diocese of St. Petersburg,FL
FL,big coppitt key,Archdiocese of Miami,FL
FL,big pine key,Archdiocese of Miami,FL
FL,biscayne park,Archdiocese of Miami,FL
FL,bithlo,Diocese of Orlando,FL
FL,black diamond,Diocese of St. Petersburg,FL
FL,bloomingdale,Diocese of St. Petersburg,FL
FL,blountstown,Diocese of Pensacola–Tallahassee,FL
FL,boca del mar,Diocese of Palm Beach,FL
FL,boca pointe,Diocese of Palm Beach,FL
FL,boca raton,Diocese of Palm Beach,FL
FL,bokeelia,Diocese of Venice in Florida,FL
FL,bonifay,Diocese of Pensacola–Tallahassee,FL
FL,bonita springs,Diocese of Venice in Florida,FL
FL,boulevard gardens,Archdiocese of Miami,FL
FL,bowling green,Diocese of Venice in Florida,FL
FL,boyette,Diocese of St. Petersburg,FL
FL,boynton beach,Diocese of Palm Beach,FL
FL,bradenton,Diocese of Venice in Florida,FL
FL,bradenton beach,Diocese of Venice in Florida,FL
FL,bradley junction,Diocese of Orlando,FL
FL,brandon,Diocese of St. Petersburg,FL
FL,branford,Diocese of St. Augustine,FL
FL,brent,Diocese of Pensacola–Tallahassee,FL
FL,briny breezes,Diocese of Palm Beach,FL
FL,bristol,Diocese of Pensacola–Tallahassee,FL
FL,broadview park,Archdiocese of Miami,FL
FL,bronson,Diocese of St. Augustine,FL
FL,brooker,Diocese of St. Augustine,FL
FL,brookridge,Diocese of St. Petersburg,FL
FL,brooksville,Diocese of St. Petersburg,FL
FL,broward estates,Archdiocese of Miami,FL
FL,brownsdale,Diocese of Pensacola–Tallahassee,FL
FL,brownsville,Archdiocese of Miami,FL
FL,buckhead ridge,Diocese of Venice in Florida,FL
FL,buckingham,Diocese of Venice in Florida,FL
FL,buenaventura lakes,Diocese of Orlando,FL
FL,bunche park,Archdiocese of Miami,FL
FL,bunnell,Diocese of St. Augustine,FL
FL,burnt store marina,Diocese of Venice in Florida,FL
FL,bushnell,Diocese of Orlando,FL
FL,butler beach,Diocese of St. Augustine,FL
FL,callahan,Diocese of St. Augustine,FL
FL,callaway,Diocese of Pensacola–Tallahassee,FL
FL,campbell,Diocese of Orlando,FL
FL,canal point,Diocese of Palm Beach,FL
FL,cape canaveral,Diocese of Orlando,FL
FL,cape coral,Diocese of Venice in Florida,FL
FL,captiva,Diocese of Venice in Florida,FL
FL,carol city,Archdiocese of Miami,FL
FL,carrabelle,Diocese of Pensacola–Tallahassee,FL
FL,carrollwood,Diocese of St. Petersburg,FL
FL,carrollwood village,Diocese of St. Petersburg,FL
FL,carver ranches,Archdiocese of Miami,FL
FL,casselberry,Diocese of Orlando,FL
FL,cedar grove,Diocese of Pensacola–Tallahassee,FL
FL,cedar key,Diocese of St. Augustine,FL
FL,celebration,Diocese of Orlando,FL
FL,center hill,Diocese of Orlando,FL
FL,century,Diocese of Pensacola–Tallahassee,FL
FL,charlotte harbor,Diocese of Venice in Florida,FL
FL,charlotte park,Diocese of Venice in Florida,FL
FL,chattahoochee,Diocese of Pensacola–Tallahassee,FL
FL,cheval,Diocese of St. Petersburg,FL
FL,chiefland,Diocese of St. Augustine,FL
FL,chipley,Diocese of Pensacola–Tallahassee,FL
FL,chokoloskee,Diocese of Venice in Florida,FL
FL,christmas,Diocese of Orlando,FL
FL,chuluota,Diocese of Orlando,FL
FL,chumuckla,Diocese of Pensacola–Tallahassee,FL
FL,cinco bayou,Diocese of Pensacola–Tallahassee,FL
FL,citra,Diocese of Orlando,FL
FL,citrus hills,Diocese of St. Petersburg,FL
FL,citrus park,Diocese of St. Petersburg,FL
FL,citrus ridge,Diocese of Orlando,FL
FL,citrus springs,Diocese of St. Petersburg,FL
FL,clarcona,Diocese of Orlando,FL
FL,clearwater,Diocese of St. Petersburg,FL
FL,clermont,Diocese of Orlando,FL
FL,cleveland,Diocese of Venice in Florida,FL
FL,clewiston,Diocese of Venice in Florida,FL
FL,cocoa,Diocese of Orlando,FL
FL,cocoa beach,Diocese of Orlando,FL
FL,cocoa west,Diocese of Orlando,FL
FL,coconut creek,Archdiocese of Miami,FL
FL,coconut grove,Archdiocese of Miami,FL
FL,coleman,Diocese of Orlando,FL
FL,combee settlement,Diocese of Orlando,FL
FL,connerton,Diocese of St. Petersburg,FL
FL,conway,Diocese of Orlando,FL
FL,cooper city,Archdiocese of Miami,FL
FL,coral gables,Archdiocese of Miami,FL
FL,coral springs,Archdiocese of Miami,FL
FL,coral terrace,Archdiocese of Miami,FL
FL,cortez,Diocese of Venice in Florida,FL
FL,cottondale,Diocese of Pensacola–Tallahassee,FL
FL,country club,Archdiocese of Miami,FL
FL,country walk,Archdiocese of Miami,FL
FL,crawfordville,Diocese of Pensacola–Tallahassee,FL
FL,crescent beach,Diocese of St. Augustine,FL
FL,crescent city,Diocese of St. Augustine,FL
FL,crestview,Diocese of Pensacola–Tallahassee,FL
FL,crooked lake park,Diocese of Orlando,FL
FL,cross city,Diocese of St. Augustine,FL
FL,crystal lake,Diocese of Orlando,FL
FL,crystal river,Diocese of St. Petersburg,FL
FL,crystal springs,Diocese of St. Petersburg,FL
FL,cudjoe key,Archdiocese of Miami,FL
FL,cutler,Archdiocese of Miami,FL
FL,cutler bay,Archdiocese of Miami,FL
FL,cutler ridge,Archdiocese of Miami,FL
FL,cypress gardens,Diocese of Orlando,FL
FL,cypress lake,Diocese of Venice in Florida,FL
FL,cypress quarters,Diocese of Palm Beach,FL
FL,dade city,Diocese of St. Petersburg,FL
FL,dade city north,Diocese of St. Petersburg,FL
FL,dania beach,Archdiocese of Miami,FL
FL,davenport,Diocese of Orlando,FL
FL,davie,Archdiocese of Miami,FL
FL,daytona beach,Diocese of Orlando,FL
FL,daytona beach shores,Diocese of Orlando,FL
FL,de land southwest,Diocese of Orlando,FL
FL,de leon springs,Diocese of Orlando,FL
FL,debary,Diocese of Orlando,FL
FL,deerfield beach,Archdiocese of Miami,FL
FL,defuniak springs,Diocese of Pensacola–Tallahassee,FL
FL,deland,Diocese of Orlando,FL
FL,delray beach,Diocese of Palm Beach,FL
FL,deltona,Diocese of Orlando,FL
FL,desoto lakes,Diocese of Venice in Florida,FL
FL,destin,Diocese of Pensacola–Tallahassee,FL
FL,doctor phillips,Diocese of Orlando,FL
FL,doral,Archdiocese of Miami,FL
FL,dover,Diocese of St. Petersburg,FL
FL,duck key,Archdiocese of Miami,FL
FL,dundee,Diocese of Orlando,FL
FL,dunedin,Diocese of St. Petersburg,FL
FL,dunes road,Diocese of Palm Beach,FL
FL,dunnellon,Diocese of Orlando,FL
FL,eagle lake,Diocese of Orlando,FL
FL,east bronson,Diocese of St. Augustine,FL
FL,east lake,Diocese of St. Petersburg,FL
FL,east lakeorient park,Diocese of St. Petersburg,FL
FL,east milton,Diocese of Pensacola–Tallahassee,FL
FL,east naples,Diocese of Venice in Florida,FL
FL,east palatka,Diocese of St. Augustine,FL
FL,east pensacola heights,Diocese of Pensacola–Tallahassee,FL
FL,east perrine,Archdiocese of Miami,FL
FL,east williston,Diocese of St. Augustine,FL
FL,eastpoint,Diocese of Pensacola–Tallahassee,FL
FL,eatonville,Diocese of Orlando,FL
FL,edgewater,Diocese of Orlando,FL
FL,edgewood,Diocese of Orlando,FL
FL,eglin air force base,Diocese of Pensacola–Tallahassee,FL
FL,eglin village,Diocese of Pensacola–Tallahassee,FL
FL,egypt lakeleto,Diocese of St. Petersburg,FL
FL,el portal,Archdiocese of Miami,FL
FL,elfers,Diocese of St. Petersburg,FL
FL,ellenton,Diocese of Venice in Florida,FL
FL,eloise,Diocese of Orlando,FL
FL,englewood,Diocese of Venice in Florida,FL
FL,ensley,Diocese of Pensacola–Tallahassee,FL
FL,estates of fort lauderdale historical,Archdiocese of Miami,FL
FL,estero,Diocese of Venice in Florida,FL
FL,esto,Diocese of Pensacola–Tallahassee,FL
FL,eustis,Diocese of Orlando,FL
FL,everglades city,Diocese of Venice in Florida,FL
FL,fairview shores,Diocese of Orlando,FL
FL,fanning springs,Diocese of St. Augustine,FL
FL,feather sound,Diocese of St. Petersburg,FL
FL,fellsmere,Diocese of Palm Beach,FL
FL,fern park,Diocese of Orlando,FL
FL,fernandina beach,Diocese of St. Augustine,FL
FL,ferndale,Diocese of Orlando,FL
FL,ferry pass,Diocese of Pensacola–Tallahassee,FL
FL,fish hawk,Diocese of St. Petersburg,FL
FL,five points,Diocese of St. Augustine,FL
FL,flagami,Archdiocese of Miami,FL
FL,flagler beach,Diocese of St. Augustine,FL
FL,flagler estates,Diocese of St. Augustine,FL
FL,fleming island,Diocese of St. Augustine,FL
FL,floral city,Diocese of St. Petersburg,FL
FL,florida city,Archdiocese of Miami,FL
FL,florida ridge,Diocese of Palm Beach,FL
FL,forest city,Diocese of Orlando,FL
FL,fort lauderdale,Archdiocese of Miami,FL
FL,fort meade,Diocese of Orlando,FL
FL,fort myers,Diocese of Venice in Florida,FL
FL,fort myers beach,Diocese of Venice in Florida,FL
FL,fort myers shores,Diocese of Venice in Florida,FL
FL,fort pierce,Diocese of Palm Beach,FL
FL,fort pierce north,Diocese of Palm Beach,FL
FL,fort pierce south,Diocese of Palm Beach,FL
FL,fort walton beach,Diocese of Pensacola–Tallahassee,FL
FL,fort white,Diocese of St. Augustine,FL
FL,fountainebleau,Archdiocese of Miami,FL
FL,four corners,Diocese of Orlando,FL
FL,franklin park,Archdiocese of Miami,FL
FL,freeport,Diocese of Pensacola–Tallahassee,FL
FL,frostproof,Diocese of Orlando,FL
FL,fruit cove,Diocese of St. Augustine,FL
FL,fruitland park,Diocese of Orlando,FL
FL,fruitville,Diocese of Venice in Florida,FL
FL,fuller heights,Diocese of Orlando,FL
FL,fussels corner,Diocese of Orlando,FL
FL,gainesville,Diocese of St. Augustine,FL
FL,gandy,Diocese of St. Petersburg,FL
FL,garden grove,Diocese of St. Petersburg,FL
FL,gardner,Diocese of Venice in Florida,FL
FL,gateway,Diocese of Venice in Florida,FL
FL,geneva,Diocese of Orlando,FL
FL,gibsonia,Diocese of Orlando,FL
FL,gibsonton,Diocese of St. Petersburg,FL
FL,gifford,Diocese of Palm Beach,FL
FL,gladeview,Archdiocese of Miami,FL
FL,glen st mary,Diocese of St. Augustine,FL
FL,glencoe,Diocese of Orlando,FL
FL,glenvar heights,Archdiocese of Miami,FL
FL,golden beach,Archdiocese of Miami,FL
FL,golden gate,Diocese of Venice in Florida,FL
FL,golden glades,Archdiocese of Miami,FL
FL,goldenrod,Diocese of Orlando,FL
FL,gonzalez,Diocese of Pensacola–Tallahassee,FL
FL,gotha,Diocese of Orlando,FL
FL,goulding,Diocese of Pensacola–Tallahassee,FL
FL,goulds,Archdiocese of Miami,FL
FL,graceville,Diocese of Pensacola–Tallahassee,FL
FL,grand ridge,Diocese of Pensacola–Tallahassee,FL
FL,grantvalkaria,Diocese of Orlando,FL
FL,greater northdale,Diocese of St. Petersburg,FL
FL,green cove springs,Diocese of St. Augustine,FL
FL,greenacres city,Diocese of Palm Beach,FL
FL,greenbriar,Diocese of St. Petersburg,FL
FL,greensboro,Diocese of Pensacola–Tallahassee,FL
FL,greenville,Diocese of Pensacola–Tallahassee,FL
FL,greenwood,Diocese of Pensacola–Tallahassee,FL
FL,gretna,Diocese of Pensacola–Tallahassee,FL
FL,grove city,Diocese of Venice in Florida,FL
FL,groveland,Diocese of Orlando,FL
FL,gulf breeze,Diocese of Pensacola–Tallahassee,FL
FL,gulf gate estates,Diocese of Venice in Florida,FL
FL,gulf stream,Diocese of Palm Beach,FL
FL,gulfport,Diocese of St. Petersburg,FL
FL,gun club estates,Diocese of Palm Beach,FL
FL,haines city,Diocese of Orlando,FL
FL,hallandale beach,Archdiocese of Miami,FL
FL,hampton,Diocese of St. Augustine,FL
FL,harbor bluffs,Diocese of St. Petersburg,FL
FL,harbour heights,Diocese of Venice in Florida,FL
FL,harlem,Diocese of Venice in Florida,FL
FL,harlem heights,Diocese of Venice in Florida,FL
FL,harold,Diocese of Pensacola–Tallahassee,FL
FL,hastings,Diocese of St. Augustine,FL
FL,havana,Diocese of Pensacola–Tallahassee,FL
FL,haverhill,Diocese of Palm Beach,FL
FL,heathrow,Diocese of Orlando,FL
FL,heritage pines,Diocese of St. Petersburg,FL
FL,hernando,Diocese of St. Petersburg,FL
FL,hernando beach,Diocese of St. Petersburg,FL
FL,hialeah,Archdiocese of Miami,FL
FL,hialeah gardens,Archdiocese of Miami,FL
FL,high point,Diocese of St. Petersburg,FL
FL,high springs,Diocese of St. Augustine,FL
FL,highland beach,Diocese of Palm Beach,FL
FL,highland city,Diocese of Orlando,FL
FL,hiland park,Diocese of Pensacola–Tallahassee,FL
FL,hill n dale,Diocese of St. Petersburg,FL
FL,hilliard,Diocese of St. Augustine,FL
FL,hillsboro beach,Archdiocese of Miami,FL
FL,hillsboro pines,Archdiocese of Miami,FL
FL,hobe sound,Diocese of Palm Beach,FL
FL,holden heights,Diocese of Orlando,FL
FL,holiday,Diocese of St. Petersburg,FL
FL,holley,Diocese of Pensacola–Tallahassee,FL
FL,holly hill,Diocese of Orlando,FL
FL,hollywood,Archdiocese of Miami,FL
FL,holmes beach,Diocese of Venice in Florida,FL
FL,homeland,Diocese of Orlando,FL
FL,homestead,Archdiocese of Miami,FL
FL,homosassa,Diocese of St. Petersburg,FL
FL,homosassa springs,Diocese of St. Petersburg,FL
FL,horizon west,Diocese of Orlando,FL
FL,hosford,Diocese of Pensacola–Tallahassee,FL
FL,howeyinthehills,Diocese of Orlando,FL
FL,hudson,Diocese of St. Petersburg,FL
FL,hunters creek,Diocese of Orlando,FL
FL,hutchinson island south,Diocese of Palm Beach,FL
FL,hypoluxo,Diocese of Palm Beach,FL
FL,immokalee,Diocese of Venice in Florida,FL
FL,indialantic,Diocese of Orlando,FL
FL,indian harbour beach,Diocese of Orlando,FL
FL,indian river estates,Diocese of Palm Beach,FL
FL,indian river shores,Diocese of Palm Beach,FL
FL,indian rocks beach,Diocese of St. Petersburg,FL
FL,indian shores,Diocese of St. Petersburg,FL
FL,indiantown,Diocese of Palm Beach,FL
FL,inglis,Diocese of St. Augustine,FL
FL,interlachen,Diocese of St. Augustine,FL
FL,inverness,Diocese of St. Petersburg,FL
FL,inverness highlands north,Diocese of St. Petersburg,FL
FL,inverness highlands south,Diocese of St. Petersburg,FL
FL,inwood,Diocese of Orlando,FL
FL,iona,Diocese of Venice in Florida,FL
FL,islamorada,Archdiocese of Miami,FL
FL,island walk,Diocese of Venice in Florida,FL
FL,isle of normandy,Archdiocese of Miami,FL
FL,ives estates,Archdiocese of Miami,FL
FL,jacksonville,Diocese of St. Augustine,FL
FL,jacksonville beach,Diocese of St. Augustine,FL
FL,janphyl village,Diocese of Orlando,FL
FL,jasmine estates,Diocese of St. Petersburg,FL
FL,jasper,Diocese of St. Augustine,FL
FL,jay,Diocese of Pensacola–Tallahassee,FL
FL,jennings,Diocese of St. Augustine,FL
FL,jensen beach,Diocese of Palm Beach,FL
FL,june park,Diocese of Orlando,FL
FL,juno beach,Diocese of Palm Beach,FL
FL,juno ridge,Diocese of Palm Beach,FL
FL,jupiter,Diocese of Palm Beach,FL
FL,jupiter inlet beach colony,Diocese of Palm Beach,FL
FL,jupiter island,Diocese of Palm Beach,FL
FL,kathleen,Diocese of Orlando,FL
FL,kendale lakes,Archdiocese of Miami,FL
FL,kendall,Archdiocese of Miami,FL
FL,kendall green,Archdiocese of Miami,FL
FL,kendall west,Archdiocese of Miami,FL
FL,kenneth city,Diocese of St. Petersburg,FL
FL,kensington park,Diocese of Venice in Florida,FL
FL,key biscayne,Archdiocese of Miami,FL
FL,key colony beach,Archdiocese of Miami,FL
FL,key largo,Archdiocese of Miami,FL
FL,key vista,Diocese of St. Petersburg,FL
FL,key west,Archdiocese of Miami,FL
FL,keystone,Diocese of St. Petersburg,FL
FL,keystone heights,Diocese of St. Augustine,FL
FL,kings point,Diocese of Palm Beach,FL
FL,kissimmee,Diocese of Orlando,FL
FL,la crosse,Diocese of St. Augustine,FL
FL,labelle,Diocese of Venice in Florida,FL
FL,lacoochee,Diocese of St. Petersburg,FL
FL,lady lake,Diocese of Orlando,FL
FL,laguna beach,Diocese of Pensacola–Tallahassee,FL
FL,lake alfred,Diocese of Orlando,FL
FL,lake belvedere estates,Diocese of Palm Beach,FL
FL,lake city,Diocese of St. Augustine,FL
FL,lake clarke shores,Diocese of Palm Beach,FL
FL,lake forest,Archdiocese of Miami,FL
FL,lake hamilton,Diocese of Orlando,FL
FL,lake hart,Diocese of Orlando,FL
FL,lake helen,Diocese of Orlando,FL
FL,lake kathryn,Diocese of Orlando,FL
FL,lake lorraine,Diocese of Pensacola–Tallahassee,FL
FL,lake lucerne,Archdiocese of Miami,FL
FL,lake mackforest hills,Diocese of Orlando,FL
FL,lake magdalene,Diocese of St. Petersburg,FL
FL,lake mary,Diocese of Orlando,FL
FL,lake panasoffkee,Diocese of Orlando,FL
FL,lake park,Diocese of Palm Beach,FL
FL,lake placid,Diocese of Venice in Florida,FL
FL,lake sarasota,Diocese of Venice in Florida,FL
FL,lake wales,Diocese of Orlando,FL
FL,lake worth beach,Diocese of Palm Beach,FL
FL,lake worth corridor,Diocese of Palm Beach,FL
FL,lakeland,Diocese of Orlando,FL
FL,lakeland highlands,Diocese of Orlando,FL
FL,lakes by the bay,Archdiocese of Miami,FL
FL,lakeside,Diocese of St. Augustine,FL
FL,lakewood park,Diocese of Palm Beach,FL
FL,land o lakes,Diocese of St. Petersburg,FL
FL,lantana,Diocese of Palm Beach,FL
FL,largo,Diocese of St. Petersburg,FL
FL,lauderdale lakes,Archdiocese of Miami,FL
FL,lauderdalebythesea,Archdiocese of Miami,FL
FL,lauderhill,Archdiocese of Miami,FL
FL,laurel,Diocese of Venice in Florida,FL
FL,laurel hill,Diocese of Pensacola–Tallahassee,FL
FL,lawtey,Diocese of St. Augustine,FL
FL,lealman,Diocese of St. Petersburg,FL
FL,lecanto,Diocese of St. Petersburg,FL
FL,lee,Diocese of Pensacola–Tallahassee,FL
FL,leesburg,Diocese of Orlando,FL
FL,lehigh acres,Diocese of Venice in Florida,FL
FL,leisure city,Archdiocese of Miami,FL
FL,lely,Diocese of Venice in Florida,FL
FL,lely resort,Diocese of Venice in Florida,FL
FL,lemon grove,Diocese of Venice in Florida,FL
FL,lighthouse point,Archdiocese of Miami,FL
FL,limestone creek,Diocese of Palm Beach,FL
FL,little havana,Archdiocese of Miami,FL
FL,live oak,Diocese of St. Augustine,FL
FL,lochmoor waterway estates,Diocese of Venice in Florida,FL
FL,lockhart,Diocese of Orlando,FL
FL,longboat key,Diocese of Venice in Florida,FL
FL,longwood,Diocese of Orlando,FL
FL,loughman,Diocese of Orlando,FL
FL,lower grand lagoon,Diocese of Pensacola–Tallahassee,FL
FL,loxahatchee groves,Diocese of Palm Beach,FL
FL,lutz,Diocese of St. Petersburg,FL
FL,lynn haven,Diocese of Pensacola–Tallahassee,FL
FL,macclenny,Diocese of St. Augustine,FL
FL,madeira beach,Diocese of St. Petersburg,FL
FL,madison,Diocese of Pensacola–Tallahassee,FL
FL,maitland,Diocese of Orlando,FL
FL,malabar,Diocese of Orlando,FL
FL,malone,Diocese of Pensacola–Tallahassee,FL
FL,manalapan,Diocese of Palm Beach,FL
FL,manasota key,Diocese of Venice in Florida,FL
FL,manatee road,Diocese of St. Augustine,FL
FL,mango,Diocese of St. Petersburg,FL
FL,mangonia park,Diocese of Palm Beach,FL
FL,marathon,Archdiocese of Miami,FL
FL,marco,Diocese of Venice in Florida,FL
FL,marco island,Diocese of Venice in Florida,FL
FL,margate,Archdiocese of Miami,FL
FL,marianna,Diocese of Pensacola–Tallahassee,FL
FL,marion oaks,Diocese of Orlando,FL
FL,mary esther,Diocese of Pensacola–Tallahassee,FL
FL,masaryktown,Diocese of St. Petersburg,FL
FL,mascotte,Diocese of Orlando,FL
FL,matlacha,Diocese of Venice in Florida,FL
FL,mayo,Diocese of St. Augustine,FL
FL,mcgregor,Diocese of Venice in Florida,FL
FL,mcintosh,Diocese of Orlando,FL
FL,meadow oaks,Diocese of St. Petersburg,FL
FL,meadow woods,Diocese of Orlando,FL
FL,medley,Archdiocese of Miami,FL
FL,medulla,Diocese of Orlando,FL
FL,melbourne,Diocese of Orlando,FL
FL,melbourne beach,Diocese of Orlando,FL
FL,melbourne village,Diocese of Orlando,FL
FL,melrose park,Archdiocese of Miami,FL
FL,memphis,Diocese of Venice in Florida,FL
FL,merritt island,Diocese of Orlando,FL
FL,mexico beach,Diocese of Pensacola–Tallahassee,FL
FL,miami,Archdiocese of Miami,FL
FL,miami beach,Archdiocese of Miami,FL
FL,miami gardens,Archdiocese of Miami,FL
FL,miami lakes,Archdiocese of Miami,FL
FL,miami shores,Archdiocese of Miami,FL
FL,miami springs,Archdiocese of Miami,FL
FL,micanopy,Diocese of St. Augustine,FL
FL,micco,Diocese of Orlando,FL
FL,middleburg,Diocese of St. Augustine,FL
FL,milton,Diocese of Pensacola–Tallahassee,FL
FL,mims,Diocese of Orlando,FL
FL,minneola,Diocese of Orlando,FL
FL,miramar,Archdiocese of Miami,FL
FL,miramar beach,Diocese of Pensacola–Tallahassee,FL
FL,molino,Diocese of Pensacola–Tallahassee,FL
FL,monticello,Diocese of Pensacola–Tallahassee,FL
FL,montura,Diocese of Venice in Florida,FL
FL,montverde,Diocese of Orlando,FL
FL,moore haven,Diocese of Venice in Florida,FL
FL,mount dora,Diocese of Orlando,FL
FL,mount plymouth,Diocese of Orlando,FL
FL,mulberry,Diocese of Orlando,FL
FL,munson,Diocese of Pensacola–Tallahassee,FL
FL,myrtle grove,Diocese of Pensacola–Tallahassee,FL
FL,naples,Diocese of Venice in Florida,FL
FL,naples manor,Diocese of Venice in Florida,FL
FL,naples park,Diocese of Venice in Florida,FL
FL,naranja,Archdiocese of Miami,FL
FL,nassau villageratliff,Diocese of St. Augustine,FL
FL,navarre,Diocese of Pensacola–Tallahassee,FL
FL,neptune beach,Diocese of St. Augustine,FL
FL,new port richey,Diocese of St. Petersburg,FL
FL,new port richey east,Diocese of St. Petersburg,FL
FL,new smyrna beach,Diocese of Orlando,FL
FL,newberry,Diocese of St. Augustine,FL
FL,niceville,Diocese of Pensacola–Tallahassee,FL
FL,nokomis,Diocese of Venice in Florida,FL
FL,norland,Archdiocese of Miami,FL
FL,north andrews gardens,Archdiocese of Miami,FL
FL,north bay village,Archdiocese of Miami,FL
FL,north brooksville,Diocese of St. Petersburg,FL
FL,north deland,Diocese of Orlando,FL
FL,north fort myers,Diocese of Venice in Florida,FL
FL,north key largo,Archdiocese of Miami,FL
FL,north lauderdale,Archdiocese of Miami,FL
FL,north miami,Archdiocese of Miami,FL
FL,north miami beach,Archdiocese of Miami,FL
FL,north palm beach,Diocese of Palm Beach,FL
FL,north port,Diocese of Venice in Florida,FL
FL,north redington beach,Diocese of St. Petersburg,FL
FL,north river shores,Diocese of Palm Beach,FL
FL,north sarasota,Diocese of Venice in Florida,FL
FL,north weeki wachee,Diocese of St. Petersburg,FL
FL,northdale,Diocese of St. Petersburg,FL
FL,oak hill,Diocese of Orlando,FL
FL,oak ridge,Diocese of Orlando,FL
FL,oakland,Diocese of Orlando,FL
FL,oakland park,Archdiocese of Miami,FL
FL,oakleaf plantation,Diocese of St. Augustine,FL
FL,ocala,Diocese of Orlando,FL
FL,ocean breeze park,Diocese of Palm Beach,FL
FL,ocean city,Diocese of Pensacola–Tallahassee,FL
FL,ocean ridge,Diocese of Palm Beach,FL
FL,ocoee,Diocese of Orlando,FL
FL,odessa,Diocese of St. Petersburg,FL
FL,ojus,Archdiocese of Miami,FL
FL,okeechobee,Diocese of Palm Beach,FL
FL,oldsmar,Diocese of St. Petersburg,FL
FL,olga,Diocese of Venice in Florida,FL
FL,olympia heights,Archdiocese of Miami,FL
FL,on top of the world,Diocese of Orlando,FL
FL,ona,Diocese of Venice in Florida,FL
FL,opalocka,Archdiocese of Miami,FL
FL,orange city,Diocese of Orlando,FL
FL,orange park,Diocese of St. Augustine,FL
FL,orangetree,Diocese of Venice in Florida,FL
FL,orchid,Diocese of Palm Beach,FL
FL,oriole beach,Diocese of Pensacola–Tallahassee,FL
FL,orlando,Diocese of Orlando,FL
FL,orlovista,Diocese of Orlando,FL
FL,ormond beach,Diocese of Orlando,FL
FL,ormondbythesea,Diocese of Orlando,FL
FL,osprey,Diocese of Venice in Florida,FL
FL,oviedo,Diocese of Orlando,FL
FL,pace,Diocese of Pensacola–Tallahassee,FL
FL,page park,Diocese of Venice in Florida,FL
FL,pahokee,Diocese of Palm Beach,FL
FL,paisley,Diocese of Orlando,FL
FL,palatka,Diocese of St. Augustine,FL
FL,palm aire,Archdiocese of Miami,FL
FL,palm bay,Diocese of Orlando,FL
FL,palm beach,Diocese of Palm Beach,FL
FL,palm beach gardens,Diocese of Palm Beach,FL
FL,palm beach shores,Diocese of Palm Beach,FL
FL,palm city,Diocese of Palm Beach,FL
FL,palm coast,Diocese of St. Augustine,FL
FL,palm harbor,Diocese of St. Petersburg,FL
FL,palm riverclair mel,Diocese of St. Petersburg,FL
FL,palm shores,Diocese of Orlando,FL
FL,palm springs,Diocese of Palm Beach,FL
FL,palm springs north,Archdiocese of Miami,FL
FL,palm valley,Diocese of St. Augustine,FL
FL,palmetto,Diocese of Venice in Florida,FL
FL,palmetto bay,Archdiocese of Miami,FL
FL,palmetto estates,Archdiocese of Miami,FL
FL,palmona park,Diocese of Venice in Florida,FL
FL,panacea,Diocese of Pensacola–Tallahassee,FL
FL,panama city,Diocese of Pensacola–Tallahassee,FL
FL,panama city beach,Diocese of Pensacola–Tallahassee,FL
FL,paradise heights,Diocese of Orlando,FL
FL,parker,Diocese of Pensacola–Tallahassee,FL
FL,parkland,Archdiocese of Miami,FL
FL,pasadena hills,Diocese of St. Petersburg,FL
FL,paxton,Diocese of Pensacola–Tallahassee,FL
FL,pebble creek,Diocese of St. Petersburg,FL
FL,pelican bay,Diocese of Venice in Florida,FL
FL,pembroke park,Archdiocese of Miami,FL
FL,pembroke pines,Archdiocese of Miami,FL
FL,penney farms,Diocese of St. Augustine,FL
FL,pensacola,Diocese of Pensacola–Tallahassee,FL
FL,perry,Diocese of Pensacola–Tallahassee,FL
FL,pierson,Diocese of Orlando,FL
FL,pine castle,Diocese of Orlando,FL
FL,pine hills,Diocese of Orlando,FL
FL,pine island center,Diocese of Venice in Florida,FL
FL,pine island ridge,Archdiocese of Miami,FL
FL,pine lakes,Diocese of Orlando,FL
FL,pine manor,Diocese of Venice in Florida,FL
FL,pinecrest,Archdiocese of Miami,FL
FL,pineland,Diocese of Venice in Florida,FL
FL,pinellas park,Diocese of St. Petersburg,FL
FL,pinewood,Archdiocese of Miami,FL
FL,placid lakes,Diocese of Venice in Florida,FL
FL,plant city,Diocese of St. Petersburg,FL
FL,poinciana,Diocese of Orlando,FL
FL,point baker,Diocese of Pensacola–Tallahassee,FL
FL,polk city,Diocese of Orlando,FL
FL,pomona park,Diocese of St. Augustine,FL
FL,pompano beach,Archdiocese of Miami,FL
FL,pompano beach highlands,Archdiocese of Miami,FL
FL,ponce de leon,Diocese of Pensacola–Tallahassee,FL
FL,ponce inlet,Diocese of Orlando,FL
FL,ponte vedra beach,Diocese of St. Augustine,FL
FL,port charlotte,Diocese of Venice in Florida,FL
FL,port labelle,Diocese of Venice in Florida,FL
FL,port orange,Diocese of Orlando,FL
FL,port richey,Diocese of St. Petersburg,FL
FL,port salerno,Diocese of Palm Beach,FL
FL,port st joe,Diocese of Pensacola–Tallahassee,FL
FL,port st john,Diocese of Orlando,FL
FL,port st lucie,Diocese of Palm Beach,FL
FL,pretty bayou,Diocese of Pensacola–Tallahassee,FL
FL,princeton,Archdiocese of Miami,FL
FL,progress village,Diocese of St. Petersburg,FL
FL,punta gorda,Diocese of Venice in Florida,FL
FL,punta gorda isles,Diocese of Venice in Florida,FL
FL,punta rassa,Diocese of Venice in Florida,FL
FL,quail ridge,Diocese of St. Petersburg,FL
FL,quincy,Diocese of Pensacola–Tallahassee,FL
FL,raleigh,Diocese of St. Augustine,FL
FL,reddick,Diocese of Orlando,FL
FL,redington beach,Diocese of St. Petersburg,FL
FL,redington shores,Diocese of St. Petersburg,FL
FL,richmond heights,Archdiocese of Miami,FL
FL,richmond west,Archdiocese of Miami,FL
FL,ridge manor,Diocese of St. Petersburg,FL
FL,ridge wood heights,Diocese of Venice in Florida,FL
FL,ridgecrest,Diocese of St. Petersburg,FL
FL,rio,Diocese of Palm Beach,FL
FL,river park,Diocese of Palm Beach,FL
FL,riverview,Diocese of St. Petersburg,FL
FL,riviera beach,Diocese of Palm Beach,FL
FL,rock island,Archdiocese of Miami,FL
FL,rockledge,Diocese of Orlando,FL
FL,roeville,Diocese of Pensacola–Tallahassee,FL
FL,roosevelt gardens,Archdiocese of Miami,FL
FL,roseland,Diocese of Palm Beach,FL
FL,rotonda west,Diocese of Venice in Florida,FL
FL,royal palm beach,Diocese of Palm Beach,FL
FL,royal palm estates,Diocese of Palm Beach,FL
FL,ruskin,Diocese of St. Petersburg,FL
FL,safety harbor,Diocese of St. Petersburg,FL
FL,samoset,Diocese of Venice in Florida,FL
FL,samsulaspruce creek,Diocese of Orlando,FL
FL,san antonio,Diocese of St. Petersburg,FL
FL,san carlos park,Diocese of Venice in Florida,FL
FL,sandalfoot cove,Diocese of Palm Beach,FL
FL,sanford,Diocese of Orlando,FL
FL,sanibel,Diocese of Venice in Florida,FL
FL,santa rosa beach,Diocese of Pensacola–Tallahassee,FL
FL,sarasota,Diocese of Venice in Florida,FL
FL,sarasota springs,Diocese of Venice in Florida,FL
FL,satellite beach,Diocese of Orlando,FL
FL,sawgrass,Diocese of St. Augustine,FL
FL,schall circle,Diocese of Palm Beach,FL
FL,scott lake,Archdiocese of Miami,FL
FL,sea ranch lakes,Archdiocese of Miami,FL
FL,seaside,Diocese of Pensacola–Tallahassee,FL
FL,sebastian,Diocese of Palm Beach,FL
FL,sebring,Diocese of Venice in Florida,FL
FL,seffner,Diocese of St. Petersburg,FL
FL,seminole,Diocese of St. Petersburg,FL
FL,seminole manor,Diocese of Palm Beach,FL
FL,seville,Diocese of Orlando,FL
FL,sewalls point,Diocese of Palm Beach,FL
FL,shady hills,Diocese of St. Petersburg,FL
FL,shalimar,Diocese of Pensacola–Tallahassee,FL
FL,sharpes,Diocese of Orlando,FL
FL,siesta key,Diocese of Venice in Florida,FL
FL,silver lake,Diocese of Orlando,FL
FL,silver springs,Diocese of Orlando,FL
FL,silver springs shores,Diocese of Orlando,FL
FL,sky lake,Diocese of Orlando,FL
FL,sneads,Diocese of Pensacola–Tallahassee,FL
FL,solana,Diocese of Venice in Florida,FL
FL,sopchoppy,Diocese of Pensacola–Tallahassee,FL
FL,sorrento,Diocese of Orlando,FL
FL,south apopka,Diocese of Orlando,FL
FL,south bay,Diocese of Palm Beach,FL
FL,south beach,Diocese of Palm Beach,FL
FL,south bradenton,Diocese of Venice in Florida,FL
FL,south brooksville,Diocese of St. Petersburg,FL
FL,south daytona,Diocese of Orlando,FL
FL,south gate ridge,Diocese of Venice in Florida,FL
FL,south highpoint,Diocese of St. Petersburg,FL
FL,south miami,Archdiocese of Miami,FL
FL,south miami heights,Archdiocese of Miami,FL
FL,south palm beach,Diocese of Palm Beach,FL
FL,south pasadena,Diocese of St. Petersburg,FL
FL,south patrick shores,Diocese of Orlando,FL
FL,south sarasota,Diocese of Venice in Florida,FL
FL,south venice,Diocese of Venice in Florida,FL
FL,southchase,Diocese of Orlando,FL
FL,southeast arcadia,Diocese of Venice in Florida,FL
FL,southgate,Diocese of Venice in Florida,FL
FL,southwest ranches,Archdiocese of Miami,FL
FL,spring hill,Diocese of St. Petersburg,FL
FL,spring lake,Diocese of St. Petersburg,FL
FL,springfield,Diocese of Pensacola–Tallahassee,FL
FL,st augustine,Diocese of St. Augustine,FL
FL,st augustine beach,Diocese of St. Augustine,FL
FL,st augustine shores,Diocese of St. Augustine,FL
FL,st augustine south,Diocese of St. Augustine,FL
FL,st cloud,Diocese of Orlando,FL
FL,st george,Diocese of St. Petersburg,FL
FL,st james city,Diocese of Venice in Florida,FL
FL,st leo,Diocese of St. Petersburg,FL
FL,st lucie,Diocese of Palm Beach,FL
FL,st pete beach,Diocese of St. Petersburg,FL
FL,st petersburg,Diocese of St. Petersburg,FL
FL,stacey street,Diocese of Palm Beach,FL
FL,starke,Diocese of St. Augustine,FL
FL,steinhatchee,Diocese of Pensacola–Tallahassee,FL
FL,stock island,Archdiocese of Miami,FL
FL,stuart,Diocese of Palm Beach,FL
FL,sugarmill woods,Diocese of St. Petersburg,FL
FL,sun city center,Diocese of St. Petersburg,FL
FL,suncoast estates,Diocese of Venice in Florida,FL
FL,sunny isles beach,Archdiocese of Miami,FL
FL,sunrise,Archdiocese of Miami,FL
FL,sunset,Archdiocese of Miami,FL
FL,sunshine ranches,Archdiocese of Miami,FL
FL,surfside,Archdiocese of Miami,FL
FL,sweetwater,Archdiocese of Miami,FL
FL,taft,Diocese of Orlando,FL
FL,tallahassee,Diocese of Pensacola–Tallahassee,FL
FL,tamarac,Archdiocese of Miami,FL
FL,tamiami,Archdiocese of Miami,FL
FL,tampa,Diocese of St. Petersburg,FL
FL,tangelo park,Diocese of Orlando,FL
FL,tangerine,Diocese of Orlando,FL
FL,tarpon springs,Diocese of St. Petersburg,FL
FL,tavares,Diocese of Orlando,FL
FL,tavernier,Archdiocese of Miami,FL
FL,taylor creek,Diocese of Palm Beach,FL
FL,tedder,Archdiocese of Miami,FL
FL,temple terrace,Diocese of St. Petersburg,FL
FL,tequesta,Diocese of Palm Beach,FL
FL,terra mar,Archdiocese of Miami,FL
FL,the acreage,Diocese of Palm Beach,FL
FL,the crossings,Archdiocese of Miami,FL
FL,the hammocks,Archdiocese of Miami,FL
FL,the meadows,Diocese of Venice in Florida,FL
FL,the villages,Diocese of Orlando,FL
FL,thonotosassa,Diocese of St. Petersburg,FL
FL,three lakes,Archdiocese of Miami,FL
FL,three oaks,Diocese of Venice in Florida,FL
FL,tice,Diocese of Venice in Florida,FL
FL,tierra verde,Diocese of St. Petersburg,FL
FL,tiger point,Diocese of Pensacola–Tallahassee,FL
FL,tildenville,Diocese of Orlando,FL
FL,timber pines,Diocese of St. Petersburg,FL
FL,titusville,Diocese of Orlando,FL
FL,town n country,Diocese of St. Petersburg,FL
FL,treasure island,Diocese of St. Petersburg,FL
FL,trenton,Diocese of St. Augustine,FL
FL,trilby,Diocese of St. Petersburg,FL
FL,trinity,Diocese of St. Petersburg,FL
FL,twin lakes,Archdiocese of Miami,FL
FL,tyndall air force base,Diocese of Pensacola–Tallahassee,FL
FL,umatilla,Diocese of Orlando,FL
FL,union park,Diocese of Orlando,FL
FL,university,Diocese of St. Petersburg,FL
FL,university park,Archdiocese of Miami,FL
FL,upper grand lagoon,Diocese of Pensacola–Tallahassee,FL
FL,utopia,Diocese of Venice in Florida,FL
FL,valparaiso,Diocese of Pensacola–Tallahassee,FL
FL,valrico,Diocese of St. Petersburg,FL
FL,vamo,Diocese of Venice in Florida,FL
FL,venice,Diocese of Venice in Florida,FL
FL,venice gardens,Diocese of Venice in Florida,FL
FL,vernon,Diocese of Pensacola–Tallahassee,FL
FL,vero beach,Diocese of Palm Beach,FL
FL,vero beach south,Diocese of Palm Beach,FL
FL,verona walk,Diocese of Venice in Florida,FL
FL,viera east,Diocese of Orlando,FL
FL,viera west,Diocese of Orlando,FL
FL,villages of oriole,Diocese of Palm Beach,FL
FL,villano beach,Diocese of St. Augustine,FL
FL,villas,Diocese of Venice in Florida,FL
FL,vineyards,Diocese of Venice in Florida,FL
FL,virginia gardens,Archdiocese of Miami,FL
FL,wabasso,Diocese of Palm Beach,FL
FL,wabasso beach,Diocese of Palm Beach,FL
FL,wacissa,Diocese of Pensacola–Tallahassee,FL
FL,wahneta,Diocese of Orlando,FL
FL,waldo,Diocese of St. Augustine,FL
FL,wallace,Diocese of Pensacola–Tallahassee,FL
FL,warm mineral springs,Diocese of Venice in Florida,FL
FL,warrington,Diocese of Pensacola–Tallahassee,FL
FL,washington park,Archdiocese of Miami,FL
FL,watertown,Diocese of St. Augustine,FL
FL,wauchula,Diocese of Venice in Florida,FL
FL,wausau,Diocese of Pensacola–Tallahassee,FL
FL,waverly,Diocese of Orlando,FL
FL,webster,Diocese of Orlando,FL
FL,wedgefield,Diocese of Orlando,FL
FL,weeki wachee gardens,Diocese of St. Petersburg,FL
FL,wekiwa springs,Diocese of Orlando,FL
FL,welaka,Diocese of St. Augustine,FL
FL,wellborn,Diocese of St. Augustine,FL
FL,wellington,Diocese of Palm Beach,FL
FL,wesley chapel,Diocese of St. Petersburg,FL
FL,west and east lealman,Diocese of St. Petersburg,FL
FL,west bradenton,Diocese of Venice in Florida,FL
FL,west deland,Diocese of Orlando,FL
FL,west gate,Diocese of Palm Beach,FL
FL,west little river,Archdiocese of Miami,FL
FL,west melbourne,Diocese of Orlando,FL
FL,west miami,Archdiocese of Miami,FL
FL,west palm beach,Diocese of Palm Beach,FL
FL,west park,Archdiocese of Miami,FL
FL,west pensacola,Diocese of Pensacola–Tallahassee,FL
FL,west perrine,Archdiocese of Miami,FL
FL,west samoset,Diocese of Venice in Florida,FL
FL,west vero corridor,Diocese of Palm Beach,FL
FL,westchase,Diocese of St. Petersburg,FL
FL,westchester,Archdiocese of Miami,FL
FL,weston,Archdiocese of Miami,FL
FL,westview,Archdiocese of Miami,FL
FL,westwood lake,Archdiocese of Miami,FL
FL,wewahitchka,Diocese of Pensacola–Tallahassee,FL
FL,whiskey creek,Diocese of Venice in Florida,FL
FL,white city,Diocese of Palm Beach,FL
FL,white springs,Diocese of St. Augustine,FL
FL,whitfield,Diocese of Venice in Florida,FL
FL,wildwood,Diocese of Orlando,FL
FL,williamsburg,Diocese of Orlando,FL
FL,williston,Diocese of St. Augustine,FL
FL,williston highlands,Diocese of St. Augustine,FL
FL,willow oak,Diocese of Orlando,FL
FL,wilton manors,Archdiocese of Miami,FL
FL,wimauma,Diocese of St. Petersburg,FL
FL,windermere,Diocese of Orlando,FL
FL,winston,Diocese of Orlando,FL
FL,winter beach,Diocese of Palm Beach,FL
FL,winter garden,Diocese of Orlando,FL
FL,winter haven,Diocese of Orlando,FL
FL,winter park,Diocese of Orlando,FL
FL,winter springs,Diocese of Orlando,FL
FL,wiscon,Diocese of St. Petersburg,FL
FL,woodlawn beach,Diocese of Pensacola–Tallahassee,FL
FL,woodville,Diocese of Pensacola–Tallahassee,FL
FL,worthington springs,Diocese of St. Augustine,FL
FL,wright,Diocese of Pensacola–Tallahassee,FL
FL,yalaha,Diocese of Orlando,FL
FL,yankeetown,Diocese of St. Augustine,FL
FL,youngstown,Diocese of Pensacola–Tallahassee,FL
FL,yulee,Diocese of St. Augustine,FL
FL,zellwood,Diocese of Orlando,FL
FL,zephyrhills,Diocese of St. Petersburg,FL
FL,zephyrhills north,Diocese of St. Petersburg,FL
FL,zephyrhills south,Diocese of St. Petersburg,FL
FL,zephyrhills west,Diocese of St. Petersburg,FL
FL,zolfo springs,Diocese of Venice in Florida,FL
GA,abbeville,Diocese of Savannah,GA
GA,acworth,Archdiocese of Atlanta,GA
GA,adairsville,Archdiocese of Atlanta,GA
GA,adel,Diocese of Savannah,GA
GA,adrian,Diocese of Savannah,GA
GA,ailey,Diocese of Savannah,GA
GA,alamo,Diocese of Savannah,GA
GA,alapaha,Diocese of Savannah,GA
GA,albany,Diocese of Savannah,GA
GA,allenhurst,Diocese of Savannah,GA
GA,alma,Diocese of Savannah,GA
GA,alpharetta,Archdiocese of Atlanta,GA
GA,alto,Archdiocese of Atlanta,GA
GA,ambrose,Diocese of Savannah,GA
GA,americus,Diocese of Savannah,GA
GA,arabi,Diocese of Savannah,GA
GA,aragon,Archdiocese of Atlanta,GA
GA,arcade,Archdiocese of Atlanta,GA
GA,arlington,Diocese of Savannah,GA
GA,arnoldsville,Archdiocese of Atlanta,GA
GA,ashburn,Diocese of Savannah,GA
GA,athens,Archdiocese of Atlanta,GA
GA,atlanta,Archdiocese of Atlanta,GA
GA,attapulgus,Diocese of Savannah,GA
GA,auburn,Archdiocese of Atlanta,GA
GA,augusta,Diocese of Savannah,GA
GA,austell,Archdiocese of Atlanta,GA
GA,avondale estates,Archdiocese of Atlanta,GA
GA,baconton,Diocese of Savannah,GA
GA,bainbridge,Diocese of Savannah,GA
GA,baldwin,Archdiocese of Atlanta,GA
GA,ball ground,Archdiocese of Atlanta,GA
GA,barnesville,Archdiocese of Atlanta,GA
GA,barwick,Diocese of Savannah,GA
GA,baxley,Diocese of Savannah,GA
GA,belvedere park,Archdiocese of Atlanta,GA
GA,berkeley lake,Archdiocese of Atlanta,GA
GA,berlin,Diocese of Savannah,GA
GA,bethlehem,Archdiocese of Atlanta,GA
GA,between,Archdiocese of Atlanta,GA
GA,bibb city,Diocese of Savannah,GA
GA,blackshear,Diocese of Savannah,GA
GA,blairsville,Archdiocese of Atlanta,GA
GA,blakely,Diocese of Savannah,GA
GA,bloomingdale,Diocese of Savannah,GA
GA,blue ridge,Archdiocese of Atlanta,GA
GA,blue ridge manor,Archdiocese of Atlanta,GA
GA,blythe,Diocese of Savannah,GA
GA,bogart,Archdiocese of Atlanta,GA
GA,bonanza,Archdiocese of Atlanta,GA
GA,boston,Diocese of Savannah,GA
GA,bostwick,Archdiocese of Atlanta,GA
GA,bowdon,Archdiocese of Atlanta,GA
GA,bowersville,Archdiocese of Atlanta,GA
GA,bowman,Archdiocese of Atlanta,GA
GA,braselton,Archdiocese of Atlanta,GA
GA,braswell,Archdiocese of Atlanta,GA
GA,bremen,Archdiocese of Atlanta,GA
GA,bronwood,Diocese of Savannah,GA
GA,brookhaven,Archdiocese of Atlanta,GA
GA,brooklet,Diocese of Savannah,GA
GA,brooks,Archdiocese of Atlanta,GA
GA,broxton,Diocese of Savannah,GA
GA,brunswick,Diocese of Savannah,GA
GA,buchanan,Archdiocese of Atlanta,GA
GA,buena vista,Diocese of Savannah,GA
GA,buford,Archdiocese of Atlanta,GA
GA,butler,Diocese of Savannah,GA
GA,byromville,Diocese of Savannah,GA
GA,byron,Diocese of Savannah,GA
GA,cadwell,Diocese of Savannah,GA
GA,cairo,Diocese of Savannah,GA
GA,calhoun,Archdiocese of Atlanta,GA
GA,camilla,Diocese of Savannah,GA
GA,candlermcafee,Archdiocese of Atlanta,GA
GA,canon,Archdiocese of Atlanta,GA
GA,canton,Archdiocese of Atlanta,GA
GA,carnesville,Archdiocese of Atlanta,GA
GA,carrollton,Archdiocese of Atlanta,GA
GA,cartersville,Archdiocese of Atlanta,GA
GA,cave spring,Archdiocese of Atlanta,GA
GA,cedartown,Archdiocese of Atlanta,GA
GA,centerville,Diocese of Savannah,GA
GA,centralhatchee,Archdiocese of Atlanta,GA
GA,chamblee,Archdiocese of Atlanta,GA
GA,chatsworth,Archdiocese of Atlanta,GA
GA,chattahoochee hills,Archdiocese of Atlanta,GA
GA,chattanooga valley,Archdiocese of Atlanta,GA
GA,chauncey,Diocese of Savannah,GA
GA,chester,Diocese of Savannah,GA
GA,chickamauga,Archdiocese of Atlanta,GA
GA,clarkesville,Archdiocese of Atlanta,GA
GA,clarkston,Archdiocese of Atlanta,GA
GA,claxton,Diocese of Savannah,GA
GA,clayton,Archdiocese of Atlanta,GA
GA,clermont,Archdiocese of Atlanta,GA
GA,cleveland,Archdiocese of Atlanta,GA
GA,cobbtown,Diocese of Savannah,GA
GA,cochran,Diocese of Savannah,GA
GA,cohutta,Archdiocese of Atlanta,GA
GA,colbert,Archdiocese of Atlanta,GA
GA,college park,Archdiocese of Atlanta,GA
GA,collins,Diocese of Savannah,GA
GA,colquitt,Diocese of Savannah,GA
GA,columbus,Diocese of Savannah,GA
GA,comer,Archdiocese of Atlanta,GA
GA,commerce,Archdiocese of Atlanta,GA
GA,concord,Archdiocese of Atlanta,GA
GA,conley,Archdiocese of Atlanta,GA
GA,conyers,Archdiocese of Atlanta,GA
GA,coolidge,Diocese of Savannah,GA
GA,cordele,Diocese of Savannah,GA
GA,cornelia,Archdiocese of Atlanta,GA
GA,covington,Archdiocese of Atlanta,GA
GA,crawford,Archdiocese of Atlanta,GA
GA,crawfordville,Archdiocese of Atlanta,GA
GA,cumming,Archdiocese of Atlanta,GA
GA,cusseta,Diocese of Savannah,GA
GA,cuthbert,Diocese of Savannah,GA
GA,dacula,Archdiocese of Atlanta,GA
GA,dahlonega,Archdiocese of Atlanta,GA
GA,dallas,Archdiocese of Atlanta,GA
GA,dalton,Archdiocese of Atlanta,GA
GA,danielsville,Archdiocese of Atlanta,GA
GA,darien,Diocese of Savannah,GA
GA,dasher,Diocese of Savannah,GA
GA,davisboro,Diocese of Savannah,GA
GA,dawson,Diocese of Savannah,GA
GA,dawsonville,Archdiocese of Atlanta,GA
GA,dearing,Archdiocese of Atlanta,GA
GA,decatur,Archdiocese of Atlanta,GA
GA,deenwood,Diocese of Savannah,GA
GA,demorest,Archdiocese of Atlanta,GA
GA,dexter,Diocese of Savannah,GA
GA,dillard,Archdiocese of Atlanta,GA
GA,dock junction,Diocese of Savannah,GA
GA,doerun,Diocese of Savannah,GA
GA,donalsonville,Diocese of Savannah,GA
GA,doraville,Archdiocese of Atlanta,GA
GA,douglas,Diocese of Savannah,GA
GA,douglasville,Archdiocese of Atlanta,GA
GA,druid hills,Archdiocese of Atlanta,GA
GA,dublin,Diocese of Savannah,GA
GA,dudley,Diocese of Savannah,GA
GA,duluth,Archdiocese of Atlanta,GA
GA,dunwoody,Archdiocese of Atlanta,GA
GA,east dublin,Diocese of Savannah,GA
GA,east ellijay,Archdiocese of Atlanta,GA
GA,east griffin,Archdiocese of Atlanta,GA
GA,east newnan,Archdiocese of Atlanta,GA
GA,east point,Archdiocese of Atlanta,GA
GA,eastman,Diocese of Savannah,GA
GA,eatonton,Archdiocese of Atlanta,GA
GA,edison,Diocese of Savannah,GA
GA,elberton,Archdiocese of Atlanta,GA
GA,ellaville,Diocese of Savannah,GA
GA,ellijay,Archdiocese of Atlanta,GA
GA,emerson,Archdiocese of Atlanta,GA
GA,empire,Diocese of Savannah,GA
GA,enigma,Diocese of Savannah,GA
GA,ephesus,Archdiocese of Atlanta,GA
GA,epworth,Archdiocese of Atlanta,GA
GA,eton,Archdiocese of Atlanta,GA
GA,euharlee,Archdiocese of Atlanta,GA
GA,evans,Diocese of Savannah,GA
GA,experiment,Archdiocese of Atlanta,GA
GA,fair oaks,Archdiocese of Atlanta,GA
GA,fairburn,Archdiocese of Atlanta,GA
GA,fairmount,Archdiocese of Atlanta,GA
GA,fairview,Archdiocese of Atlanta,GA
GA,fargo,Diocese of Savannah,GA
GA,fayetteville,Archdiocese of Atlanta,GA
GA,firing range,Archdiocese of Atlanta,GA
GA,fitzgerald,Diocese of Savannah,GA
GA,flemington,Diocese of Savannah,GA
GA,flovilla,Archdiocese of Atlanta,GA
GA,flowery branch,Archdiocese of Atlanta,GA
GA,folkston,Diocese of Savannah,GA
GA,forest park,Archdiocese of Atlanta,GA
GA,forsyth,Archdiocese of Atlanta,GA
GA,fort gaines,Diocese of Savannah,GA
GA,fort oglethorpe,Archdiocese of Atlanta,GA
GA,fort stewart,Diocese of Savannah,GA
GA,fort valley,Diocese of Savannah,GA
GA,franklin,Archdiocese of Atlanta,GA
GA,franklin springs,Archdiocese of Atlanta,GA
GA,funston,Diocese of Savannah,GA
GA,gainesville,Archdiocese of Atlanta,GA
GA,garden city,Diocese of Savannah,GA
GA,georgetown,Diocese of Savannah,GA
GA,gibson,Diocese of Savannah,GA
GA,glennville,Diocese of Savannah,GA
GA,glenwood,Diocese of Savannah,GA
GA,gordon,Diocese of Savannah,GA
GA,grantville,Archdiocese of Atlanta,GA
GA,gray,Diocese of Savannah,GA
GA,grayson,Archdiocese of Atlanta,GA
GA,greensboro,Archdiocese of Atlanta,GA
GA,greenville,Archdiocese of Atlanta,GA
GA,gresham park,Archdiocese of Atlanta,GA
GA,griffin,Archdiocese of Atlanta,GA
GA,grovetown,Diocese of Savannah,GA
GA,gumlog,Archdiocese of Atlanta,GA
GA,guyton,Diocese of Savannah,GA
GA,hagan,Diocese of Savannah,GA
GA,hahira,Diocese of Savannah,GA
GA,hamilton,Diocese of Savannah,GA
GA,hampton,Archdiocese of Atlanta,GA
GA,hannahs mill,Archdiocese of Atlanta,GA
GA,hapeville,Archdiocese of Atlanta,GA
GA,hardwick,Archdiocese of Atlanta,GA
GA,harlem,Diocese of Savannah,GA
GA,harrison,Diocese of Savannah,GA
GA,hartwell,Archdiocese of Atlanta,GA
GA,hawkinsville,Diocese of Savannah,GA
GA,hazlehurst,Diocese of Savannah,GA
GA,helen,Archdiocese of Atlanta,GA
GA,helena,Diocese of Savannah,GA
GA,henderson,Diocese of Savannah,GA
GA,hephzibah,Diocese of Savannah,GA
GA,hiawassee,Archdiocese of Atlanta,GA
GA,higgston,Diocese of Savannah,GA
GA,hiltonia,Diocese of Savannah,GA
GA,hinesville,Diocese of Savannah,GA
GA,hiram,Archdiocese of Atlanta,GA
GA,hoboken,Diocese of Savannah,GA
GA,hogansville,Archdiocese of Atlanta,GA
GA,holly springs,Archdiocese of Atlanta,GA
GA,homeland,Diocese of Savannah,GA
GA,homer,Archdiocese of Atlanta,GA
GA,homerville,Diocese of Savannah,GA
GA,hoschton,Archdiocese of Atlanta,GA
GA,ideal,Diocese of Savannah,GA
GA,ila,Archdiocese of Atlanta,GA
GA,indian springs,Archdiocese of Atlanta,GA
GA,iron city,Diocese of Savannah,GA
GA,irondale,Archdiocese of Atlanta,GA
GA,irwinton,Diocese of Savannah,GA
GA,isle of hope,Diocese of Savannah,GA
GA,ivey,Diocese of Savannah,GA
GA,jackson,Archdiocese of Atlanta,GA
GA,jasper,Archdiocese of Atlanta,GA
GA,jefferson,Archdiocese of Atlanta,GA
GA,jeffersonville,Diocese of Savannah,GA
GA,jekyll island,Diocese of Savannah,GA
GA,jenkinsburg,Archdiocese of Atlanta,GA
GA,jesup,Diocese of Savannah,GA
GA,johns creek,Archdiocese of Atlanta,GA
GA,jonesboro,Archdiocese of Atlanta,GA
GA,kennesaw,Archdiocese of Atlanta,GA
GA,keysville,Diocese of Savannah,GA
GA,kings bay base,Diocese of Savannah,GA
GA,kingsland,Diocese of Savannah,GA
GA,lafayette,Archdiocese of Atlanta,GA
GA,lagrange,Archdiocese of Atlanta,GA
GA,lake city,Archdiocese of Atlanta,GA
GA,lake park,Diocese of Savannah,GA
GA,lakeland,Diocese of Savannah,GA
GA,lakeview,Archdiocese of Atlanta,GA
GA,lakeview estates,Archdiocese of Atlanta,GA
GA,lavonia,Archdiocese of Atlanta,GA
GA,lawrenceville,Archdiocese of Atlanta,GA
GA,leary,Diocese of Savannah,GA
GA,leesburg,Diocese of Savannah,GA
GA,lenox,Diocese of Savannah,GA
GA,leslie,Diocese of Savannah,GA
GA,lilburn,Archdiocese of Atlanta,GA
GA,lincoln park,Archdiocese of Atlanta,GA
GA,lincolnton,Archdiocese of Atlanta,GA
GA,lindale,Archdiocese of Atlanta,GA
GA,linwood,Archdiocese of Atlanta,GA
GA,lithia springs,Archdiocese of Atlanta,GA
GA,lithonia,Archdiocese of Atlanta,GA
GA,locust grove,Archdiocese of Atlanta,GA
GA,loganville,Archdiocese of Atlanta,GA
GA,lookout mountain,Archdiocese of Atlanta,GA
GA,louisville,Diocese of Savannah,GA
GA,lovejoy,Archdiocese of Atlanta,GA
GA,ludowici,Diocese of Savannah,GA
GA,lula,Archdiocese of Atlanta,GA
GA,lumber city,Diocese of Savannah,GA
GA,lumpkin,Diocese of Savannah,GA
GA,luthersville,Archdiocese of Atlanta,GA
GA,lyerly,Archdiocese of Atlanta,GA
GA,lyons,Diocese of Savannah,GA
GA,mableton,Archdiocese of Atlanta,GA
GA,macon,Diocese of Savannah,GA
GA,madison,Archdiocese of Atlanta,GA
GA,manchester,Archdiocese of Atlanta,GA
GA,mansfield,Archdiocese of Atlanta,GA
GA,marietta,Archdiocese of Atlanta,GA
GA,marshallville,Diocese of Savannah,GA
GA,martin,Archdiocese of Atlanta,GA
GA,martinez,Diocese of Savannah,GA
GA,maysville,Archdiocese of Atlanta,GA
GA,mccaysville,Archdiocese of Atlanta,GA
GA,mcdonough,Archdiocese of Atlanta,GA
GA,mcintyre,Diocese of Savannah,GA
GA,mcrae,Diocese of Savannah,GA
GA,meigs,Diocese of Savannah,GA
GA,menlo,Archdiocese of Atlanta,GA
GA,metter,Diocese of Savannah,GA
GA,midway,Diocese of Savannah,GA
GA,milan,Diocese of Savannah,GA
GA,milledgeville,Archdiocese of Atlanta,GA
GA,millen,Diocese of Savannah,GA
GA,milner,Archdiocese of Atlanta,GA
GA,milton,Archdiocese of Atlanta,GA
GA,molena,Archdiocese of Atlanta,GA
GA,monroe,Archdiocese of Atlanta,GA
GA,montezuma,Diocese of Savannah,GA
GA,montgomery,Diocese of Savannah,GA
GA,monticello,Archdiocese of Atlanta,GA
GA,moody a f b,Diocese of Savannah,GA
GA,moreland,Archdiocese of Atlanta,GA
GA,morgan,Diocese of Savannah,GA
GA,morganton,Archdiocese of Atlanta,GA
GA,morrow,Archdiocese of Atlanta,GA
GA,morven,Diocese of Savannah,GA
GA,moultrie,Diocese of Savannah,GA
GA,mount airy,Archdiocese of Atlanta,GA
GA,mount vernon,Diocese of Savannah,GA
GA,mount zion,Archdiocese of Atlanta,GA
GA,mountain city,Archdiocese of Atlanta,GA
GA,mountain park,Archdiocese of Atlanta,GA
GA,nahunta,Diocese of Savannah,GA
GA,nashville,Diocese of Savannah,GA
GA,nelson,Archdiocese of Atlanta,GA
GA,newborn,Archdiocese of Atlanta,GA
GA,newnan,Archdiocese of Atlanta,GA
GA,newton,Diocese of Savannah,GA
GA,nicholls,Diocese of Savannah,GA
GA,nicholson,Archdiocese of Atlanta,GA
GA,norcross,Archdiocese of Atlanta,GA
GA,norman park,Diocese of Savannah,GA
GA,north decatur,Archdiocese of Atlanta,GA
GA,north druid hills,Archdiocese of Atlanta,GA
GA,north high shoals,Archdiocese of Atlanta,GA
GA,oak park,Diocese of Savannah,GA
GA,oakwood,Archdiocese of Atlanta,GA
GA,ochlocknee,Diocese of Savannah,GA
GA,ocilla,Diocese of Savannah,GA
GA,odum,Diocese of Savannah,GA
GA,offerman,Diocese of Savannah,GA
GA,oglethorpe,Diocese of Savannah,GA
GA,omega,Diocese of Savannah,GA
GA,oxford,Archdiocese of Atlanta,GA
GA,palmetto,Archdiocese of Atlanta,GA
GA,panthersville,Archdiocese of Atlanta,GA
GA,patterson,Diocese of Savannah,GA
GA,pavo,Diocese of Savannah,GA
GA,peachtree city,Archdiocese of Atlanta,GA
GA,peachtree corners,Archdiocese of Atlanta,GA
GA,pearson,Diocese of Savannah,GA
GA,pelham,Diocese of Savannah,GA
GA,pembroke,Diocese of Savannah,GA
GA,pendergrass,Archdiocese of Atlanta,GA
GA,perry,Diocese of Savannah,GA
GA,phillipsburg,Diocese of Savannah,GA
GA,pine lake,Archdiocese of Atlanta,GA
GA,pinehurst,Diocese of Savannah,GA
GA,pineview,Diocese of Savannah,GA
GA,pitts,Diocese of Savannah,GA
GA,plains,Diocese of Savannah,GA
GA,plainville,Archdiocese of Atlanta,GA
GA,pooler,Diocese of Savannah,GA
GA,port wentworth,Diocese of Savannah,GA
GA,portal,Diocese of Savannah,GA
GA,porterdale,Archdiocese of Atlanta,GA
GA,poulan,Diocese of Savannah,GA
GA,powder springs,Archdiocese of Atlanta,GA
GA,preston,Diocese of Savannah,GA
GA,putney,Diocese of Savannah,GA
GA,quitman,Diocese of Savannah,GA
GA,raoul,Archdiocese of Atlanta,GA
GA,ray city,Diocese of Savannah,GA
GA,redan,Archdiocese of Atlanta,GA
GA,reed creek,Archdiocese of Atlanta,GA
GA,reidsville,Diocese of Savannah,GA
GA,remerton,Diocese of Savannah,GA
GA,resaca,Archdiocese of Atlanta,GA
GA,reynolds,Diocese of Savannah,GA
GA,rhine,Diocese of Savannah,GA
GA,riceboro,Diocese of Savannah,GA
GA,richland,Diocese of Savannah,GA
GA,richmond hill,Diocese of Savannah,GA
GA,rincon,Diocese of Savannah,GA
GA,ringgold,Archdiocese of Atlanta,GA
GA,riverdale,Archdiocese of Atlanta,GA
GA,roberta,Diocese of Savannah,GA
GA,robins air force base,Diocese of Savannah,GA
GA,rochelle,Diocese of Savannah,GA
GA,rockmart,Archdiocese of Atlanta,GA
GA,rome,Archdiocese of Atlanta,GA
GA,rossville,Archdiocese of Atlanta,GA
GA,roswell,Archdiocese of Atlanta,GA
GA,royston,Archdiocese of Atlanta,GA
GA,russell,Archdiocese of Atlanta,GA
GA,rutledge,Archdiocese of Atlanta,GA
GA,rydal,Archdiocese of Atlanta,GA
GA,sale city,Diocese of Savannah,GA
GA,salem,Archdiocese of Atlanta,GA
GA,sandersville,Diocese of Savannah,GA
GA,sandy springs,Archdiocese of Atlanta,GA
GA,sardis,Diocese of Savannah,GA
GA,satilla,Diocese of Savannah,GA
GA,savannah,Diocese of Savannah,GA
GA,scotland,Diocese of Savannah,GA
GA,scottdale,Archdiocese of Atlanta,GA
GA,screven,Diocese of Savannah,GA
GA,senoia,Archdiocese of Atlanta,GA
GA,shannon,Archdiocese of Atlanta,GA
GA,sharpsburg,Archdiocese of Atlanta,GA
GA,shellman,Diocese of Savannah,GA
GA,shiloh,Diocese of Savannah,GA
GA,skidaway island,Diocese of Savannah,GA
GA,smithville,Diocese of Savannah,GA
GA,smyrna,Archdiocese of Atlanta,GA
GA,snellville,Archdiocese of Atlanta,GA
GA,social circle,Archdiocese of Atlanta,GA
GA,soperton,Diocese of Savannah,GA
GA,south fulton,Archdiocese of Atlanta,GA
GA,sparks,Diocese of Savannah,GA
GA,sparta,Archdiocese of Atlanta,GA
GA,springfield,Diocese of Savannah,GA
GA,st marys,Diocese of Savannah,GA
GA,st simon mills,Diocese of Savannah,GA
GA,st simons island,Diocese of Savannah,GA
GA,stapleton,Diocese of Savannah,GA
GA,statenville,Diocese of Savannah,GA
GA,statesboro,Diocese of Savannah,GA
GA,statham,Archdiocese of Atlanta,GA
GA,sterling,Diocese of Savannah,GA
GA,stillmore,Diocese of Savannah,GA
GA,stockbridge,Archdiocese of Atlanta,GA
GA,stone mountain,Archdiocese of Atlanta,GA
GA,stonecrest,Archdiocese of Atlanta,GA
GA,sugar hill,Archdiocese of Atlanta,GA
GA,summerville,Archdiocese of Atlanta,GA
GA,sumner,Diocese of Savannah,GA
GA,sunnyside,Diocese of Savannah,GA
GA,sunset village,Archdiocese of Atlanta,GA
GA,suwanee,Archdiocese of Atlanta,GA
GA,swainsboro,Diocese of Savannah,GA
GA,sycamore,Diocese of Savannah,GA
GA,sylvania,Diocese of Savannah,GA
GA,sylvester,Diocese of Savannah,GA
GA,talbotton,Diocese of Savannah,GA
GA,tallapoosa,Archdiocese of Atlanta,GA
GA,talmo,Diocese of Savannah,GA
GA,temple,Archdiocese of Atlanta,GA
GA,tennille,Diocese of Savannah,GA
GA,thomaston,Archdiocese of Atlanta,GA
GA,thomasville,Diocese of Savannah,GA
GA,thomson,Archdiocese of Atlanta,GA
GA,thunderbolt,Diocese of Savannah,GA
GA,tifton,Diocese of Savannah,GA
GA,tiger,Archdiocese of Atlanta,GA
GA,tignall,Archdiocese of Atlanta,GA
GA,toccoa,Archdiocese of Atlanta,GA
GA,toomsboro,Diocese of Savannah,GA
GA,trenton,Archdiocese of Atlanta,GA
GA,trion,Archdiocese of Atlanta,GA
GA,tucker,Archdiocese of Atlanta,GA
GA,tunnel hill,Archdiocese of Atlanta,GA
GA,turin,Archdiocese of Atlanta,GA
GA,twin city,Diocese of Savannah,GA
GA,ty ty,Diocese of Savannah,GA
GA,tybee island,Diocese of Savannah,GA
GA,tyrone,Archdiocese of Atlanta,GA
GA,unadilla,Diocese of Savannah,GA
GA,union city,Archdiocese of Atlanta,GA
GA,union point,Archdiocese of Atlanta,GA
GA,unionville,Diocese of Savannah,GA
GA,uvalda,Diocese of Savannah,GA
GA,valdosta,Diocese of Savannah,GA
GA,varnell,Archdiocese of Atlanta,GA
GA,vidalia,Diocese of Savannah,GA
GA,vienna,Diocese of Savannah,GA
GA,villa rica,Archdiocese of Atlanta,GA
GA,vinings,Archdiocese of Atlanta,GA
GA,waco,Archdiocese of Atlanta,GA
GA,wadley,Diocese of Savannah,GA
GA,waleska,Archdiocese of Atlanta,GA
GA,walnut grove,Archdiocese of Atlanta,GA
GA,walthourville,Diocese of Savannah,GA
GA,warm springs,Archdiocese of Atlanta,GA
GA,warner robins,Diocese of Savannah,GA
GA,warrenton,Archdiocese of Atlanta,GA
GA,warwick,Diocese of Savannah,GA
GA,washington,Archdiocese of Atlanta,GA
GA,watkinsville,Archdiocese of Atlanta,GA
GA,waverly hall,Diocese of Savannah,GA
GA,waycross,Diocese of Savannah,GA
GA,waynesboro,Diocese of Savannah,GA
GA,west warrenton,Archdiocese of Atlanta,GA
GA,whigham,Diocese of Savannah,GA
GA,white,Archdiocese of Atlanta,GA
GA,whitemarsh island,Diocese of Savannah,GA
GA,whitesburg,Archdiocese of Atlanta,GA
GA,willacoochee,Diocese of Savannah,GA
GA,williamson,Archdiocese of Atlanta,GA
GA,wilmington island,Diocese of Savannah,GA
GA,winder,Archdiocese of Atlanta,GA
GA,winterville,Archdiocese of Atlanta,GA
GA,woodbine,Diocese of Savannah,GA
GA,woodbury,Archdiocese of Atlanta,GA
GA,woodland,Diocese of Savannah,GA
GA,woodstock,Archdiocese of Atlanta,GA
GA,woodville,Archdiocese of Atlanta,GA
GA,wrens,Diocese of Savannah,GA
GA,wrightsville,Diocese of Savannah,GA
GA,yatesville,Archdiocese of Atlanta,GA
GA,yonah,Archdiocese of Atlanta,GA
GA,young harris,Archdiocese of Atlanta,GA
GA,zebulon,Archdiocese of Atlanta,GA
HI,ahuimanu,Diocese of Honolulu,HI
HI,aiea,Diocese of Honolulu,HI
HI,aiea heights,Diocese of Honolulu,HI
HI,aina haina,Diocese of Honolulu,HI
HI,aina hainahawaii loa ridge,Diocese of Honolulu,HI
HI,ainaloa,Diocese of Honolulu,HI
HI,alewa heights,Diocese of Honolulu,HI
HI,aliamanu salt lakes foster village,Diocese of Honolulu,HI
HI,anahola,Diocese of Honolulu,HI
HI,barbers point housing,Diocese of Honolulu,HI
HI,black sands,Diocese of Honolulu,HI
HI,captain cook,Diocese of Honolulu,HI
HI,chinatown,Diocese of Honolulu,HI
HI,diamond head kapahulu st louis heights,Diocese of Honolulu,HI
HI,discovery harbor,Diocese of Honolulu,HI
HI,dowsett highlands,Diocese of Honolulu,HI
HI,east honolulu,Diocese of Honolulu,HI
HI,east kapolei,Diocese of Honolulu,HI
HI,eden roc,Diocese of Honolulu,HI
HI,eleele,Diocese of Honolulu,HI
HI,ewa beach,Diocese of Honolulu,HI
HI,ewa beachiroquois point,Diocese of Honolulu,HI
HI,ewa gentry,Diocese of Honolulu,HI
HI,ewa gentrywest loch,Diocese of Honolulu,HI
HI,ewa villages,Diocese of Honolulu,HI
HI,fern acres,Diocese of Honolulu,HI
HI,fern forest,Diocese of Honolulu,HI
HI,haena,Diocese of Honolulu,HI
HI,haiku,Diocese of Honolulu,HI
HI,haikupauwela,Diocese of Honolulu,HI
HI,halaula,Diocese of Honolulu,HI
HI,halawa,Diocese of Honolulu,HI
HI,halawa heights,Diocese of Honolulu,HI
HI,haleiwa,Diocese of Honolulu,HI
HI,haliimaile,Diocese of Honolulu,HI
HI,hana,Diocese of Honolulu,HI
HI,hanalei,Diocese of Honolulu,HI
HI,hanamaulu,Diocese of Honolulu,HI
HI,hanapepe,Diocese of Honolulu,HI
HI,hanapepe heights,Diocese of Honolulu,HI
HI,hauula,Diocese of Honolulu,HI
HI,hauulapunaluu,Diocese of Honolulu,HI
HI,hawaiian acres,Diocese of Honolulu,HI
HI,hawaiian beaches,Diocese of Honolulu,HI
HI,hawaiian ocean view,Diocese of Honolulu,HI
HI,hawaiian paradise park,Diocese of Honolulu,HI
HI,hawi,Diocese of Honolulu,HI
HI,heeia,Diocese of Honolulu,HI
HI,helemano,Diocese of Honolulu,HI
HI,hickam field,Diocese of Honolulu,HI
HI,hilo,Diocese of Honolulu,HI
HI,holualoa,Diocese of Honolulu,HI
HI,honalo,Diocese of Honolulu,HI
HI,honaunaunapoopoo,Diocese of Honolulu,HI
HI,honokaa,Diocese of Honolulu,HI
HI,honolulu,Diocese of Honolulu,HI
HI,honomu,Diocese of Honolulu,HI
HI,hoolehua,Diocese of Honolulu,HI
HI,huelo,Diocese of Honolulu,HI
HI,iroquois point,Diocese of Honolulu,HI
HI,joint base pearl harbor hickam,Diocese of Honolulu,HI
HI,kaaawa,Diocese of Honolulu,HI
HI,kaanapali,Diocese of Honolulu,HI
HI,kaanapali landing,Diocese of Honolulu,HI
HI,kahaluu,Diocese of Honolulu,HI
HI,kahaluukeauhou,Diocese of Honolulu,HI
HI,kahuku,Diocese of Honolulu,HI
HI,kahukukawela,Diocese of Honolulu,HI
HI,kahului,Diocese of Honolulu,HI
HI,kailua,Diocese of Honolulu,HI
HI,kailua town,Diocese of Honolulu,HI
HI,kailuakona,Diocese of Honolulu,HI
HI,kalaeloacampbell industrial park,Diocese of Honolulu,HI
HI,kalaheo,Diocese of Honolulu,HI
HI,kalama valley,Diocese of Honolulu,HI
HI,kalaoa,Diocese of Honolulu,HI
HI,kalihi valley,Diocese of Honolulu,HI
HI,kalihi wai,Diocese of Honolulu,HI
HI,kamehameha heights,Diocese of Honolulu,HI
HI,kaneohe,Diocese of Honolulu,HI
HI,kapaa,Diocese of Honolulu,HI
HI,kapaau,Diocese of Honolulu,HI
HI,kapalua,Diocese of Honolulu,HI
HI,kapolei,Diocese of Honolulu,HI
HI,kapolei villages,Diocese of Honolulu,HI
HI,kaumakani,Diocese of Honolulu,HI
HI,kaumakanihanapepe,Diocese of Honolulu,HI
HI,kaunakakai,Diocese of Honolulu,HI
HI,kawailoa,Diocese of Honolulu,HI
HI,kawela bay,Diocese of Honolulu,HI
HI,keaau,Diocese of Honolulu,HI
HI,kealakekua,Diocese of Honolulu,HI
HI,kekaha,Diocese of Honolulu,HI
HI,kekahawaimea,Diocese of Honolulu,HI
HI,keokea,Diocese of Honolulu,HI
HI,keolu hills,Diocese of Honolulu,HI
HI,kihei,Diocese of Honolulu,HI
HI,kilauea,Diocese of Honolulu,HI
HI,ko olinahonokai hale,Diocese of Honolulu,HI
HI,koloa,Diocese of Honolulu,HI
HI,koloapoipu,Diocese of Honolulu,HI
HI,koolauloa,Diocese of Honolulu,HI
HI,kualapuu,Diocese of Honolulu,HI
HI,kukuihaele,Diocese of Honolulu,HI
HI,kula,Diocese of Honolulu,HI
HI,kuliouou,Diocese of Honolulu,HI
HI,kuliouou kalani iki,Diocese of Honolulu,HI
HI,kurtistown,Diocese of Honolulu,HI
HI,lahaina,Diocese of Honolulu,HI
HI,laie,Diocese of Honolulu,HI
HI,lanai city,Diocese of Honolulu,HI
HI,lanikai,Diocese of Honolulu,HI
HI,launiupoko,Diocese of Honolulu,HI
HI,laupahoehoe,Diocese of Honolulu,HI
HI,lawai,Diocese of Honolulu,HI
HI,leilani estates,Diocese of Honolulu,HI
HI,lihue,Diocese of Honolulu,HI
HI,maalaea,Diocese of Honolulu,HI
HI,mahinahina,Diocese of Honolulu,HI
HI,maili,Diocese of Honolulu,HI
HI,makaha,Diocese of Honolulu,HI
HI,makaha valley,Diocese of Honolulu,HI
HI,makahakaena,Diocese of Honolulu,HI
HI,makakilo,Diocese of Honolulu,HI
HI,makakilo city,Diocese of Honolulu,HI
HI,makakilo kapolei honokai hale,Diocese of Honolulu,HI
HI,makakilomakaiwa hillskunia,Diocese of Honolulu,HI
HI,makawao,Diocese of Honolulu,HI
HI,manoa,Diocese of Honolulu,HI
HI,marine corps base hawaii mcbh,Diocese of Honolulu,HI
HI,maunaloa,Diocese of Honolulu,HI
HI,maunawili,Diocese of Honolulu,HI
HI,mililani mauka,Diocese of Honolulu,HI
HI,mililani mauka launani valley,Diocese of Honolulu,HI
HI,mililani town,Diocese of Honolulu,HI
HI,milolii,Diocese of Honolulu,HI
HI,moanalua,Diocese of Honolulu,HI
HI,mokuleia,Diocese of Honolulu,HI
HI,mountain view,Diocese of Honolulu,HI
HI,naalehu,Diocese of Honolulu,HI
HI,nanakuli,Diocese of Honolulu,HI
HI,nanawale estates,Diocese of Honolulu,HI
HI,napilihonokowai,Diocese of Honolulu,HI
HI,niu valley,Diocese of Honolulu,HI
HI,ocean pointe,Diocese of Honolulu,HI
HI,omao,Diocese of Honolulu,HI
HI,omaokukuiula,Diocese of Honolulu,HI
HI,orchidlands estates,Diocese of Honolulu,HI
HI,paauilo,Diocese of Honolulu,HI
HI,pacific palisades,Diocese of Honolulu,HI
HI,pahala,Diocese of Honolulu,HI
HI,pahoa,Diocese of Honolulu,HI
HI,paia,Diocese of Honolulu,HI
HI,palolo,Diocese of Honolulu,HI
HI,papaikou,Diocese of Honolulu,HI
HI,paukaa,Diocese of Honolulu,HI
HI,pauoa,Diocese of Honolulu,HI
HI,pearl city,Diocese of Honolulu,HI
HI,pepeekeo,Diocese of Honolulu,HI
HI,pohakupu,Diocese of Honolulu,HI
HI,poipu,Diocese of Honolulu,HI
HI,portlock,Diocese of Honolulu,HI
HI,princeville,Diocese of Honolulu,HI
HI,puako,Diocese of Honolulu,HI
HI,puhi,Diocese of Honolulu,HI
HI,pukalani,Diocese of Honolulu,HI
HI,punahou,Diocese of Honolulu,HI
HI,punaluu,Diocese of Honolulu,HI
HI,puohala village,Diocese of Honolulu,HI
HI,pupukea,Diocese of Honolulu,HI
HI,royal kunia,Diocese of Honolulu,HI
HI,schofield barracks,Diocese of Honolulu,HI
HI,schofieldwheeler,Diocese of Honolulu,HI
HI,spreckelsville,Diocese of Honolulu,HI
HI,st louis heights,Diocese of Honolulu,HI
HI,sunset beachpupukea,Diocese of Honolulu,HI
HI,ualapue,Diocese of Honolulu,HI
HI,village park,Diocese of Honolulu,HI
HI,volcano,Diocese of Honolulu,HI
HI,wahiawa,Diocese of Honolulu,HI
HI,wahiawawhitmore,Diocese of Honolulu,HI
HI,waialae nuicountry club,Diocese of Honolulu,HI
HI,waialua,Diocese of Honolulu,HI
HI,waianae,Diocese of Honolulu,HI
HI,waiheewaiehu,Diocese of Honolulu,HI
HI,waikane,Diocese of Honolulu,HI
HI,waikapu,Diocese of Honolulu,HI
HI,waikiki,Diocese of Honolulu,HI
HI,waikoloa,Diocese of Honolulu,HI
HI,wailea,Diocese of Honolulu,HI
HI,waileamakena,Diocese of Honolulu,HI
HI,wailua,Diocese of Honolulu,HI
HI,wailua homesteads,Diocese of Honolulu,HI
HI,wailuku,Diocese of Honolulu,HI
HI,wailupe,Diocese of Honolulu,HI
HI,waimalu,Diocese of Honolulu,HI
HI,waimanalo,Diocese of Honolulu,HI
HI,waimanalo beach,Diocese of Honolulu,HI
HI,waimea,Diocese of Honolulu,HI
HI,wainaku,Diocese of Honolulu,HI
HI,wainiha,Diocese of Honolulu,HI
HI,waipahu,Diocese of Honolulu,HI
HI,waipio,Diocese of Honolulu,HI
HI,waipio acres,Diocese of Honolulu,HI
HI,west loch estates,Diocese of Honolulu,HI
HI,wheeler army airfield,Diocese of Honolulu,HI
HI,whitmore village,Diocese of Honolulu,HI
IA,ackley,Archdiocese of Dubuque,IA
IA,adair,Diocese of Des Moines,IA
IA,adel,Diocese of Des Moines,IA
IA,afton,Diocese of Des Moines,IA
IA,agency,Diocese of Davenport,IA
IA,ainsworth,Diocese of Davenport,IA
IA,akron,Diocese of Sioux City,IA
IA,albert city,Diocese of Sioux City,IA
IA,albia,Diocese of Davenport,IA
IA,albion,Archdiocese of Dubuque,IA
IA,alburnett,Archdiocese of Dubuque,IA
IA,alden,Archdiocese of Dubuque,IA
IA,algona,Diocese of Sioux City,IA
IA,alleman,Diocese of Des Moines,IA
IA,allerton,Diocese of Des Moines,IA
IA,allison,Archdiocese of Dubuque,IA
IA,alta,Diocese of Sioux City,IA
IA,alton,Diocese of Sioux City,IA
IA,altoona,Diocese of Des Moines,IA
IA,amana,Diocese of Davenport,IA
IA,ames,Archdiocese of Dubuque,IA
IA,anamosa,Archdiocese of Dubuque,IA
IA,andrew,Archdiocese of Dubuque,IA
IA,anita,Diocese of Des Moines,IA
IA,ankeny,Diocese of Des Moines,IA
IA,anthon,Diocese of Sioux City,IA
IA,aplington,Archdiocese of Dubuque,IA
IA,arcadia,Diocese of Sioux City,IA
IA,arlington,Archdiocese of Dubuque,IA
IA,armstrong,Diocese of Sioux City,IA
IA,arnolds park,Diocese of Sioux City,IA
IA,asbury,Archdiocese of Dubuque,IA
IA,ashton,Diocese of Sioux City,IA
IA,atalissa,Diocese of Davenport,IA
IA,atkins,Archdiocese of Dubuque,IA
IA,atlantic,Diocese of Des Moines,IA
IA,auburn,Diocese of Sioux City,IA
IA,audubon,Diocese of Des Moines,IA
IA,aurelia,Diocese of Sioux City,IA
IA,avoca,Diocese of Des Moines,IA
IA,badger,Diocese of Sioux City,IA
IA,bancroft,Diocese of Sioux City,IA
IA,batavia,Diocese of Davenport,IA
IA,battle creek,Diocese of Sioux City,IA
IA,baxter,Diocese of Davenport,IA
IA,bayard,Diocese of Des Moines,IA
IA,beacon,Diocese of Davenport,IA
IA,beaverdale,Diocese of Davenport,IA
IA,bedford,Diocese of Des Moines,IA
IA,belle plaine,Archdiocese of Dubuque,IA
IA,bellevue,Archdiocese of Dubuque,IA
IA,belmond,Archdiocese of Dubuque,IA
IA,bennett,Diocese of Davenport,IA
IA,bertram,Archdiocese of Dubuque,IA
IA,bettendorf,Diocese of Davenport,IA
IA,birmingham,Diocese of Davenport,IA
IA,blairstown,Archdiocese of Dubuque,IA
IA,bloomfield,Diocese of Davenport,IA
IA,blue grass,Diocese of Davenport,IA
IA,bonaparte,Diocese of Davenport,IA
IA,bondurant,Diocese of Des Moines,IA
IA,boone,Diocese of Sioux City,IA
IA,boyden,Diocese of Sioux City,IA
IA,brandon,Archdiocese of Dubuque,IA
IA,breda,Diocese of Sioux City,IA
IA,brighton,Diocese of Davenport,IA
IA,britt,Archdiocese of Dubuque,IA
IA,bronson,Diocese of Sioux City,IA
IA,brooklyn,Diocese of Davenport,IA
IA,buffalo,Diocese of Davenport,IA
IA,buffalo center,Archdiocese of Dubuque,IA
IA,burlington,Diocese of Davenport,IA
IA,burt,Diocese of Sioux City,IA
IA,bussey,Diocese of Davenport,IA
IA,calamus,Diocese of Davenport,IA
IA,callender,Diocese of Sioux City,IA
IA,calmar,Archdiocese of Dubuque,IA
IA,camanche,Diocese of Davenport,IA
IA,cambridge,Archdiocese of Dubuque,IA
IA,carlisle,Diocese of Des Moines,IA
IA,carroll,Diocese of Sioux City,IA
IA,carson,Diocese of Des Moines,IA
IA,carter lake,Diocese of Des Moines,IA
IA,cascade,Archdiocese of Dubuque,IA
IA,casey,Diocese of Des Moines,IA
IA,cedar falls,Archdiocese of Dubuque,IA
IA,cedar rapids,Archdiocese of Dubuque,IA
IA,center point,Archdiocese of Dubuque,IA
IA,central city,Archdiocese of Dubuque,IA
IA,chariton,Diocese of Des Moines,IA
IA,charles city,Archdiocese of Dubuque,IA
IA,charlotte,Diocese of Davenport,IA
IA,charter oak,Diocese of Sioux City,IA
IA,cherokee,Diocese of Sioux City,IA
IA,churdan,Diocese of Sioux City,IA
IA,cincinnati,Diocese of Davenport,IA
IA,clarence,Diocese of Davenport,IA
IA,clarinda,Diocese of Des Moines,IA
IA,clarion,Archdiocese of Dubuque,IA
IA,clarksville,Archdiocese of Dubuque,IA
IA,clear lake,Archdiocese of Dubuque,IA
IA,clearfield,Diocese of Des Moines,IA
IA,clermont,Archdiocese of Dubuque,IA
IA,clinton,Diocese of Davenport,IA
IA,clive,Diocese of Des Moines,IA
IA,coalville,Diocese of Sioux City,IA
IA,coggon,Archdiocese of Dubuque,IA
IA,colesburg,Archdiocese of Dubuque,IA
IA,colfax,Diocese of Davenport,IA
IA,collins,Archdiocese of Dubuque,IA
IA,colo,Archdiocese of Dubuque,IA
IA,columbus city,Diocese of Davenport,IA
IA,columbus junction,Diocese of Davenport,IA
IA,conesville,Diocese of Davenport,IA
IA,conrad,Archdiocese of Dubuque,IA
IA,coon rapids,Diocese of Sioux City,IA
IA,coralville,Diocese of Davenport,IA
IA,corning,Diocese of Des Moines,IA
IA,correctionville,Diocese of Sioux City,IA
IA,corydon,Diocese of Des Moines,IA
IA,council bluffs,Diocese of Des Moines,IA
IA,crescent,Diocese of Des Moines,IA
IA,cresco,Archdiocese of Dubuque,IA
IA,creston,Diocese of Des Moines,IA
IA,cumming,Diocese of Des Moines,IA
IA,dakota city,Diocese of Sioux City,IA
IA,dallas center,Diocese of Des Moines,IA
IA,danbury,Diocese of Sioux City,IA
IA,danville,Diocese of Davenport,IA
IA,davenport,Diocese of Davenport,IA
IA,dayton,Diocese of Sioux City,IA
IA,de soto,Diocese of Des Moines,IA
IA,de witt,Diocese of Davenport,IA
IA,decorah,Archdiocese of Dubuque,IA
IA,delhi,Archdiocese of Dubuque,IA
IA,delmar,Diocese of Davenport,IA
IA,delta,Diocese of Davenport,IA
IA,denison,Diocese of Sioux City,IA
IA,denmark,Diocese of Davenport,IA
IA,denver,Archdiocese of Dubuque,IA
IA,des moines,Diocese of Des Moines,IA
IA,dexter,Diocese of Des Moines,IA
IA,diagonal,Diocese of Des Moines,IA
IA,diamondhead lake,Diocese of Des Moines,IA
IA,dike,Archdiocese of Dubuque,IA
IA,donahue,Diocese of Davenport,IA
IA,donnellson,Diocese of Davenport,IA
IA,doon,Diocese of Sioux City,IA
IA,dow city,Diocese of Sioux City,IA
IA,dows,Archdiocese of Dubuque,IA
IA,dubuque,Archdiocese of Dubuque,IA
IA,dumont,Archdiocese of Dubuque,IA
IA,duncombe,Diocese of Sioux City,IA
IA,dunkerton,Archdiocese of Dubuque,IA
IA,dunlap,Diocese of Des Moines,IA
IA,durant,Diocese of Davenport,IA
IA,dyersville,Archdiocese of Dubuque,IA
IA,dysart,Archdiocese of Dubuque,IA
IA,eagle grove,Archdiocese of Dubuque,IA
IA,earlham,Diocese of Des Moines,IA
IA,earling,Diocese of Des Moines,IA
IA,earlville,Archdiocese of Dubuque,IA
IA,early,Diocese of Sioux City,IA
IA,eddyville,Diocese of Davenport,IA
IA,edgewood,Archdiocese of Dubuque,IA
IA,eldon,Diocese of Davenport,IA
IA,eldora,Archdiocese of Dubuque,IA
IA,eldridge,Diocese of Davenport,IA
IA,elgin,Archdiocese of Dubuque,IA
IA,elk horn,Diocese of Des Moines,IA
IA,elk run heights,Archdiocese of Dubuque,IA
IA,elkader,Archdiocese of Dubuque,IA
IA,elkhart,Diocese of Des Moines,IA
IA,elliott,Diocese of Des Moines,IA
IA,ellsworth,Archdiocese of Dubuque,IA
IA,elma,Archdiocese of Dubuque,IA
IA,ely,Archdiocese of Dubuque,IA
IA,emerson,Diocese of Des Moines,IA
IA,emmetsburg,Diocese of Sioux City,IA
IA,epworth,Archdiocese of Dubuque,IA
IA,essex,Diocese of Des Moines,IA
IA,estherville,Diocese of Sioux City,IA
IA,evansdale,Archdiocese of Dubuque,IA
IA,everly,Diocese of Sioux City,IA
IA,exira,Diocese of Des Moines,IA
IA,fairbank,Archdiocese of Dubuque,IA
IA,fairfax,Archdiocese of Dubuque,IA
IA,fairfield,Diocese of Davenport,IA
IA,farley,Archdiocese of Dubuque,IA
IA,farmington,Diocese of Davenport,IA
IA,farnhamville,Diocese of Sioux City,IA
IA,farragut,Diocese of Des Moines,IA
IA,fayette,Archdiocese of Dubuque,IA
IA,fertile,Archdiocese of Dubuque,IA
IA,floyd,Archdiocese of Dubuque,IA
IA,fonda,Diocese of Sioux City,IA
IA,fontanelle,Diocese of Des Moines,IA
IA,forest city,Archdiocese of Dubuque,IA
IA,fort atkinson,Archdiocese of Dubuque,IA
IA,fort dodge,Diocese of Sioux City,IA
IA,fort madison,Diocese of Davenport,IA
IA,fredericksburg,Archdiocese of Dubuque,IA
IA,fremont,Diocese of Davenport,IA
IA,fruitland,Diocese of Davenport,IA
IA,galva,Diocese of Sioux City,IA
IA,garnavillo,Archdiocese of Dubuque,IA
IA,garner,Archdiocese of Dubuque,IA
IA,garrison,Archdiocese of Dubuque,IA
IA,garwin,Archdiocese of Dubuque,IA
IA,george,Diocese of Sioux City,IA
IA,gilbert,Archdiocese of Dubuque,IA
IA,gilbertville,Archdiocese of Dubuque,IA
IA,gilman,Archdiocese of Dubuque,IA
IA,gilmore city,Diocese of Sioux City,IA
IA,gladbrook,Archdiocese of Dubuque,IA
IA,glenwood,Diocese of Des Moines,IA
IA,glidden,Diocese of Sioux City,IA
IA,goldfield,Archdiocese of Dubuque,IA
IA,gowrie,Diocese of Sioux City,IA
IA,graettinger,Diocese of Sioux City,IA
IA,grand junction,Diocese of Sioux City,IA
IA,grand mound,Diocese of Davenport,IA
IA,grandview,Diocese of Davenport,IA
IA,granger,Diocese of Des Moines,IA
IA,granville,Diocese of Sioux City,IA
IA,greene,Archdiocese of Dubuque,IA
IA,greenfield,Diocese of Des Moines,IA
IA,grimes,Diocese of Des Moines,IA
IA,grinnell,Diocese of Davenport,IA
IA,griswold,Diocese of Des Moines,IA
IA,grundy center,Archdiocese of Dubuque,IA
IA,guthrie center,Diocese of Des Moines,IA
IA,guttenberg,Archdiocese of Dubuque,IA
IA,hamburg,Diocese of Des Moines,IA
IA,hampton,Archdiocese of Dubuque,IA
IA,harlan,Diocese of Des Moines,IA
IA,harpers ferry,Archdiocese of Dubuque,IA
IA,hartford,Diocese of Des Moines,IA
IA,hartley,Diocese of Sioux City,IA
IA,hawarden,Diocese of Sioux City,IA
IA,hawkeye,Archdiocese of Dubuque,IA
IA,hazleton,Archdiocese of Dubuque,IA
IA,hedrick,Diocese of Davenport,IA
IA,hiawatha,Archdiocese of Dubuque,IA
IA,hills,Diocese of Davenport,IA
IA,hinton,Diocese of Sioux City,IA
IA,holiday lake,Diocese of Davenport,IA
IA,holstein,Diocese of Sioux City,IA
IA,holy cross,Archdiocese of Dubuque,IA
IA,hopkinton,Archdiocese of Dubuque,IA
IA,hospers,Diocese of Sioux City,IA
IA,hubbard,Archdiocese of Dubuque,IA
IA,hudson,Archdiocese of Dubuque,IA
IA,hull,Diocese of Sioux City,IA
IA,humboldt,Diocese of Sioux City,IA
IA,humeston,Diocese of Des Moines,IA
IA,huxley,Archdiocese of Dubuque,IA
IA,ida grove,Diocese of Sioux City,IA
IA,independence,Archdiocese of Dubuque,IA
IA,indianola,Diocese of Des Moines,IA
IA,inwood,Diocese of Sioux City,IA
IA,iowa city,Diocese of Davenport,IA
IA,iowa falls,Archdiocese of Dubuque,IA
IA,ireton,Diocese of Sioux City,IA
IA,irwin,Diocese of Des Moines,IA
IA,janesville,Archdiocese of Dubuque,IA
IA,jefferson,Diocese of Sioux City,IA
IA,jesup,Archdiocese of Dubuque,IA
IA,jewell,Archdiocese of Dubuque,IA
IA,johnston,Diocese of Des Moines,IA
IA,kalona,Diocese of Davenport,IA
IA,kanawha,Archdiocese of Dubuque,IA
IA,kellerton,Diocese of Des Moines,IA
IA,kelley,Archdiocese of Dubuque,IA
IA,kellogg,Diocese of Davenport,IA
IA,keokuk,Diocese of Davenport,IA
IA,keosauqua,Diocese of Davenport,IA
IA,keota,Diocese of Davenport,IA
IA,keystone,Archdiocese of Dubuque,IA
IA,kimballton,Diocese of Des Moines,IA
IA,kingsley,Diocese of Sioux City,IA
IA,klemme,Archdiocese of Dubuque,IA
IA,knoxville,Diocese of Davenport,IA
IA,la porte city,Archdiocese of Dubuque,IA
IA,lacona,Diocese of Des Moines,IA
IA,lake city,Diocese of Sioux City,IA
IA,lake mills,Archdiocese of Dubuque,IA
IA,lake panorama,Diocese of Des Moines,IA
IA,lake park,Diocese of Sioux City,IA
IA,lake view,Diocese of Sioux City,IA
IA,lakeside,Diocese of Sioux City,IA
IA,lamoni,Diocese of Des Moines,IA
IA,lamont,Archdiocese of Dubuque,IA
IA,lansing,Archdiocese of Dubuque,IA
IA,larchwood,Diocese of Sioux City,IA
IA,latimer,Archdiocese of Dubuque,IA
IA,laurens,Diocese of Sioux City,IA
IA,lawler,Archdiocese of Dubuque,IA
IA,lawton,Diocese of Sioux City,IA
IA,le claire,Diocese of Davenport,IA
IA,le grand,Archdiocese of Dubuque,IA
IA,le mars,Diocese of Sioux City,IA
IA,lehigh,Diocese of Sioux City,IA
IA,lenox,Diocese of Des Moines,IA
IA,leon,Diocese of Des Moines,IA
IA,letts,Diocese of Davenport,IA
IA,lewis,Diocese of Des Moines,IA
IA,libertyville,Diocese of Davenport,IA
IA,lime springs,Archdiocese of Dubuque,IA
IA,lisbon,Archdiocese of Dubuque,IA
IA,liscomb,Archdiocese of Dubuque,IA
IA,little rock,Diocese of Sioux City,IA
IA,livermore,Diocese of Sioux City,IA
IA,logan,Diocese of Des Moines,IA
IA,lohrville,Diocese of Sioux City,IA
IA,lone tree,Diocese of Davenport,IA
IA,long grove,Diocese of Davenport,IA
IA,lorimor,Diocese of Des Moines,IA
IA,lost nation,Diocese of Davenport,IA
IA,lovilia,Diocese of Davenport,IA
IA,lowden,Diocese of Davenport,IA
IA,lynnville,Diocese of Davenport,IA
IA,lytton,Diocese of Sioux City,IA
IA,madrid,Diocese of Sioux City,IA
IA,maharishi vedic city,Diocese of Davenport,IA
IA,malvern,Diocese of Des Moines,IA
IA,manchester,Archdiocese of Dubuque,IA
IA,manilla,Diocese of Sioux City,IA
IA,manly,Archdiocese of Dubuque,IA
IA,manning,Diocese of Sioux City,IA
IA,manson,Diocese of Sioux City,IA
IA,mapleton,Diocese of Sioux City,IA
IA,maquoketa,Archdiocese of Dubuque,IA
IA,marble rock,Archdiocese of Dubuque,IA
IA,marcus,Diocese of Sioux City,IA
IA,marengo,Diocese of Davenport,IA
IA,marion,Archdiocese of Dubuque,IA
IA,marquette,Archdiocese of Dubuque,IA
IA,marshalltown,Archdiocese of Dubuque,IA
IA,martensdale,Diocese of Des Moines,IA
IA,mason city,Archdiocese of Dubuque,IA
IA,massena,Diocese of Des Moines,IA
IA,maxwell,Archdiocese of Dubuque,IA
IA,maynard,Archdiocese of Dubuque,IA
IA,mccallsburg,Archdiocese of Dubuque,IA
IA,mccausland,Diocese of Davenport,IA
IA,mcgregor,Archdiocese of Dubuque,IA
IA,mechanicsville,Diocese of Davenport,IA
IA,mediapolis,Diocese of Davenport,IA
IA,melbourne,Archdiocese of Dubuque,IA
IA,melcherdallas,Diocese of Davenport,IA
IA,menlo,Diocese of Des Moines,IA
IA,merrill,Diocese of Sioux City,IA
IA,middle amana,Diocese of Davenport,IA
IA,middletown,Diocese of Davenport,IA
IA,miles,Archdiocese of Dubuque,IA
IA,milford,Diocese of Sioux City,IA
IA,milo,Diocese of Des Moines,IA
IA,milton,Diocese of Davenport,IA
IA,minburn,Diocese of Des Moines,IA
IA,minden,Diocese of Des Moines,IA
IA,mingo,Diocese of Davenport,IA
IA,missouri valley,Diocese of Des Moines,IA
IA,mitchellville,Diocese of Des Moines,IA
IA,mondamin,Diocese of Des Moines,IA
IA,monona,Archdiocese of Dubuque,IA
IA,monroe,Diocese of Davenport,IA
IA,montezuma,Diocese of Davenport,IA
IA,monticello,Archdiocese of Dubuque,IA
IA,montrose,Diocese of Davenport,IA
IA,moravia,Diocese of Davenport,IA
IA,morning sun,Diocese of Davenport,IA
IA,moulton,Diocese of Davenport,IA
IA,mount ayr,Diocese of Des Moines,IA
IA,mount pleasant,Diocese of Davenport,IA
IA,mount vernon,Archdiocese of Dubuque,IA
IA,moville,Diocese of Sioux City,IA
IA,murray,Diocese of Des Moines,IA
IA,muscatine,Diocese of Davenport,IA
IA,mystic,Diocese of Davenport,IA
IA,nashua,Archdiocese of Dubuque,IA
IA,neola,Diocese of Des Moines,IA
IA,nevada,Archdiocese of Dubuque,IA
IA,new albin,Archdiocese of Dubuque,IA
IA,new hampton,Archdiocese of Dubuque,IA
IA,new hartford,Archdiocese of Dubuque,IA
IA,new london,Diocese of Davenport,IA
IA,new market,Diocese of Des Moines,IA
IA,new sharon,Diocese of Davenport,IA
IA,new vienna,Archdiocese of Dubuque,IA
IA,new virginia,Diocese of Des Moines,IA
IA,newell,Diocese of Sioux City,IA
IA,newhall,Archdiocese of Dubuque,IA
IA,newton,Diocese of Davenport,IA
IA,nichols,Diocese of Davenport,IA
IA,nora springs,Archdiocese of Dubuque,IA
IA,north english,Diocese of Davenport,IA
IA,north liberty,Diocese of Davenport,IA
IA,northwood,Archdiocese of Dubuque,IA
IA,norwalk,Diocese of Des Moines,IA
IA,norway,Archdiocese of Dubuque,IA
IA,ocheyedan,Diocese of Sioux City,IA
IA,odebolt,Diocese of Sioux City,IA
IA,oelwein,Archdiocese of Dubuque,IA
IA,ogden,Diocese of Sioux City,IA
IA,okoboji,Diocese of Sioux City,IA
IA,olin,Archdiocese of Dubuque,IA
IA,onawa,Diocese of Sioux City,IA
IA,orange city,Diocese of Sioux City,IA
IA,orient,Diocese of Des Moines,IA
IA,orleans,Diocese of Sioux City,IA
IA,osage,Archdiocese of Dubuque,IA
IA,osceola,Diocese of Des Moines,IA
IA,oskaloosa,Diocese of Davenport,IA
IA,ossian,Archdiocese of Dubuque,IA
IA,otho,Diocese of Sioux City,IA
IA,ottumwa,Diocese of Davenport,IA
IA,oxford,Diocese of Davenport,IA
IA,oxford junction,Archdiocese of Dubuque,IA
IA,pacific junction,Diocese of Des Moines,IA
IA,palo,Archdiocese of Dubuque,IA
IA,panora,Diocese of Des Moines,IA
IA,park view,Diocese of Davenport,IA
IA,parkersburg,Archdiocese of Dubuque,IA
IA,paullina,Diocese of Sioux City,IA
IA,pella,Diocese of Davenport,IA
IA,peosta,Archdiocese of Dubuque,IA
IA,perry,Diocese of Des Moines,IA
IA,peterson,Diocese of Sioux City,IA
IA,pierson,Diocese of Sioux City,IA
IA,plainfield,Archdiocese of Dubuque,IA
IA,pleasant hill,Diocese of Des Moines,IA
IA,pleasantville,Diocese of Davenport,IA
IA,plymouth,Archdiocese of Dubuque,IA
IA,pocahontas,Diocese of Sioux City,IA
IA,polk city,Diocese of Des Moines,IA
IA,pomeroy,Diocese of Sioux City,IA
IA,postville,Archdiocese of Dubuque,IA
IA,prairie city,Diocese of Davenport,IA
IA,preston,Archdiocese of Dubuque,IA
IA,primghar,Diocese of Sioux City,IA
IA,princeton,Diocese of Davenport,IA
IA,quasqueton,Archdiocese of Dubuque,IA
IA,quimby,Diocese of Sioux City,IA
IA,radcliffe,Archdiocese of Dubuque,IA
IA,raymond,Archdiocese of Dubuque,IA
IA,readlyn,Archdiocese of Dubuque,IA
IA,red oak,Diocese of Des Moines,IA
IA,redfield,Diocese of Des Moines,IA
IA,reinbeck,Archdiocese of Dubuque,IA
IA,remsen,Diocese of Sioux City,IA
IA,rhodes,Archdiocese of Dubuque,IA
IA,riceville,Archdiocese of Dubuque,IA
IA,richland,Diocese of Davenport,IA
IA,ridgeway,Archdiocese of Dubuque,IA
IA,ringsted,Diocese of Sioux City,IA
IA,riverdale,Diocese of Davenport,IA
IA,riverside,Diocese of Davenport,IA
IA,robins,Archdiocese of Dubuque,IA
IA,rock rapids,Diocese of Sioux City,IA
IA,rock valley,Diocese of Sioux City,IA
IA,rockford,Archdiocese of Dubuque,IA
IA,rockwell,Archdiocese of Dubuque,IA
IA,rockwell city,Diocese of Sioux City,IA
IA,roland,Archdiocese of Dubuque,IA
IA,rolfe,Diocese of Sioux City,IA
IA,royal,Diocese of Sioux City,IA
IA,rudd,Archdiocese of Dubuque,IA
IA,runnells,Diocese of Des Moines,IA
IA,russell,Diocese of Des Moines,IA
IA,ruthven,Diocese of Sioux City,IA
IA,ryan,Archdiocese of Dubuque,IA
IA,sabula,Archdiocese of Dubuque,IA
IA,sac city,Diocese of Sioux City,IA
IA,salem,Diocese of Davenport,IA
IA,salix,Diocese of Sioux City,IA
IA,sanborn,Diocese of Sioux City,IA
IA,saylorville,Diocese of Des Moines,IA
IA,schaller,Diocese of Sioux City,IA
IA,schleswig,Diocese of Sioux City,IA
IA,scranton,Diocese of Sioux City,IA
IA,sergeant bluff,Diocese of Sioux City,IA
IA,seymour,Diocese of Des Moines,IA
IA,sheffield,Archdiocese of Dubuque,IA
IA,shelby,Diocese of Des Moines,IA
IA,sheldahl,Archdiocese of Dubuque,IA
IA,sheldon,Diocese of Sioux City,IA
IA,shell rock,Archdiocese of Dubuque,IA
IA,shellsburg,Archdiocese of Dubuque,IA
IA,shenandoah,Diocese of Des Moines,IA
IA,shueyville,Diocese of Davenport,IA
IA,sibley,Diocese of Sioux City,IA
IA,sidney,Diocese of Des Moines,IA
IA,sigourney,Diocese of Davenport,IA
IA,sioux center,Diocese of Sioux City,IA
IA,sioux city,Diocese of Sioux City,IA
IA,sioux rapids,Diocese of Sioux City,IA
IA,slater,Archdiocese of Dubuque,IA
IA,sloan,Diocese of Sioux City,IA
IA,solon,Diocese of Davenport,IA
IA,spencer,Diocese of Sioux City,IA
IA,spillville,Archdiocese of Dubuque,IA
IA,spirit lake,Diocese of Sioux City,IA
IA,springville,Archdiocese of Dubuque,IA
IA,st ansgar,Archdiocese of Dubuque,IA
IA,st charles,Diocese of Des Moines,IA
IA,stacyville,Archdiocese of Dubuque,IA
IA,stanhope,Archdiocese of Dubuque,IA
IA,stanton,Diocese of Des Moines,IA
IA,stanwood,Diocese of Davenport,IA
IA,state center,Archdiocese of Dubuque,IA
IA,steamboat rock,Archdiocese of Dubuque,IA
IA,storm lake,Diocese of Sioux City,IA
IA,story city,Archdiocese of Dubuque,IA
IA,stratford,Archdiocese of Dubuque,IA
IA,strawberry point,Archdiocese of Dubuque,IA
IA,stuart,Diocese of Des Moines,IA
IA,sully,Diocese of Davenport,IA
IA,sumner,Archdiocese of Dubuque,IA
IA,sutherland,Diocese of Sioux City,IA
IA,swea city,Diocese of Sioux City,IA
IA,swisher,Diocese of Davenport,IA
IA,tabor,Diocese of Des Moines,IA
IA,tama,Archdiocese of Dubuque,IA
IA,templeton,Diocese of Sioux City,IA
IA,terril,Diocese of Sioux City,IA
IA,thompson,Archdiocese of Dubuque,IA
IA,thornton,Archdiocese of Dubuque,IA
IA,tiffin,Diocese of Davenport,IA
IA,tipton,Diocese of Davenport,IA
IA,titonka,Diocese of Sioux City,IA
IA,toledo,Archdiocese of Dubuque,IA
IA,traer,Archdiocese of Dubuque,IA
IA,treynor,Diocese of Des Moines,IA
IA,tripoli,Archdiocese of Dubuque,IA
IA,truro,Diocese of Des Moines,IA
IA,twin lakes,Diocese of Sioux City,IA
IA,underwood,Diocese of Des Moines,IA
IA,union,Archdiocese of Dubuque,IA
IA,university heights,Diocese of Davenport,IA
IA,university park,Diocese of Davenport,IA
IA,urbana,Archdiocese of Dubuque,IA
IA,urbandale,Diocese of Des Moines,IA
IA,ute,Diocese of Sioux City,IA
IA,vail,Diocese of Sioux City,IA
IA,van horne,Archdiocese of Dubuque,IA
IA,van meter,Diocese of Des Moines,IA
IA,ventura,Archdiocese of Dubuque,IA
IA,victor,Diocese of Davenport,IA
IA,villisca,Diocese of Des Moines,IA
IA,vinton,Archdiocese of Dubuque,IA
IA,wahpeton,Diocese of Sioux City,IA
IA,walcott,Diocese of Davenport,IA
IA,walford,Archdiocese of Dubuque,IA
IA,walker,Archdiocese of Dubuque,IA
IA,wall lake,Diocese of Sioux City,IA
IA,walnut,Diocese of Des Moines,IA
IA,wapello,Diocese of Davenport,IA
IA,washburn,Archdiocese of Dubuque,IA
IA,washington,Diocese of Davenport,IA
IA,waterloo,Archdiocese of Dubuque,IA
IA,waukee,Diocese of Des Moines,IA
IA,waukon,Archdiocese of Dubuque,IA
IA,waverly,Archdiocese of Dubuque,IA
IA,wayland,Diocese of Davenport,IA
IA,webster city,Archdiocese of Dubuque,IA
IA,wellman,Diocese of Davenport,IA
IA,wellsburg,Archdiocese of Dubuque,IA
IA,wesley,Diocese of Sioux City,IA
IA,west bend,Diocese of Sioux City,IA
IA,west branch,Diocese of Davenport,IA
IA,west burlington,Diocese of Davenport,IA
IA,west des moines,Diocese of Des Moines,IA
IA,west liberty,Diocese of Davenport,IA
IA,west point,Diocese of Davenport,IA
IA,west union,Archdiocese of Dubuque,IA
IA,what cheer,Diocese of Davenport,IA
IA,wheatland,Diocese of Davenport,IA
IA,whiting,Diocese of Sioux City,IA
IA,whittemore,Diocese of Sioux City,IA
IA,williams,Archdiocese of Dubuque,IA
IA,williamsburg,Diocese of Davenport,IA
IA,wilton,Diocese of Davenport,IA
IA,windsor heights,Diocese of Des Moines,IA
IA,winfield,Diocese of Davenport,IA
IA,winterset,Diocese of Des Moines,IA
IA,winthrop,Archdiocese of Dubuque,IA
IA,woodbine,Diocese of Des Moines,IA
IA,woodward,Diocese of Des Moines,IA
IA,worthington,Archdiocese of Dubuque,IA
IA,wyoming,Archdiocese of Dubuque,IA
IA,zearing,Archdiocese of Dubuque,IA
ID,aberdeen,Diocese of Boise,ID
ID,american falls,Diocese of Boise,ID
ID,ammon,Diocese of Boise,ID
ID,arbon valley,Diocese of Boise,ID
ID,arco,Diocese of Boise,ID
ID,arimo,Diocese of Boise,ID
ID,athol,Diocese of Boise,ID
ID,bancroft,Diocese of Boise,ID
ID,basalt,Diocese of Boise,ID
ID,bellevue,Diocese of Boise,ID
ID,blackfoot,Diocese of Boise,ID
ID,bliss,Diocese of Boise,ID
ID,boise,Diocese of Boise,ID
ID,bonners ferry,Diocese of Boise,ID
ID,buhl,Diocese of Boise,ID
ID,burley,Diocese of Boise,ID
ID,caldwell,Diocese of Boise,ID
ID,cambridge,Diocese of Boise,ID
ID,carey,Diocese of Boise,ID
ID,cascade,Diocese of Boise,ID
ID,challis,Diocese of Boise,ID
ID,chubbuck,Diocese of Boise,ID
ID,clark fork,Diocese of Boise,ID
ID,coeur dalene,Diocese of Boise,ID
ID,conda,Diocese of Boise,ID
ID,cottonwood,Diocese of Boise,ID
ID,council,Diocese of Boise,ID
ID,craigmont,Diocese of Boise,ID
ID,culdesac,Diocese of Boise,ID
ID,dalton gardens,Diocese of Boise,ID
ID,dayton,Diocese of Boise,ID
ID,deary,Diocese of Boise,ID
ID,declo,Diocese of Boise,ID
ID,dietrich,Diocese of Boise,ID
ID,dover,Diocese of Boise,ID
ID,downey,Diocese of Boise,ID
ID,driggs,Diocese of Boise,ID
ID,dubois,Diocese of Boise,ID
ID,eagle,Diocese of Boise,ID
ID,eagle foothills,Diocese of Boise,ID
ID,eden,Diocese of Boise,ID
ID,emmett,Diocese of Boise,ID
ID,fairfield,Diocese of Boise,ID
ID,filer,Diocese of Boise,ID
ID,firth,Diocese of Boise,ID
ID,fort hall,Diocese of Boise,ID
ID,franklin,Diocese of Boise,ID
ID,fruitland,Diocese of Boise,ID
ID,garden city,Diocese of Boise,ID
ID,garden valley,Diocese of Boise,ID
ID,genesee,Diocese of Boise,ID
ID,georgetown,Diocese of Boise,ID
ID,glenns ferry,Diocese of Boise,ID
ID,gooding,Diocese of Boise,ID
ID,grace,Diocese of Boise,ID
ID,grand view,Diocese of Boise,ID
ID,grangeville,Diocese of Boise,ID
ID,greenleaf,Diocese of Boise,ID
ID,groveland,Diocese of Boise,ID
ID,hagerman,Diocese of Boise,ID
ID,hailey,Diocese of Boise,ID
ID,hansen,Diocese of Boise,ID
ID,hauser,Diocese of Boise,ID
ID,hayden,Diocese of Boise,ID
ID,hayden lake,Diocese of Boise,ID
ID,hazelton,Diocese of Boise,ID
ID,heyburn,Diocese of Boise,ID
ID,hidden spring,Diocese of Boise,ID
ID,homedale,Diocese of Boise,ID
ID,horseshoe bend,Diocese of Boise,ID
ID,idaho city,Diocese of Boise,ID
ID,idaho falls,Diocese of Boise,ID
ID,inkom,Diocese of Boise,ID
ID,iona,Diocese of Boise,ID
ID,jerome,Diocese of Boise,ID
ID,juliaetta,Diocese of Boise,ID
ID,kamiah,Diocese of Boise,ID
ID,kellogg,Diocese of Boise,ID
ID,ketchum,Diocese of Boise,ID
ID,kimberly,Diocese of Boise,ID
ID,kooskia,Diocese of Boise,ID
ID,kootenai,Diocese of Boise,ID
ID,kuna,Diocese of Boise,ID
ID,lapwai,Diocese of Boise,ID
ID,lava hot springs,Diocese of Boise,ID
ID,lewiston,Diocese of Boise,ID
ID,lewiston orchards,Diocese of Boise,ID
ID,lewisville,Diocese of Boise,ID
ID,lincoln,Diocese of Boise,ID
ID,mackay,Diocese of Boise,ID
ID,malad city,Diocese of Boise,ID
ID,marsing,Diocese of Boise,ID
ID,mccall,Diocese of Boise,ID
ID,mccammon,Diocese of Boise,ID
ID,melba,Diocese of Boise,ID
ID,menan,Diocese of Boise,ID
ID,meridian,Diocese of Boise,ID
ID,middleton,Diocese of Boise,ID
ID,montpelier,Diocese of Boise,ID
ID,moreland,Diocese of Boise,ID
ID,moscow,Diocese of Boise,ID
ID,mountain home,Diocese of Boise,ID
ID,moyie springs,Diocese of Boise,ID
ID,mud lake,Diocese of Boise,ID
ID,mullan,Diocese of Boise,ID
ID,nampa,Diocese of Boise,ID
ID,new meadows,Diocese of Boise,ID
ID,new plymouth,Diocese of Boise,ID
ID,nezperce,Diocese of Boise,ID
ID,notus,Diocese of Boise,ID
ID,oakley,Diocese of Boise,ID
ID,orofino,Diocese of Boise,ID
ID,osburn,Diocese of Boise,ID
ID,paris,Diocese of Boise,ID
ID,parma,Diocese of Boise,ID
ID,paul,Diocese of Boise,ID
ID,payette,Diocese of Boise,ID
ID,pierce,Diocese of Boise,ID
ID,pinehurst,Diocese of Boise,ID
ID,plummer,Diocese of Boise,ID
ID,pocatello,Diocese of Boise,ID
ID,ponderay,Diocese of Boise,ID
ID,post falls,Diocese of Boise,ID
ID,potlatch,Diocese of Boise,ID
ID,preston,Diocese of Boise,ID
ID,priest river,Diocese of Boise,ID
ID,rathdrum,Diocese of Boise,ID
ID,rexburg,Diocese of Boise,ID
ID,richfield,Diocese of Boise,ID
ID,rigby,Diocese of Boise,ID
ID,riggins,Diocese of Boise,ID
ID,ririe,Diocese of Boise,ID
ID,riverside,Diocese of Boise,ID
ID,roberts,Diocese of Boise,ID
ID,rupert,Diocese of Boise,ID
ID,salmon,Diocese of Boise,ID
ID,sandpoint,Diocese of Boise,ID
ID,santa,Diocese of Boise,ID
ID,shelley,Diocese of Boise,ID
ID,shoshone,Diocese of Boise,ID
ID,smelterville,Diocese of Boise,ID
ID,soda springs,Diocese of Boise,ID
ID,spirit lake,Diocese of Boise,ID
ID,st maries,Diocese of Boise,ID
ID,star,Diocese of Boise,ID
ID,sugar city,Diocese of Boise,ID
ID,sun valley,Diocese of Boise,ID
ID,troy,Diocese of Boise,ID
ID,twin falls,Diocese of Boise,ID
ID,tyhee,Diocese of Boise,ID
ID,ucon,Diocese of Boise,ID
ID,victor,Diocese of Boise,ID
ID,wallace,Diocese of Boise,ID
ID,weippe,Diocese of Boise,ID
ID,weiser,Diocese of Boise,ID
ID,wendell,Diocese of Boise,ID
ID,weston,Diocese of Boise,ID
ID,wilder,Diocese of Boise,ID
ID,winchester,Diocese of Boise,ID
IL,abingdon,Diocese of Peoria,IL
IL,addison,Diocese of Joliet,IL
IL,albany,Diocese of Rockford,IL
IL,albers,Diocese of Belleville,IL
IL,albion,Diocese of Belleville,IL
IL,aledo,Diocese of Peoria,IL
IL,alexis,Diocese of Peoria,IL
IL,algonquin,Diocese of Rockford,IL
IL,alhambra,Diocese of Springfield in Illinois,IL
IL,allendale,Diocese of Belleville,IL
IL,alma,Diocese of Belleville,IL
IL,alorton,Diocese of Belleville,IL
IL,alpha,Diocese of Peoria,IL
IL,alsip,Archdiocese of Chicago,IL
IL,altamont,Diocese of Springfield in Illinois,IL
IL,alto pass,Diocese of Belleville,IL
IL,alton,Diocese of Springfield in Illinois,IL
IL,altona,Diocese of Peoria,IL
IL,alvin,Diocese of Peoria,IL
IL,amboy,Diocese of Rockford,IL
IL,andalusia,Diocese of Peoria,IL
IL,andover,Diocese of Peoria,IL
IL,anna,Diocese of Belleville,IL
IL,annawan,Diocese of Peoria,IL
IL,antioch,Archdiocese of Chicago,IL
IL,apple canyon lake,Diocese of Rockford,IL
IL,apple river,Diocese of Rockford,IL
IL,arcola,Diocese of Springfield in Illinois,IL
IL,arenzville,Diocese of Springfield in Illinois,IL
IL,argenta,Diocese of Springfield in Illinois,IL
IL,arlington heights,Archdiocese of Chicago,IL
IL,armington,Diocese of Peoria,IL
IL,aroma park,Diocese of Joliet,IL
IL,arthur,Diocese of Springfield in Illinois,IL
IL,ashkum,Diocese of Joliet,IL
IL,ashland,Diocese of Springfield in Illinois,IL
IL,ashley,Diocese of Belleville,IL
IL,ashmore,Diocese of Springfield in Illinois,IL
IL,ashton,Diocese of Rockford,IL
IL,assumption,Diocese of Springfield in Illinois,IL
IL,astoria,Diocese of Peoria,IL
IL,athens,Diocese of Springfield in Illinois,IL
IL,atkinson,Diocese of Peoria,IL
IL,atlanta,Diocese of Peoria,IL
IL,atwood,Diocese of Springfield in Illinois,IL
IL,auburn,Diocese of Springfield in Illinois,IL
IL,augusta,Diocese of Peoria,IL
IL,aurora,Diocese of Rockford,IL
IL,ava,Diocese of Belleville,IL
IL,aviston,Diocese of Belleville,IL
IL,avon,Diocese of Peoria,IL
IL,baldwin,Diocese of Belleville,IL
IL,bannockburn,Archdiocese of Chicago,IL
IL,barrington,Archdiocese of Chicago,IL
IL,barrington hills,Archdiocese of Chicago,IL
IL,barry,Diocese of Springfield in Illinois,IL
IL,bartelso,Diocese of Belleville,IL
IL,bartlett,Archdiocese of Chicago,IL
IL,bartonville,Diocese of Peoria,IL
IL,batavia,Diocese of Rockford,IL
IL,bath,Diocese of Peoria,IL
IL,bay view garden,Diocese of Peoria,IL
IL,beach park,Archdiocese of Chicago,IL
IL,beardstown,Diocese of Springfield in Illinois,IL
IL,beaverville,Diocese of Joliet,IL
IL,beckemeyer,Diocese of Belleville,IL
IL,bedford park,Archdiocese of Chicago,IL
IL,beecher,Diocese of Joliet,IL
IL,beecher city,Diocese of Springfield in Illinois,IL
IL,belgium,Diocese of Peoria,IL
IL,belle rive,Diocese of Belleville,IL
IL,belleville,Diocese of Belleville,IL
IL,bellevue,Diocese of Peoria,IL
IL,bellflower,Diocese of Peoria,IL
IL,bellwood,Archdiocese of Chicago,IL
IL,belvidere,Diocese of Rockford,IL
IL,bement,Diocese of Peoria,IL
IL,benld,Diocese of Springfield in Illinois,IL
IL,bensenville,Diocese of Joliet,IL
IL,benson,Diocese of Peoria,IL
IL,benton,Diocese of Belleville,IL
IL,berkeley,Archdiocese of Chicago,IL
IL,berwyn,Archdiocese of Chicago,IL
IL,bethalto,Diocese of Springfield in Illinois,IL
IL,bethany,Diocese of Springfield in Illinois,IL
IL,big rock,Diocese of Rockford,IL
IL,bismarck,Diocese of Peoria,IL
IL,blandinsville,Diocese of Peoria,IL
IL,bloomingdale,Diocese of Joliet,IL
IL,bloomington,Diocese of Peoria,IL
IL,blue island,Archdiocese of Chicago,IL
IL,blue mound,Diocese of Springfield in Illinois,IL
IL,bluffs,Diocese of Springfield in Illinois,IL
IL,bluford,Diocese of Belleville,IL
IL,bolingbrook,Diocese of Joliet,IL
IL,bondville,Diocese of Peoria,IL
IL,bonfield,Diocese of Joliet,IL
IL,bonnie,Diocese of Belleville,IL
IL,boulder hill,Diocese of Joliet,IL
IL,bourbonnais,Diocese of Joliet,IL
IL,bowen,Diocese of Peoria,IL
IL,braceville,Diocese of Joliet,IL
IL,bradford,Diocese of Peoria,IL
IL,bradley,Diocese of Joliet,IL
IL,braidwood,Diocese of Joliet,IL
IL,breese,Diocese of Belleville,IL
IL,bridgeport,Diocese of Belleville,IL
IL,bridgeview,Archdiocese of Chicago,IL
IL,brighton,Diocese of Springfield in Illinois,IL
IL,brimfield,Diocese of Peoria,IL
IL,broadlands,Diocese of Peoria,IL
IL,broadview,Archdiocese of Chicago,IL
IL,brocton,Diocese of Springfield in Illinois,IL
IL,brookfield,Archdiocese of Chicago,IL
IL,brooklyn,Diocese of Belleville,IL
IL,brookport,Diocese of Belleville,IL
IL,brownstown,Diocese of Springfield in Illinois,IL
IL,buckley,Diocese of Joliet,IL
IL,buckner,Diocese of Belleville,IL
IL,buda,Diocese of Peoria,IL
IL,buffalo,Diocese of Springfield in Illinois,IL
IL,buffalo grove,Archdiocese of Chicago,IL
IL,bull valley,Diocese of Rockford,IL
IL,bunker hill,Diocese of Springfield in Illinois,IL
IL,burbank,Archdiocese of Chicago,IL
IL,bureau,Diocese of Peoria,IL
IL,burlington,Diocese of Rockford,IL
IL,burnham,Archdiocese of Chicago,IL
IL,burr ridge,Diocese of Joliet,IL
IL,bushnell,Diocese of Peoria,IL
IL,byron,Diocese of Rockford,IL
IL,cahokia,Diocese of Belleville,IL
IL,cairo,Diocese of Belleville,IL
IL,calumet city,Archdiocese of Chicago,IL
IL,calumet park,Archdiocese of Chicago,IL
IL,camargo,Diocese of Springfield in Illinois,IL
IL,cambria,Diocese of Belleville,IL
IL,cambridge,Diocese of Peoria,IL
IL,camp point,Diocese of Springfield in Illinois,IL
IL,campbell hill,Diocese of Belleville,IL
IL,canton,Diocese of Peoria,IL
IL,capron,Diocese of Rockford,IL
IL,carbon cliff,Diocese of Peoria,IL
IL,carbon hill,Diocese of Joliet,IL
IL,carbondale,Diocese of Belleville,IL
IL,carlinville,Diocese of Springfield in Illinois,IL
IL,carlock,Diocese of Peoria,IL
IL,carlyle,Diocese of Belleville,IL
IL,carmi,Diocese of Belleville,IL
IL,carol stream,Diocese of Joliet,IL
IL,carpentersville,Diocese of Rockford,IL
IL,carrier mills,Diocese of Belleville,IL
IL,carrollton,Diocese of Springfield in Illinois,IL
IL,carterville,Diocese of Belleville,IL
IL,cary,Diocese of Rockford,IL
IL,casey,Diocese of Springfield in Illinois,IL
IL,caseyville,Diocese of Belleville,IL
IL,catlin,Diocese of Peoria,IL
IL,caveinrock,Diocese of Belleville,IL
IL,cedarville,Diocese of Rockford,IL
IL,centralia,Diocese of Belleville,IL
IL,centreville,Diocese of Belleville,IL
IL,cerro gordo,Diocese of Peoria,IL
IL,chadwick,Diocese of Rockford,IL
IL,champaign,Diocese of Peoria,IL
IL,chandlerville,Diocese of Springfield in Illinois,IL
IL,channahon,Diocese of Joliet,IL
IL,channel lake,Archdiocese of Chicago,IL
IL,chapin,Diocese of Springfield in Illinois,IL
IL,charleston,Diocese of Springfield in Illinois,IL
IL,chatham,Diocese of Springfield in Illinois,IL
IL,chatsworth,Diocese of Peoria,IL
IL,chebanse,Diocese of Joliet,IL
IL,chemung,Diocese of Rockford,IL
IL,chenoa,Diocese of Peoria,IL
IL,cherry,Diocese of Peoria,IL
IL,cherry valley,Diocese of Rockford,IL
IL,chester,Diocese of Belleville,IL
IL,chicago,Archdiocese of Chicago,IL
IL,chicago heights,Archdiocese of Chicago,IL
IL,chicago ridge,Archdiocese of Chicago,IL
IL,chillicothe,Diocese of Peoria,IL
IL,chrisman,Diocese of Springfield in Illinois,IL
IL,christopher,Diocese of Belleville,IL
IL,cicero,Archdiocese of Chicago,IL
IL,cisne,Diocese of Belleville,IL
IL,cissna park,Diocese of Joliet,IL
IL,clarendon hills,Diocese of Joliet,IL
IL,clay city,Diocese of Belleville,IL
IL,clayton,Diocese of Springfield in Illinois,IL
IL,clifton,Diocese of Joliet,IL
IL,clinton,Diocese of Peoria,IL
IL,coal city,Diocese of Joliet,IL
IL,coal valley,Diocese of Peoria,IL
IL,cobden,Diocese of Belleville,IL
IL,coello,Diocese of Belleville,IL
IL,coffeen,Diocese of Springfield in Illinois,IL
IL,colchester,Diocese of Peoria,IL
IL,colfax,Diocese of Peoria,IL
IL,collinsville,Diocese of Springfield in Illinois,IL
IL,colona,Diocese of Peoria,IL
IL,columbia,Diocese of Belleville,IL
IL,como,Diocese of Rockford,IL
IL,congerville,Diocese of Peoria,IL
IL,cordova,Diocese of Peoria,IL
IL,cornell,Diocese of Peoria,IL
IL,cortland,Diocese of Rockford,IL
IL,coulterville,Diocese of Belleville,IL
IL,country club hills,Archdiocese of Chicago,IL
IL,countryside,Archdiocese of Chicago,IL
IL,cowden,Diocese of Springfield in Illinois,IL
IL,coyne center,Diocese of Peoria,IL
IL,crab orchard,Diocese of Belleville,IL
IL,crainville,Diocese of Belleville,IL
IL,creal springs,Diocese of Belleville,IL
IL,crescent city,Diocese of Joliet,IL
IL,crest hill,Diocese of Joliet,IL
IL,creston,Diocese of Rockford,IL
IL,crestwood,Archdiocese of Chicago,IL
IL,crete,Diocese of Joliet,IL
IL,creve coeur,Diocese of Peoria,IL
IL,crossville,Diocese of Belleville,IL
IL,crystal lake,Diocese of Rockford,IL
IL,crystal lawns,Diocese of Joliet,IL
IL,cullom,Diocese of Peoria,IL
IL,cutler,Diocese of Belleville,IL
IL,dahlgren,Diocese of Belleville,IL
IL,dakota,Diocese of Rockford,IL
IL,dallas city,Diocese of Peoria,IL
IL,dalton city,Diocese of Springfield in Illinois,IL
IL,dalzell,Diocese of Peoria,IL
IL,damiansville,Diocese of Belleville,IL
IL,danforth,Diocese of Joliet,IL
IL,danvers,Diocese of Peoria,IL
IL,danville,Diocese of Peoria,IL
IL,darien,Diocese of Joliet,IL
IL,davis,Diocese of Rockford,IL
IL,davis junction,Diocese of Rockford,IL
IL,dawson,Diocese of Springfield in Illinois,IL
IL,dayton,Diocese of Peoria,IL
IL,de land,Diocese of Peoria,IL
IL,de soto,Diocese of Belleville,IL
IL,decatur,Diocese of Springfield in Illinois,IL
IL,deer creek,Diocese of Peoria,IL
IL,deerfield,Archdiocese of Chicago,IL
IL,dekalb,Diocese of Rockford,IL
IL,delavan,Diocese of Peoria,IL
IL,depue,Diocese of Peoria,IL
IL,des plaines,Archdiocese of Chicago,IL
IL,diamond,Diocese of Joliet,IL
IL,dieterich,Diocese of Springfield in Illinois,IL
IL,divernon,Diocese of Springfield in Illinois,IL
IL,dix,Diocese of Belleville,IL
IL,dixmoor,Archdiocese of Chicago,IL
IL,dixon,Diocese of Rockford,IL
IL,dolton,Archdiocese of Chicago,IL
IL,dongola,Diocese of Belleville,IL
IL,dowell,Diocese of Belleville,IL
IL,downers grove,Diocese of Joliet,IL
IL,downs,Diocese of Peoria,IL
IL,du quoin,Diocese of Belleville,IL
IL,dunlap,Diocese of Peoria,IL
IL,dupo,Diocese of Belleville,IL
IL,durand,Diocese of Rockford,IL
IL,dwight,Diocese of Peoria,IL
IL,earlville,Diocese of Peoria,IL
IL,east alton,Diocese of Springfield in Illinois,IL
IL,east cape girardeau,Diocese of Belleville,IL
IL,east carondelet,Diocese of Belleville,IL
IL,east dubuque,Diocese of Rockford,IL
IL,east dundee,Diocese of Rockford,IL
IL,east galesburg,Diocese of Peoria,IL
IL,east hazel crest,Archdiocese of Chicago,IL
IL,east moline,Diocese of Peoria,IL
IL,east peoria,Diocese of Peoria,IL
IL,east st louis,Diocese of Belleville,IL
IL,easton,Diocese of Peoria,IL
IL,edinburg,Diocese of Springfield in Illinois,IL
IL,edwardsville,Diocese of Springfield in Illinois,IL
IL,effingham,Diocese of Springfield in Illinois,IL
IL,el paso,Diocese of Peoria,IL
IL,elburn,Diocese of Rockford,IL
IL,eldorado,Diocese of Belleville,IL
IL,elgin,Diocese of Rockford,IL
IL,elizabeth,Diocese of Rockford,IL
IL,elk grove village,Archdiocese of Chicago,IL
IL,elkhart,Diocese of Peoria,IL
IL,elkville,Diocese of Belleville,IL
IL,ellis grove,Diocese of Belleville,IL
IL,elmhurst,Diocese of Joliet,IL
IL,elmwood,Diocese of Peoria,IL
IL,elmwood park,Archdiocese of Chicago,IL
IL,elsah,Diocese of Springfield in Illinois,IL
IL,elwood,Diocese of Joliet,IL
IL,emden,Diocese of Peoria,IL
IL,energy,Diocese of Belleville,IL
IL,enfield,Diocese of Belleville,IL
IL,equality,Diocese of Belleville,IL
IL,erie,Diocese of Rockford,IL
IL,essex,Diocese of Joliet,IL
IL,eureka,Diocese of Peoria,IL
IL,evanston,Archdiocese of Chicago,IL
IL,evansville,Diocese of Belleville,IL
IL,evergreen park,Archdiocese of Chicago,IL
IL,ewing,Diocese of Belleville,IL
IL,fairbury,Diocese of Peoria,IL
IL,fairmont,Diocese of Joliet,IL
IL,fairmont city,Diocese of Belleville,IL
IL,fairmount,Diocese of Peoria,IL
IL,fairview,Diocese of Peoria,IL
IL,fairview heights,Diocese of Belleville,IL
IL,farina,Diocese of Springfield in Illinois,IL
IL,farmer city,Diocese of Peoria,IL
IL,farmersville,Diocese of Springfield in Illinois,IL
IL,fayetteville,Diocese of Belleville,IL
IL,fillmore,Diocese of Springfield in Illinois,IL
IL,findlay,Diocese of Springfield in Illinois,IL
IL,fisher,Diocese of Peoria,IL
IL,fithian,Diocese of Peoria,IL
IL,flanagan,Diocese of Peoria,IL
IL,flat rock,Diocese of Springfield in Illinois,IL
IL,flora,Diocese of Belleville,IL
IL,flossmoor,Archdiocese of Chicago,IL
IL,ford heights,Archdiocese of Chicago,IL
IL,forest lake,Archdiocese of Chicago,IL
IL,forest park,Archdiocese of Chicago,IL
IL,forest view,Archdiocese of Chicago,IL
IL,forrest,Diocese of Peoria,IL
IL,forreston,Diocese of Rockford,IL
IL,forsyth,Diocese of Springfield in Illinois,IL
IL,fox lake,Archdiocese of Chicago,IL
IL,fox lake hills,Archdiocese of Chicago,IL
IL,fox river grove,Diocese of Rockford,IL
IL,frankfort,Diocese of Joliet,IL
IL,frankfort square,Diocese of Joliet,IL
IL,franklin,Diocese of Springfield in Illinois,IL
IL,franklin grove,Diocese of Rockford,IL
IL,franklin park,Archdiocese of Chicago,IL
IL,freeburg,Diocese of Belleville,IL
IL,freeport,Diocese of Rockford,IL
IL,fulton,Diocese of Rockford,IL
IL,gages lake,Archdiocese of Chicago,IL
IL,galatia,Diocese of Belleville,IL
IL,galena,Diocese of Rockford,IL
IL,galesburg,Diocese of Peoria,IL
IL,galva,Diocese of Peoria,IL
IL,garden prairie,Diocese of Rockford,IL
IL,gardner,Diocese of Joliet,IL
IL,geff,Diocese of Belleville,IL
IL,geneseo,Diocese of Peoria,IL
IL,geneva,Diocese of Rockford,IL
IL,genoa,Diocese of Rockford,IL
IL,german valley,Diocese of Rockford,IL
IL,germantown,Diocese of Belleville,IL
IL,germantown hills,Diocese of Peoria,IL
IL,gibson city,Diocese of Joliet,IL
IL,gifford,Diocese of Peoria,IL
IL,gilberts,Diocese of Rockford,IL
IL,gillespie,Diocese of Springfield in Illinois,IL
IL,gilman,Diocese of Joliet,IL
IL,girard,Diocese of Springfield in Illinois,IL
IL,glasford,Diocese of Peoria,IL
IL,glen carbon,Diocese of Springfield in Illinois,IL
IL,glen ellyn,Diocese of Joliet,IL
IL,glencoe,Archdiocese of Chicago,IL
IL,glendale heights,Diocese of Joliet,IL
IL,glenview,Archdiocese of Chicago,IL
IL,glenwood,Archdiocese of Chicago,IL
IL,godfrey,Diocese of Springfield in Illinois,IL
IL,godley,Diocese of Joliet,IL
IL,golconda,Diocese of Belleville,IL
IL,golden,Diocese of Springfield in Illinois,IL
IL,golf,Archdiocese of Chicago,IL
IL,good hope,Diocese of Peoria,IL
IL,goodfield,Diocese of Peoria,IL
IL,goodings grove,Diocese of Joliet,IL
IL,goofy ridge,Diocese of Peoria,IL
IL,goreville,Diocese of Belleville,IL
IL,grafton,Diocese of Springfield in Illinois,IL
IL,grand detour,Diocese of Rockford,IL
IL,grand ridge,Diocese of Peoria,IL
IL,grand tower,Diocese of Belleville,IL
IL,grandview,Diocese of Springfield in Illinois,IL
IL,grandwood park,Archdiocese of Chicago,IL
IL,granite city,Diocese of Springfield in Illinois,IL
IL,grant park,Diocese of Joliet,IL
IL,grantfork,Diocese of Springfield in Illinois,IL
IL,granville,Diocese of Peoria,IL
IL,grayslake,Archdiocese of Chicago,IL
IL,grayville,Diocese of Belleville,IL
IL,green oaks,Archdiocese of Chicago,IL
IL,green rock,Diocese of Peoria,IL
IL,green valley,Diocese of Peoria,IL
IL,greenfield,Diocese of Springfield in Illinois,IL
IL,greenup,Diocese of Springfield in Illinois,IL
IL,greenview,Diocese of Springfield in Illinois,IL
IL,greenville,Diocese of Springfield in Illinois,IL
IL,gridley,Diocese of Peoria,IL
IL,griggsville,Diocese of Springfield in Illinois,IL
IL,gurnee,Archdiocese of Chicago,IL
IL,hainesville,Archdiocese of Chicago,IL
IL,hamel,Diocese of Springfield in Illinois,IL
IL,hamilton,Diocese of Peoria,IL
IL,hammond,Diocese of Peoria,IL
IL,hampshire,Diocese of Rockford,IL
IL,hampton,Diocese of Peoria,IL
IL,hanna city,Diocese of Peoria,IL
IL,hanover,Diocese of Rockford,IL
IL,hanover park,Archdiocese of Chicago,IL
IL,hardin,Diocese of Springfield in Illinois,IL
IL,harrisburg,Diocese of Belleville,IL
IL,harristown,Diocese of Springfield in Illinois,IL
IL,hartford,Diocese of Springfield in Illinois,IL
IL,hartsburg,Diocese of Peoria,IL
IL,harvard,Diocese of Rockford,IL
IL,harvey,Archdiocese of Chicago,IL
IL,harwood heights,Archdiocese of Chicago,IL
IL,havana,Diocese of Peoria,IL
IL,hawthorn woods,Archdiocese of Chicago,IL
IL,hazel crest,Archdiocese of Chicago,IL
IL,hebron,Diocese of Rockford,IL
IL,hecker,Diocese of Belleville,IL
IL,henderson,Diocese of Springfield in Illinois,IL
IL,hennepin,Diocese of Peoria,IL
IL,henry,Diocese of Peoria,IL
IL,heritage lake,Diocese of Peoria,IL
IL,herrick,Diocese of Springfield in Illinois,IL
IL,herrin,Diocese of Belleville,IL
IL,herscher,Diocese of Joliet,IL
IL,heyworth,Diocese of Peoria,IL
IL,hickory hills,Archdiocese of Chicago,IL
IL,highland,Diocese of Springfield in Illinois,IL
IL,highland park,Archdiocese of Chicago,IL
IL,highwood,Archdiocese of Chicago,IL
IL,hillcrest,Diocese of Rockford,IL
IL,hillsboro,Diocese of Springfield in Illinois,IL
IL,hillsdale,Diocese of Peoria,IL
IL,hillside,Archdiocese of Chicago,IL
IL,hinckley,Diocese of Rockford,IL
IL,hindsboro,Diocese of Springfield in Illinois,IL
IL,hinsdale,Diocese of Joliet,IL
IL,hodgkins,Archdiocese of Chicago,IL
IL,hoffman,Diocese of Belleville,IL
IL,hoffman estates,Archdiocese of Chicago,IL
IL,holiday hills,Diocese of Rockford,IL
IL,holiday shores,Diocese of Springfield in Illinois,IL
IL,homer,Diocese of Peoria,IL
IL,homer glen,Diocese of Joliet,IL
IL,hometown,Archdiocese of Chicago,IL
IL,homewood,Archdiocese of Chicago,IL
IL,hoopeston,Diocese of Peoria,IL
IL,hopedale,Diocese of Peoria,IL
IL,hopewell,Diocese of Peoria,IL
IL,hopkins park,Diocese of Joliet,IL
IL,hoyleton,Diocese of Belleville,IL
IL,hudson,Diocese of Peoria,IL
IL,hull,Diocese of Springfield in Illinois,IL
IL,humboldt,Diocese of Springfield in Illinois,IL
IL,hume,Diocese of Springfield in Illinois,IL
IL,huntley,Diocese of Rockford,IL
IL,hurst,Diocese of Belleville,IL
IL,hutsonville,Diocese of Springfield in Illinois,IL
IL,illiopolis,Diocese of Springfield in Illinois,IL
IL,ina,Diocese of Belleville,IL
IL,indian creek,Archdiocese of Chicago,IL
IL,indian head park,Archdiocese of Chicago,IL
IL,industry,Diocese of Peoria,IL
IL,ingalls park,Diocese of Joliet,IL
IL,inverness,Archdiocese of Chicago,IL
IL,ipava,Diocese of Peoria,IL
IL,irving,Diocese of Springfield in Illinois,IL
IL,irvington,Diocese of Belleville,IL
IL,island lake,Archdiocese of Chicago,IL
IL,itasca,Diocese of Joliet,IL
IL,iuka,Diocese of Belleville,IL
IL,jacksonville,Diocese of Springfield in Illinois,IL
IL,jerome,Diocese of Springfield in Illinois,IL
IL,jerseyville,Diocese of Springfield in Illinois,IL
IL,johnsburg,Diocese of Rockford,IL
IL,johnston city,Diocese of Belleville,IL
IL,joliet,Diocese of Joliet,IL
IL,jonesboro,Diocese of Belleville,IL
IL,joppa,Diocese of Belleville,IL
IL,joy,Diocese of Peoria,IL
IL,junction city,Diocese of Belleville,IL
IL,justice,Archdiocese of Chicago,IL
IL,kampsville,Diocese of Springfield in Illinois,IL
IL,kane,Diocese of Springfield in Illinois,IL
IL,kaneville,Diocese of Rockford,IL
IL,kankakee,Diocese of Joliet,IL
IL,kansas,Diocese of Springfield in Illinois,IL
IL,karnak,Diocese of Belleville,IL
IL,keithsburg,Diocese of Peoria,IL
IL,kenilworth,Archdiocese of Chicago,IL
IL,kenney,Diocese of Peoria,IL
IL,kewanee,Diocese of Peoria,IL
IL,keyesport,Diocese of Springfield in Illinois,IL
IL,kildeer,Archdiocese of Chicago,IL
IL,kincaid,Diocese of Springfield in Illinois,IL
IL,kingston,Diocese of Rockford,IL
IL,kingston mines,Diocese of Peoria,IL
IL,kinmundy,Diocese of Belleville,IL
IL,kirkland,Diocese of Rockford,IL
IL,kirkwood,Diocese of Peoria,IL
IL,knollwood,Archdiocese of Chicago,IL
IL,knoxville,Diocese of Peoria,IL
IL,la grange,Archdiocese of Chicago,IL
IL,la grange park,Archdiocese of Chicago,IL
IL,la harpe,Diocese of Peoria,IL
IL,la moille,Diocese of Peoria,IL
IL,la salle,Diocese of Peoria,IL
IL,lacon,Diocese of Peoria,IL
IL,ladd,Diocese of Peoria,IL
IL,lake barrington,Archdiocese of Chicago,IL
IL,lake bluff,Archdiocese of Chicago,IL
IL,lake camelot,Diocese of Peoria,IL
IL,lake catherine,Archdiocese of Chicago,IL
IL,lake forest,Archdiocese of Chicago,IL
IL,lake holiday,Diocese of Peoria,IL
IL,lake in the hills,Diocese of Rockford,IL
IL,lake of the woods,Diocese of Peoria,IL
IL,lake petersburg,Diocese of Springfield in Illinois,IL
IL,lake summerset,Diocese of Rockford,IL
IL,lake villa,Archdiocese of Chicago,IL
IL,lake zurich,Archdiocese of Chicago,IL
IL,lakemoor,Diocese of Rockford,IL
IL,lakewood,Diocese of Rockford,IL
IL,lakewood shores,Diocese of Joliet,IL
IL,lanark,Diocese of Rockford,IL
IL,langleyville,Diocese of Springfield in Illinois,IL
IL,lansing,Archdiocese of Chicago,IL
IL,latham,Diocese of Peoria,IL
IL,lawrenceville,Diocese of Belleville,IL
IL,le roy,Diocese of Peoria,IL
IL,leaf river,Diocese of Rockford,IL
IL,lebanon,Diocese of Belleville,IL
IL,lee,Diocese of Rockford,IL
IL,leland,Diocese of Peoria,IL
IL,leland grove,Diocese of Springfield in Illinois,IL
IL,lemont,Archdiocese of Chicago,IL
IL,lena,Diocese of Rockford,IL
IL,lenzburg,Diocese of Belleville,IL
IL,lewistown,Diocese of Peoria,IL
IL,lexington,Diocese of Peoria,IL
IL,liberty,Diocese of Springfield in Illinois,IL
IL,libertyville,Archdiocese of Chicago,IL
IL,lily lake,Diocese of Rockford,IL
IL,limestone,Diocese of Joliet,IL
IL,lincoln,Diocese of Peoria,IL
IL,lincolnshire,Archdiocese of Chicago,IL
IL,lincolnwood,Archdiocese of Chicago,IL
IL,lindenhurst,Archdiocese of Chicago,IL
IL,lisle,Diocese of Joliet,IL
IL,litchfield,Diocese of Springfield in Illinois,IL
IL,little york,Diocese of Peoria,IL
IL,livingston,Diocese of Springfield in Illinois,IL
IL,loami,Diocese of Springfield in Illinois,IL
IL,lockport,Diocese of Joliet,IL
IL,loda,Diocese of Joliet,IL
IL,logan,Diocese of Belleville,IL
IL,lomax,Diocese of Peoria,IL
IL,lombard,Diocese of Joliet,IL
IL,london mills,Diocese of Peoria,IL
IL,long creek,Diocese of Springfield in Illinois,IL
IL,long grove,Archdiocese of Chicago,IL
IL,long lake,Archdiocese of Chicago,IL
IL,loraine,Diocese of Springfield in Illinois,IL
IL,lost nation,Diocese of Rockford,IL
IL,lostant,Diocese of Peoria,IL
IL,louisville,Diocese of Belleville,IL
IL,loves park,Diocese of Rockford,IL
IL,lovington,Diocese of Springfield in Illinois,IL
IL,ludlow,Diocese of Peoria,IL
IL,lyndon,Diocese of Rockford,IL
IL,lyons,Archdiocese of Chicago,IL
IL,machesney park,Diocese of Rockford,IL
IL,mackinaw,Diocese of Peoria,IL
IL,macomb,Diocese of Peoria,IL
IL,macon,Diocese of Springfield in Illinois,IL
IL,madison,Diocese of Springfield in Illinois,IL
IL,mahomet,Diocese of Peoria,IL
IL,makanda,Diocese of Belleville,IL
IL,malden,Diocese of Peoria,IL
IL,malta,Diocese of Rockford,IL
IL,manhattan,Diocese of Joliet,IL
IL,manito,Diocese of Peoria,IL
IL,manlius,Diocese of Peoria,IL
IL,mansfield,Diocese of Peoria,IL
IL,manteno,Diocese of Joliet,IL
IL,maple park,Diocese of Rockford,IL
IL,marengo,Diocese of Rockford,IL
IL,marine,Diocese of Springfield in Illinois,IL
IL,marion,Diocese of Belleville,IL
IL,marissa,Diocese of Belleville,IL
IL,mark,Diocese of Peoria,IL
IL,markham,Archdiocese of Chicago,IL
IL,maroa,Diocese of Springfield in Illinois,IL
IL,marquette heights,Diocese of Peoria,IL
IL,marseilles,Diocese of Peoria,IL
IL,marshall,Diocese of Springfield in Illinois,IL
IL,martinsville,Diocese of Springfield in Illinois,IL
IL,martinton,Diocese of Joliet,IL
IL,maryville,Diocese of Springfield in Illinois,IL
IL,mascoutah,Diocese of Belleville,IL
IL,mason,Diocese of Springfield in Illinois,IL
IL,mason city,Diocese of Peoria,IL
IL,matherville,Diocese of Peoria,IL
IL,matteson,Archdiocese of Chicago,IL
IL,mattoon,Diocese of Springfield in Illinois,IL
IL,maywood,Archdiocese of Chicago,IL
IL,mazon,Diocese of Joliet,IL
IL,mccullom lake,Diocese of Rockford,IL
IL,mchenry,Diocese of Rockford,IL
IL,mclean,Diocese of Peoria,IL
IL,mcleansboro,Diocese of Belleville,IL
IL,mechanicsburg,Diocese of Springfield in Illinois,IL
IL,medinah,Diocese of Joliet,IL
IL,medora,Diocese of Springfield in Illinois,IL
IL,melrose park,Archdiocese of Chicago,IL
IL,melvin,Diocese of Joliet,IL
IL,mendon,Diocese of Springfield in Illinois,IL
IL,mendota,Diocese of Peoria,IL
IL,meredosia,Diocese of Springfield in Illinois,IL
IL,merrionette park,Archdiocese of Chicago,IL
IL,metamora,Diocese of Peoria,IL
IL,metropolis,Diocese of Belleville,IL
IL,mettawa,Archdiocese of Chicago,IL
IL,middletown,Diocese of Peoria,IL
IL,midlothian,Archdiocese of Chicago,IL
IL,milan,Diocese of Peoria,IL
IL,milford,Diocese of Joliet,IL
IL,millbrook,Diocese of Joliet,IL
IL,milledgeville,Diocese of Rockford,IL
IL,millington,Diocese of Joliet,IL
IL,millstadt,Diocese of Belleville,IL
IL,minier,Diocese of Peoria,IL
IL,minonk,Diocese of Peoria,IL
IL,minooka,Diocese of Joliet,IL
IL,mitchell,Diocese of Springfield in Illinois,IL
IL,mokena,Diocese of Joliet,IL
IL,moline,Diocese of Peoria,IL
IL,momence,Diocese of Joliet,IL
IL,monee,Diocese of Joliet,IL
IL,monmouth,Diocese of Peoria,IL
IL,monroe center,Diocese of Rockford,IL
IL,montgomery,Diocese of Rockford,IL
IL,monticello,Diocese of Peoria,IL
IL,morris,Diocese of Joliet,IL
IL,morrison,Diocese of Rockford,IL
IL,morrisonville,Diocese of Springfield in Illinois,IL
IL,morton,Diocese of Peoria,IL
IL,morton grove,Archdiocese of Chicago,IL
IL,mound city,Diocese of Belleville,IL
IL,mounds,Diocese of Belleville,IL
IL,mount auburn,Diocese of Springfield in Illinois,IL
IL,mount carmel,Diocese of Belleville,IL
IL,mount carroll,Diocese of Rockford,IL
IL,mount morris,Diocese of Rockford,IL
IL,mount olive,Diocese of Springfield in Illinois,IL
IL,mount prospect,Archdiocese of Chicago,IL
IL,mount pulaski,Diocese of Peoria,IL
IL,mount sterling,Diocese of Springfield in Illinois,IL
IL,mount vernon,Diocese of Belleville,IL
IL,mount zion,Diocese of Springfield in Illinois,IL
IL,moweaqua,Diocese of Springfield in Illinois,IL
IL,mulberry grove,Diocese of Springfield in Illinois,IL
IL,mundelein,Archdiocese of Chicago,IL
IL,murphysboro,Diocese of Belleville,IL
IL,murrayville,Diocese of Springfield in Illinois,IL
IL,naperville,Diocese of Joliet,IL
IL,naplate,Diocese of Peoria,IL
IL,nashville,Diocese of Belleville,IL
IL,nauvoo,Diocese of Peoria,IL
IL,nebo,Diocese of Springfield in Illinois,IL
IL,neoga,Diocese of Springfield in Illinois,IL
IL,neponset,Diocese of Peoria,IL
IL,new athens,Diocese of Belleville,IL
IL,new baden,Diocese of Belleville,IL
IL,new berlin,Diocese of Springfield in Illinois,IL
IL,new boston,Diocese of Peoria,IL
IL,new canton,Diocese of Springfield in Illinois,IL
IL,new douglas,Diocese of Springfield in Illinois,IL
IL,new haven,Diocese of Belleville,IL
IL,new lenox,Diocese of Joliet,IL
IL,new milford,Diocese of Rockford,IL
IL,new windsor,Diocese of Peoria,IL
IL,newark,Diocese of Joliet,IL
IL,newman,Diocese of Springfield in Illinois,IL
IL,newton,Diocese of Springfield in Illinois,IL
IL,niantic,Diocese of Springfield in Illinois,IL
IL,niles,Archdiocese of Chicago,IL
IL,noble,Diocese of Belleville,IL
IL,nokomis,Diocese of Springfield in Illinois,IL
IL,normal,Diocese of Peoria,IL
IL,norridge,Archdiocese of Chicago,IL
IL,norris city,Diocese of Belleville,IL
IL,north aurora,Diocese of Rockford,IL
IL,north barrington,Archdiocese of Chicago,IL
IL,north chicago,Archdiocese of Chicago,IL
IL,north pekin,Diocese of Peoria,IL
IL,north peoria,Diocese of Peoria,IL
IL,north riverside,Archdiocese of Chicago,IL
IL,northbrook,Archdiocese of Chicago,IL
IL,northfield,Archdiocese of Chicago,IL
IL,northlake,Archdiocese of Chicago,IL
IL,norwood,Diocese of Peoria,IL
IL,oak brook,Diocese of Joliet,IL
IL,oak forest,Archdiocese of Chicago,IL
IL,oak grove,Diocese of Peoria,IL
IL,oak lawn,Archdiocese of Chicago,IL
IL,oak park,Archdiocese of Chicago,IL
IL,oak run,Diocese of Peoria,IL
IL,oakbrook terrace,Diocese of Joliet,IL
IL,oakland,Diocese of Springfield in Illinois,IL
IL,oakwood,Diocese of Peoria,IL
IL,oakwood hills,Diocese of Rockford,IL
IL,oblong,Diocese of Springfield in Illinois,IL
IL,odell,Diocese of Peoria,IL
IL,odin,Diocese of Belleville,IL
IL,ofallon,Diocese of Belleville,IL
IL,ogden,Diocese of Peoria,IL
IL,oglesby,Diocese of Peoria,IL
IL,ohio,Diocese of Peoria,IL
IL,okawville,Diocese of Belleville,IL
IL,olive branch,Diocese of Belleville,IL
IL,olivet,Diocese of Peoria,IL
IL,olmsted,Diocese of Belleville,IL
IL,olney,Diocese of Belleville,IL
IL,olympia fields,Archdiocese of Chicago,IL
IL,onarga,Diocese of Joliet,IL
IL,oneida,Diocese of Peoria,IL
IL,oquawka,Diocese of Peoria,IL
IL,orangeville,Diocese of Rockford,IL
IL,oreana,Diocese of Springfield in Illinois,IL
IL,oregon,Diocese of Rockford,IL
IL,orient,Diocese of Belleville,IL
IL,orion,Diocese of Peoria,IL
IL,orland hills,Archdiocese of Chicago,IL
IL,orland park,Archdiocese of Chicago,IL
IL,oswego,Diocese of Joliet,IL
IL,ottawa,Diocese of Peoria,IL
IL,palatine,Archdiocese of Chicago,IL
IL,palestine,Diocese of Springfield in Illinois,IL
IL,palos heights,Archdiocese of Chicago,IL
IL,palos hills,Archdiocese of Chicago,IL
IL,palos park,Archdiocese of Chicago,IL
IL,pana,Diocese of Springfield in Illinois,IL
IL,panama,Diocese of Springfield in Illinois,IL
IL,paris,Diocese of Springfield in Illinois,IL
IL,park city,Archdiocese of Chicago,IL
IL,park forest,Archdiocese of Chicago,IL
IL,park ridge,Archdiocese of Chicago,IL
IL,patoka,Diocese of Belleville,IL
IL,paw paw,Diocese of Rockford,IL
IL,pawnee,Diocese of Springfield in Illinois,IL
IL,paxton,Diocese of Joliet,IL
IL,payson,Diocese of Springfield in Illinois,IL
IL,pearl city,Diocese of Rockford,IL
IL,pecatonica,Diocese of Rockford,IL
IL,pekin,Diocese of Peoria,IL
IL,peoria,Diocese of Peoria,IL
IL,peoria heights,Diocese of Peoria,IL
IL,peotone,Diocese of Joliet,IL
IL,percy,Diocese of Belleville,IL
IL,perry,Diocese of Springfield in Illinois,IL
IL,peru,Diocese of Peoria,IL
IL,pesotum,Diocese of Peoria,IL
IL,petersburg,Diocese of Springfield in Illinois,IL
IL,philo,Diocese of Peoria,IL
IL,phoenix,Archdiocese of Chicago,IL
IL,pierron,Diocese of Springfield in Illinois,IL
IL,pinckneyville,Diocese of Belleville,IL
IL,pingree grove,Diocese of Rockford,IL
IL,piper city,Diocese of Joliet,IL
IL,pistakee highlands,Diocese of Rockford,IL
IL,pittsburg,Diocese of Belleville,IL
IL,pittsfield,Diocese of Springfield in Illinois,IL
IL,plainfield,Diocese of Joliet,IL
IL,plano,Diocese of Joliet,IL
IL,pleasant plains,Diocese of Springfield in Illinois,IL
IL,plymouth,Diocese of Peoria,IL
IL,pocahontas,Diocese of Springfield in Illinois,IL
IL,polo,Diocese of Rockford,IL
IL,pontiac,Diocese of Peoria,IL
IL,pontoon beach,Diocese of Springfield in Illinois,IL
IL,poplar grove,Diocese of Rockford,IL
IL,port barrington,Diocese of Rockford,IL
IL,port byron,Diocese of Peoria,IL
IL,posen,Archdiocese of Chicago,IL
IL,potomac,Diocese of Peoria,IL
IL,prairie city,Diocese of Peoria,IL
IL,prairie du rocher,Diocese of Belleville,IL
IL,prairie grove,Diocese of Rockford,IL
IL,prestbury,Diocese of Rockford,IL
IL,preston heights,Diocese of Joliet,IL
IL,princeton,Diocese of Peoria,IL
IL,princeville,Diocese of Peoria,IL
IL,prophetstown,Diocese of Rockford,IL
IL,prospect heights,Archdiocese of Chicago,IL
IL,quincy,Diocese of Springfield in Illinois,IL
IL,raleigh,Diocese of Belleville,IL
IL,ramsey,Diocese of Springfield in Illinois,IL
IL,rankin,Diocese of Peoria,IL
IL,ransom,Diocese of Peoria,IL
IL,rantoul,Diocese of Peoria,IL
IL,rapids city,Diocese of Peoria,IL
IL,raymond,Diocese of Springfield in Illinois,IL
IL,red bud,Diocese of Belleville,IL
IL,reynolds,Diocese of Peoria,IL
IL,richton park,Archdiocese of Chicago,IL
IL,ridge farm,Diocese of Peoria,IL
IL,ridgway,Diocese of Belleville,IL
IL,ringwood,Diocese of Rockford,IL
IL,river forest,Archdiocese of Chicago,IL
IL,river grove,Archdiocese of Chicago,IL
IL,riverdale,Archdiocese of Chicago,IL
IL,riverside,Archdiocese of Chicago,IL
IL,riverton,Diocese of Springfield in Illinois,IL
IL,riverwoods,Archdiocese of Chicago,IL
IL,roanoke,Diocese of Peoria,IL
IL,robbins,Archdiocese of Chicago,IL
IL,roberts,Diocese of Joliet,IL
IL,robinson,Diocese of Springfield in Illinois,IL
IL,rochelle,Diocese of Rockford,IL
IL,rochester,Diocese of Springfield in Illinois,IL
IL,rock city,Diocese of Rockford,IL
IL,rock falls,Diocese of Rockford,IL
IL,rock island,Diocese of Peoria,IL
IL,rockdale,Diocese of Joliet,IL
IL,rockford,Diocese of Rockford,IL
IL,rockton,Diocese of Rockford,IL
IL,rolling meadows,Archdiocese of Chicago,IL
IL,rome,Diocese of Peoria,IL
IL,romeoville,Diocese of Joliet,IL
IL,roodhouse,Diocese of Springfield in Illinois,IL
IL,roscoe,Diocese of Rockford,IL
IL,roselle,Diocese of Joliet,IL
IL,rosemont,Archdiocese of Chicago,IL
IL,roseville,Diocese of Peoria,IL
IL,rosewood heights,Diocese of Springfield in Illinois,IL
IL,rosiclare,Diocese of Belleville,IL
IL,rossville,Diocese of Peoria,IL
IL,round lake,Archdiocese of Chicago,IL
IL,round lake beach,Archdiocese of Chicago,IL
IL,round lake heights,Archdiocese of Chicago,IL
IL,round lake park,Archdiocese of Chicago,IL
IL,roxana,Diocese of Springfield in Illinois,IL
IL,royal,Diocese of Peoria,IL
IL,royalton,Diocese of Belleville,IL
IL,ruma,Diocese of Belleville,IL
IL,rushville,Diocese of Peoria,IL
IL,rutland,Diocese of Peoria,IL
IL,sadorus,Diocese of Peoria,IL
IL,salem,Diocese of Belleville,IL
IL,san jose,Diocese of Peoria,IL
IL,sandoval,Diocese of Belleville,IL
IL,sandwich,Diocese of Rockford,IL
IL,sauk village,Archdiocese of Chicago,IL
IL,saunemin,Diocese of Peoria,IL
IL,savanna,Diocese of Rockford,IL
IL,savoy,Diocese of Peoria,IL
IL,saybrook,Diocese of Peoria,IL
IL,scales mound,Diocese of Rockford,IL
IL,schaumburg,Archdiocese of Chicago,IL
IL,schiller park,Archdiocese of Chicago,IL
IL,schram city,Diocese of Springfield in Illinois,IL
IL,scott air force base,Diocese of Belleville,IL
IL,seatonville,Diocese of Peoria,IL
IL,secor,Diocese of Peoria,IL
IL,seneca,Diocese of Peoria,IL
IL,sesser,Diocese of Belleville,IL
IL,seymour,Diocese of Peoria,IL
IL,shabbona,Diocese of Rockford,IL
IL,shannon,Diocese of Rockford,IL
IL,shawneetown,Diocese of Belleville,IL
IL,sheffield,Diocese of Peoria,IL
IL,shelbyville,Diocese of Springfield in Illinois,IL
IL,sheldon,Diocese of Joliet,IL
IL,sheridan,Diocese of Peoria,IL
IL,sherman,Diocese of Springfield in Illinois,IL
IL,sherrard,Diocese of Peoria,IL
IL,shiloh,Diocese of Belleville,IL
IL,shipman,Diocese of Springfield in Illinois,IL
IL,shirland,Diocese of Rockford,IL
IL,shorewood,Diocese of Joliet,IL
IL,sidell,Diocese of Peoria,IL
IL,sidney,Diocese of Peoria,IL
IL,sigel,Diocese of Springfield in Illinois,IL
IL,silvis,Diocese of Peoria,IL
IL,skokie,Archdiocese of Chicago,IL
IL,sleepy hollow,Diocese of Rockford,IL
IL,smithton,Diocese of Belleville,IL
IL,somonauk,Diocese of Rockford,IL
IL,sorento,Diocese of Springfield in Illinois,IL
IL,south barrington,Archdiocese of Chicago,IL
IL,south beloit,Diocese of Rockford,IL
IL,south chicago heights,Archdiocese of Chicago,IL
IL,south elgin,Diocese of Rockford,IL
IL,south holland,Archdiocese of Chicago,IL
IL,south jacksonville,Diocese of Springfield in Illinois,IL
IL,south pekin,Diocese of Peoria,IL
IL,south roxana,Diocese of Springfield in Illinois,IL
IL,south wilmington,Diocese of Joliet,IL
IL,southern view,Diocese of Springfield in Illinois,IL
IL,sparland,Diocese of Peoria,IL
IL,sparta,Diocese of Belleville,IL
IL,spaulding,Diocese of Springfield in Illinois,IL
IL,spring bay,Diocese of Peoria,IL
IL,spring grove,Diocese of Rockford,IL
IL,spring valley,Diocese of Peoria,IL
IL,springfield,Diocese of Springfield in Illinois,IL
IL,st anne,Diocese of Joliet,IL
IL,st charles,Diocese of Rockford,IL
IL,st david,Diocese of Peoria,IL
IL,st elmo,Diocese of Springfield in Illinois,IL
IL,st francisville,Diocese of Belleville,IL
IL,st jacob,Diocese of Springfield in Illinois,IL
IL,st joseph,Diocese of Peoria,IL
IL,st libory,Diocese of Belleville,IL
IL,st peter,Diocese of Springfield in Illinois,IL
IL,stanford,Diocese of Peoria,IL
IL,staunton,Diocese of Springfield in Illinois,IL
IL,steeleville,Diocese of Belleville,IL
IL,steger,Archdiocese of Chicago,IL
IL,sterling,Diocese of Rockford,IL
IL,stewardson,Diocese of Springfield in Illinois,IL
IL,stickney,Archdiocese of Chicago,IL
IL,stillman valley,Diocese of Rockford,IL
IL,stockton,Diocese of Rockford,IL
IL,stone park,Archdiocese of Chicago,IL
IL,stonington,Diocese of Springfield in Illinois,IL
IL,strasburg,Diocese of Springfield in Illinois,IL
IL,streamwood,Archdiocese of Chicago,IL
IL,streator,Diocese of Peoria,IL
IL,stronghurst,Diocese of Peoria,IL
IL,sublette,Diocese of Rockford,IL
IL,sugar grove,Diocese of Rockford,IL
IL,sullivan,Diocese of Springfield in Illinois,IL
IL,summerfield,Diocese of Belleville,IL
IL,summit,Archdiocese of Chicago,IL
IL,sumner,Diocese of Belleville,IL
IL,sun river terrace,Diocese of Joliet,IL
IL,swansea,Diocese of Belleville,IL
IL,sycamore,Diocese of Rockford,IL
IL,table grove,Diocese of Peoria,IL
IL,tallula,Diocese of Springfield in Illinois,IL
IL,tamaroa,Diocese of Belleville,IL
IL,tamms,Diocese of Belleville,IL
IL,tampico,Diocese of Rockford,IL
IL,taylor springs,Diocese of Springfield in Illinois,IL
IL,taylorville,Diocese of Springfield in Illinois,IL
IL,teutopolis,Diocese of Springfield in Illinois,IL
IL,thayer,Diocese of Springfield in Illinois,IL
IL,the galena territory,Diocese of Rockford,IL
IL,third lake,Archdiocese of Chicago,IL
IL,thomasboro,Diocese of Peoria,IL
IL,thompsonville,Diocese of Belleville,IL
IL,thomson,Diocese of Rockford,IL
IL,thornton,Archdiocese of Chicago,IL
IL,tilden,Diocese of Belleville,IL
IL,tilton,Diocese of Peoria,IL
IL,timberlane,Diocese of Rockford,IL
IL,tinley park,Archdiocese of Chicago,IL
IL,tiskilwa,Diocese of Peoria,IL
IL,toledo,Diocese of Springfield in Illinois,IL
IL,tolono,Diocese of Peoria,IL
IL,toluca,Diocese of Peoria,IL
IL,tonica,Diocese of Peoria,IL
IL,toulon,Diocese of Peoria,IL
IL,tovey,Diocese of Springfield in Illinois,IL
IL,towanda,Diocese of Peoria,IL
IL,tower hill,Diocese of Springfield in Illinois,IL
IL,tower lake,Archdiocese of Chicago,IL
IL,tremont,Diocese of Peoria,IL
IL,trenton,Diocese of Belleville,IL
IL,trout valley,Diocese of Rockford,IL
IL,troy,Diocese of Springfield in Illinois,IL
IL,tuscola,Diocese of Springfield in Illinois,IL
IL,twin grove,Diocese of Peoria,IL
IL,ullin,Diocese of Belleville,IL
IL,union,Diocese of Rockford,IL
IL,upper alton,Diocese of Springfield in Illinois,IL
IL,urbana,Diocese of Peoria,IL
IL,ursa,Diocese of Springfield in Illinois,IL
IL,utica,Diocese of Peoria,IL
IL,valier,Diocese of Belleville,IL
IL,valmeyer,Diocese of Belleville,IL
IL,vandalia,Diocese of Springfield in Illinois,IL
IL,varna,Diocese of Peoria,IL
IL,venetian village,Archdiocese of Chicago,IL
IL,venice,Diocese of Springfield in Illinois,IL
IL,vermont,Diocese of Peoria,IL
IL,vernon hills,Archdiocese of Chicago,IL
IL,versailles,Diocese of Springfield in Illinois,IL
IL,victoria,Diocese of Peoria,IL
IL,vienna,Diocese of Belleville,IL
IL,villa grove,Diocese of Springfield in Illinois,IL
IL,villa park,Diocese of Joliet,IL
IL,village of campton hills,Diocese of Rockford,IL
IL,viola,Diocese of Peoria,IL
IL,virden,Diocese of Springfield in Illinois,IL
IL,virgil,Diocese of Rockford,IL
IL,virginia,Diocese of Springfield in Illinois,IL
IL,volo,Archdiocese of Chicago,IL
IL,wadsworth,Archdiocese of Chicago,IL
IL,walnut,Diocese of Peoria,IL
IL,waltonville,Diocese of Belleville,IL
IL,wamac,Diocese of Belleville,IL
IL,wapella,Diocese of Peoria,IL
IL,warren,Diocese of Rockford,IL
IL,warrensburg,Diocese of Springfield in Illinois,IL
IL,warrenville,Diocese of Joliet,IL
IL,warsaw,Diocese of Peoria,IL
IL,wasco,Diocese of Rockford,IL
IL,washburn,Diocese of Peoria,IL
IL,washington,Diocese of Peoria,IL
IL,washington park,Diocese of Belleville,IL
IL,wataga,Diocese of Peoria,IL
IL,waterloo,Diocese of Belleville,IL
IL,waterman,Diocese of Rockford,IL
IL,watseka,Diocese of Joliet,IL
IL,watson,Diocese of Springfield in Illinois,IL
IL,wauconda,Archdiocese of Chicago,IL
IL,waukegan,Archdiocese of Chicago,IL
IL,waverly,Diocese of Springfield in Illinois,IL
IL,wayne,Diocese of Joliet,IL
IL,wayne city,Diocese of Belleville,IL
IL,waynesville,Diocese of Peoria,IL
IL,weldon,Diocese of Peoria,IL
IL,wenona,Diocese of Peoria,IL
IL,west chicago,Diocese of Joliet,IL
IL,west city,Diocese of Belleville,IL
IL,west dundee,Diocese of Rockford,IL
IL,west frankfort,Diocese of Belleville,IL
IL,west peoria,Diocese of Peoria,IL
IL,west salem,Diocese of Belleville,IL
IL,westchester,Archdiocese of Chicago,IL
IL,western springs,Archdiocese of Chicago,IL
IL,westfield,Diocese of Springfield in Illinois,IL
IL,westmont,Diocese of Joliet,IL
IL,westville,Diocese of Peoria,IL
IL,wheaton,Diocese of Joliet,IL
IL,wheeling,Archdiocese of Chicago,IL
IL,white hall,Diocese of Springfield in Illinois,IL
IL,williamsfield,Diocese of Peoria,IL
IL,williamsville,Diocese of Springfield in Illinois,IL
IL,willisville,Diocese of Belleville,IL
IL,willow springs,Archdiocese of Chicago,IL
IL,willowbrook,Diocese of Joliet,IL
IL,wilmette,Archdiocese of Chicago,IL
IL,wilmington,Diocese of Joliet,IL
IL,wilsonville,Diocese of Springfield in Illinois,IL
IL,winchester,Diocese of Springfield in Illinois,IL
IL,windsor,Diocese of Springfield in Illinois,IL
IL,winfield,Diocese of Joliet,IL
IL,winnebago,Diocese of Rockford,IL
IL,winnetka,Archdiocese of Chicago,IL
IL,winslow,Diocese of Rockford,IL
IL,winthrop harbor,Archdiocese of Chicago,IL
IL,witt,Diocese of Springfield in Illinois,IL
IL,wonder lake,Diocese of Rockford,IL
IL,wood dale,Diocese of Joliet,IL
IL,wood river,Diocese of Springfield in Illinois,IL
IL,woodhull,Diocese of Peoria,IL
IL,woodland,Diocese of Joliet,IL
IL,woodlawn,Diocese of Belleville,IL
IL,woodridge,Diocese of Joliet,IL
IL,woodson,Diocese of Springfield in Illinois,IL
IL,woodstock,Diocese of Rockford,IL
IL,worden,Diocese of Springfield in Illinois,IL
IL,worth,Archdiocese of Chicago,IL
IL,wyanet,Diocese of Peoria,IL
IL,wyoming,Diocese of Peoria,IL
IL,xenia,Diocese of Belleville,IL
IL,yates city,Diocese of Peoria,IL
IL,yorkville,Diocese of Joliet,IL
IL,zeigler,Diocese of Belleville,IL
IL,zion,Archdiocese of Chicago,IL
IN,aberdeen,Diocese of Gary,IN
IN,advance,Diocese of Lafayette in Indiana,IN
IN,akron,Diocese of Lafayette in Indiana,IN
IN,albany,Diocese of Lafayette in Indiana,IN
IN,albion,Diocese of Fort Wayne–South Bend,IN
IN,alexandria,Diocese of Lafayette in Indiana,IN
IN,amboy,Diocese of Lafayette in Indiana,IN
IN,americus,Diocese of Lafayette in Indiana,IN
IN,amo,Archdiocese of Indianapolis,IN
IN,anderson,Diocese of Lafayette in Indiana,IN
IN,andrews,Diocese of Fort Wayne–South Bend,IN
IN,angola,Diocese of Fort Wayne–South Bend,IN
IN,arcadia,Diocese of Lafayette in Indiana,IN
IN,argos,Diocese of Fort Wayne–South Bend,IN
IN,arlington,Archdiocese of Indianapolis,IN
IN,ashley,Diocese of Fort Wayne–South Bend,IN
IN,atlanta,Diocese of Lafayette in Indiana,IN
IN,attica,Diocese of Lafayette in Indiana,IN
IN,auburn,Diocese of Fort Wayne–South Bend,IN
IN,aurora,Archdiocese of Indianapolis,IN
IN,austin,Archdiocese of Indianapolis,IN
IN,avilla,Diocese of Fort Wayne–South Bend,IN
IN,avoca,Archdiocese of Indianapolis,IN
IN,avon,Archdiocese of Indianapolis,IN
IN,bainbridge,Archdiocese of Indianapolis,IN
IN,bargersville,Archdiocese of Indianapolis,IN
IN,bass lake,Diocese of Gary,IN
IN,batesville,Archdiocese of Indianapolis,IN
IN,battle ground,Diocese of Lafayette in Indiana,IN
IN,bedford,Archdiocese of Indianapolis,IN
IN,beech grove,Archdiocese of Indianapolis,IN
IN,berne,Diocese of Fort Wayne–South Bend,IN
IN,beverly shores,Diocese of Gary,IN
IN,bicknell,Diocese of Evansville,IN
IN,birdseye,Diocese of Evansville,IN
IN,blanford,Archdiocese of Indianapolis,IN
IN,bloomfield,Diocese of Evansville,IN
IN,bloomingdale,Archdiocese of Indianapolis,IN
IN,bloomington,Archdiocese of Indianapolis,IN
IN,bluffton,Diocese of Fort Wayne–South Bend,IN
IN,boonville,Diocese of Evansville,IN
IN,borden,Archdiocese of Indianapolis,IN
IN,boswell,Diocese of Lafayette in Indiana,IN
IN,bourbon,Diocese of Fort Wayne–South Bend,IN
IN,brazil,Archdiocese of Indianapolis,IN
IN,bremen,Diocese of Fort Wayne–South Bend,IN
IN,bright,Archdiocese of Indianapolis,IN
IN,bristol,Diocese of Fort Wayne–South Bend,IN
IN,broad ripple,Archdiocese of Indianapolis,IN
IN,brook,Diocese of Lafayette in Indiana,IN
IN,brooklyn,Archdiocese of Indianapolis,IN
IN,brookston,Diocese of Lafayette in Indiana,IN
IN,brookville,Archdiocese of Indianapolis,IN
IN,brownsburg,Archdiocese of Indianapolis,IN
IN,brownstown,Archdiocese of Indianapolis,IN
IN,bruceville,Diocese of Evansville,IN
IN,buffalo,Diocese of Lafayette in Indiana,IN
IN,bunker hill,Diocese of Lafayette in Indiana,IN
IN,burlington,Diocese of Lafayette in Indiana,IN
IN,burnettsville,Diocese of Lafayette in Indiana,IN
IN,burns harbor,Diocese of Gary,IN
IN,butler,Diocese of Fort Wayne–South Bend,IN
IN,cambridge city,Archdiocese of Indianapolis,IN
IN,camden,Diocese of Lafayette in Indiana,IN
IN,campbellsburg,Archdiocese of Indianapolis,IN
IN,cannelton,Archdiocese of Indianapolis,IN
IN,carbon,Archdiocese of Indianapolis,IN
IN,carlisle,Diocese of Evansville,IN
IN,carmel,Diocese of Lafayette in Indiana,IN
IN,carthage,Archdiocese of Indianapolis,IN
IN,cayuga,Archdiocese of Indianapolis,IN
IN,cedar lake,Diocese of Gary,IN
IN,centerville,Archdiocese of Indianapolis,IN
IN,chalmers,Diocese of Lafayette in Indiana,IN
IN,chandler,Diocese of Evansville,IN
IN,charlestown,Archdiocese of Indianapolis,IN
IN,chesterfield,Diocese of Lafayette in Indiana,IN
IN,chesterton,Diocese of Gary,IN
IN,churubusco,Diocese of Fort Wayne–South Bend,IN
IN,cicero,Diocese of Lafayette in Indiana,IN
IN,clarks hill,Diocese of Lafayette in Indiana,IN
IN,clarksville,Archdiocese of Indianapolis,IN
IN,clay city,Archdiocese of Indianapolis,IN
IN,claypool,Diocese of Fort Wayne–South Bend,IN
IN,clayton,Archdiocese of Indianapolis,IN
IN,clear lake,Diocese of Fort Wayne–South Bend,IN
IN,clermont,Archdiocese of Indianapolis,IN
IN,clinton,Archdiocese of Indianapolis,IN
IN,cloverdale,Archdiocese of Indianapolis,IN
IN,coalmont,Archdiocese of Indianapolis,IN
IN,coatesville,Archdiocese of Indianapolis,IN
IN,colfax,Diocese of Lafayette in Indiana,IN
IN,collegeville,Diocese of Lafayette in Indiana,IN
IN,columbia city,Diocese of Fort Wayne–South Bend,IN
IN,columbus,Archdiocese of Indianapolis,IN
IN,connersville,Archdiocese of Indianapolis,IN
IN,converse,Diocese of Lafayette in Indiana,IN
IN,cordry sweetwater lakes,Archdiocese of Indianapolis,IN
IN,corydon,Archdiocese of Indianapolis,IN
IN,country squire lakes,Archdiocese of Indianapolis,IN
IN,covington,Diocese of Lafayette in Indiana,IN
IN,crawfordsville,Diocese of Lafayette in Indiana,IN
IN,cromwell,Diocese of Fort Wayne–South Bend,IN
IN,crothersville,Archdiocese of Indianapolis,IN
IN,crown point,Diocese of Gary,IN
IN,culver,Diocese of Fort Wayne–South Bend,IN
IN,cumberland,Archdiocese of Indianapolis,IN
IN,cynthiana,Diocese of Evansville,IN
IN,daleville,Diocese of Lafayette in Indiana,IN
IN,dana,Archdiocese of Indianapolis,IN
IN,danville,Archdiocese of Indianapolis,IN
IN,darlington,Diocese of Lafayette in Indiana,IN
IN,darmstadt,Diocese of Evansville,IN
IN,dayton,Diocese of Lafayette in Indiana,IN
IN,decatur,Diocese of Fort Wayne–South Bend,IN
IN,delphi,Diocese of Lafayette in Indiana,IN
IN,demotte,Diocese of Lafayette in Indiana,IN
IN,denver,Diocese of Lafayette in Indiana,IN
IN,dillsboro,Archdiocese of Indianapolis,IN
IN,dublin,Archdiocese of Indianapolis,IN
IN,dubois,Diocese of Evansville,IN
IN,dugger,Diocese of Evansville,IN
IN,dunkirk,Diocese of Lafayette in Indiana,IN
IN,dunlap,Diocese of Fort Wayne–South Bend,IN
IN,dupont,Archdiocese of Indianapolis,IN
IN,dyer,Diocese of Gary,IN
IN,earl park,Diocese of Lafayette in Indiana,IN
IN,east chicago,Diocese of Gary,IN
IN,east germantown,Archdiocese of Indianapolis,IN
IN,eaton,Diocese of Lafayette in Indiana,IN
IN,edgewood,Diocese of Lafayette in Indiana,IN
IN,edinburgh,Archdiocese of Indianapolis,IN
IN,edwardsport,Diocese of Evansville,IN
IN,elberfeld,Diocese of Evansville,IN
IN,elizabethtown,Archdiocese of Indianapolis,IN
IN,elkhart,Diocese of Fort Wayne–South Bend,IN
IN,ellettsville,Archdiocese of Indianapolis,IN
IN,elnora,Diocese of Evansville,IN
IN,elwood,Diocese of Lafayette in Indiana,IN
IN,english,Archdiocese of Indianapolis,IN
IN,etna green,Diocese of Fort Wayne–South Bend,IN
IN,evansville,Diocese of Evansville,IN
IN,fairfield heights,Archdiocese of Indianapolis,IN
IN,fairland,Archdiocese of Indianapolis,IN
IN,fairmount,Diocese of Lafayette in Indiana,IN
IN,fairview park,Archdiocese of Indianapolis,IN
IN,farmersburg,Diocese of Evansville,IN
IN,farmland,Diocese of Lafayette in Indiana,IN
IN,ferdinand,Diocese of Evansville,IN
IN,fillmore,Archdiocese of Indianapolis,IN
IN,fish lake,Diocese of Gary,IN
IN,fishers,Diocese of Lafayette in Indiana,IN
IN,flora,Diocese of Lafayette in Indiana,IN
IN,fontanet,Archdiocese of Indianapolis,IN
IN,fort branch,Diocese of Evansville,IN
IN,fort wayne,Diocese of Fort Wayne–South Bend,IN
IN,fortville,Archdiocese of Indianapolis,IN
IN,fountain city,Archdiocese of Indianapolis,IN
IN,fowler,Diocese of Lafayette in Indiana,IN
IN,francesville,Diocese of Lafayette in Indiana,IN
IN,francisco,Diocese of Evansville,IN
IN,frankfort,Diocese of Lafayette in Indiana,IN
IN,franklin,Archdiocese of Indianapolis,IN
IN,frankton,Diocese of Lafayette in Indiana,IN
IN,freelandville,Diocese of Evansville,IN
IN,freetown,Archdiocese of Indianapolis,IN
IN,fremont,Diocese of Fort Wayne–South Bend,IN
IN,french lick,Archdiocese of Indianapolis,IN
IN,fulton,Diocese of Lafayette in Indiana,IN
IN,galena,Archdiocese of Indianapolis,IN
IN,galveston,Diocese of Lafayette in Indiana,IN
IN,garrett,Diocese of Fort Wayne–South Bend,IN
IN,gary,Diocese of Gary,IN
IN,gas city,Diocese of Lafayette in Indiana,IN
IN,gaston,Diocese of Lafayette in Indiana,IN
IN,goodland,Diocese of Lafayette in Indiana,IN
IN,goshen,Diocese of Fort Wayne–South Bend,IN
IN,gosport,Archdiocese of Indianapolis,IN
IN,grabill,Diocese of Fort Wayne–South Bend,IN
IN,granger,Diocese of Fort Wayne–South Bend,IN
IN,greencastle,Archdiocese of Indianapolis,IN
IN,greendale,Archdiocese of Indianapolis,IN
IN,greenfield,Archdiocese of Indianapolis,IN
IN,greens fork,Archdiocese of Indianapolis,IN
IN,greensburg,Archdiocese of Indianapolis,IN
IN,greentown,Diocese of Lafayette in Indiana,IN
IN,greenwood,Archdiocese of Indianapolis,IN
IN,griffith,Diocese of Gary,IN
IN,grissom air force base,Diocese of Lafayette in Indiana,IN
IN,gulivoire park,Diocese of Fort Wayne–South Bend,IN
IN,hagerstown,Archdiocese of Indianapolis,IN
IN,hamilton,Diocese of Fort Wayne–South Bend,IN
IN,hamlet,Diocese of Gary,IN
IN,hammond,Diocese of Gary,IN
IN,hanna,Diocese of Gary,IN
IN,hanover,Archdiocese of Indianapolis,IN
IN,harlan,Diocese of Fort Wayne–South Bend,IN
IN,harmony,Archdiocese of Indianapolis,IN
IN,harrodsburg,Archdiocese of Indianapolis,IN
IN,hartford city,Diocese of Lafayette in Indiana,IN
IN,hartsville,Archdiocese of Indianapolis,IN
IN,haubstadt,Diocese of Evansville,IN
IN,hayden,Archdiocese of Indianapolis,IN
IN,hebron,Diocese of Gary,IN
IN,henryville,Archdiocese of Indianapolis,IN
IN,heritage lake,Archdiocese of Indianapolis,IN
IN,hidden valley,Archdiocese of Indianapolis,IN
IN,hillsboro,Diocese of Lafayette in Indiana,IN
IN,hoagland,Diocese of Fort Wayne–South Bend,IN
IN,hobart,Diocese of Gary,IN
IN,holland,Diocese of Evansville,IN
IN,holton,Archdiocese of Indianapolis,IN
IN,homecroft,Archdiocese of Indianapolis,IN
IN,hope,Archdiocese of Indianapolis,IN
IN,howe,Diocese of Fort Wayne–South Bend,IN
IN,hudson,Diocese of Fort Wayne–South Bend,IN
IN,hudson lake,Diocese of Gary,IN
IN,huntertown,Diocese of Fort Wayne–South Bend,IN
IN,huntingburg,Diocese of Evansville,IN
IN,huntington,Diocese of Fort Wayne–South Bend,IN
IN,hymera,Diocese of Evansville,IN
IN,idaville,Diocese of Lafayette in Indiana,IN
IN,indian heights,Diocese of Lafayette in Indiana,IN
IN,indianapolis,Archdiocese of Indianapolis,IN
IN,ingalls,Diocese of Lafayette in Indiana,IN
IN,jamestown,Diocese of Lafayette in Indiana,IN
IN,jasonville,Diocese of Evansville,IN
IN,jasper,Diocese of Evansville,IN
IN,jeffersonville,Archdiocese of Indianapolis,IN
IN,jonesboro,Diocese of Lafayette in Indiana,IN
IN,kempton,Diocese of Lafayette in Indiana,IN
IN,kendallville,Diocese of Fort Wayne–South Bend,IN
IN,kennard,Archdiocese of Indianapolis,IN
IN,kentland,Diocese of Lafayette in Indiana,IN
IN,kewanna,Diocese of Lafayette in Indiana,IN
IN,kimmell,Diocese of Fort Wayne–South Bend,IN
IN,kingman,Diocese of Lafayette in Indiana,IN
IN,kingsford heights,Diocese of Gary,IN
IN,kirklin,Diocese of Lafayette in Indiana,IN
IN,knightstown,Archdiocese of Indianapolis,IN
IN,knightsville,Archdiocese of Indianapolis,IN
IN,knox,Diocese of Gary,IN
IN,kokomo,Diocese of Lafayette in Indiana,IN
IN,koontz lake,Diocese of Gary,IN
IN,kouts,Diocese of Gary,IN
IN,la crosse,Diocese of Gary,IN
IN,la fontaine,Diocese of Fort Wayne–South Bend,IN
IN,la paz,Diocese of Fort Wayne–South Bend,IN
IN,la porte,Diocese of Gary,IN
IN,ladoga,Diocese of Lafayette in Indiana,IN
IN,lafayette,Diocese of Lafayette in Indiana,IN
IN,lagrange,Diocese of Fort Wayne–South Bend,IN
IN,lagro,Diocese of Fort Wayne–South Bend,IN
IN,lake dalecarlia,Diocese of Gary,IN
IN,lake holiday,Diocese of Lafayette in Indiana,IN
IN,lake station,Diocese of Gary,IN
IN,lake village,Diocese of Lafayette in Indiana,IN
IN,lakes of the four seasons,Diocese of Gary,IN
IN,laketon,Diocese of Fort Wayne–South Bend,IN
IN,lakeville,Diocese of Fort Wayne–South Bend,IN
IN,lanesville,Archdiocese of Indianapolis,IN
IN,lapel,Diocese of Lafayette in Indiana,IN
IN,laurel,Archdiocese of Indianapolis,IN
IN,lawrence,Archdiocese of Indianapolis,IN
IN,lawrenceburg,Archdiocese of Indianapolis,IN
IN,lebanon,Diocese of Lafayette in Indiana,IN
IN,leesburg,Diocese of Fort Wayne–South Bend,IN
IN,leocedarville,Diocese of Fort Wayne–South Bend,IN
IN,lewisville,Archdiocese of Indianapolis,IN
IN,liberty,Archdiocese of Indianapolis,IN
IN,ligonier,Diocese of Fort Wayne–South Bend,IN
IN,linden,Diocese of Lafayette in Indiana,IN
IN,linton,Diocese of Evansville,IN
IN,lizton,Archdiocese of Indianapolis,IN
IN,logansport,Diocese of Lafayette in Indiana,IN
IN,long beach,Diocese of Gary,IN
IN,loogootee,Diocese of Evansville,IN
IN,lowell,Diocese of Gary,IN
IN,lynn,Diocese of Lafayette in Indiana,IN
IN,lynnville,Diocese of Evansville,IN
IN,lyons,Diocese of Evansville,IN
IN,madison,Archdiocese of Indianapolis,IN
IN,marengo,Archdiocese of Indianapolis,IN
IN,marion,Diocese of Lafayette in Indiana,IN
IN,markle,Diocese of Fort Wayne–South Bend,IN
IN,markleville,Diocese of Lafayette in Indiana,IN
IN,marshall,Archdiocese of Indianapolis,IN
IN,martinsville,Archdiocese of Indianapolis,IN
IN,matthews,Diocese of Lafayette in Indiana,IN
IN,mccordsville,Archdiocese of Indianapolis,IN
IN,mecca,Archdiocese of Indianapolis,IN
IN,medaryville,Diocese of Lafayette in Indiana,IN
IN,medora,Archdiocese of Indianapolis,IN
IN,melody hill,Diocese of Evansville,IN
IN,memphis,Archdiocese of Indianapolis,IN
IN,mentone,Diocese of Fort Wayne–South Bend,IN
IN,meridian hills,Archdiocese of Indianapolis,IN
IN,merrillville,Diocese of Gary,IN
IN,mexico,Diocese of Lafayette in Indiana,IN
IN,michiana shores,Diocese of Gary,IN
IN,michigan city,Diocese of Gary,IN
IN,michigantown,Diocese of Lafayette in Indiana,IN
IN,middletown,Archdiocese of Indianapolis,IN
IN,milan,Archdiocese of Indianapolis,IN
IN,milford,Diocese of Fort Wayne–South Bend,IN
IN,millersburg,Diocese of Fort Wayne–South Bend,IN
IN,milltown,Archdiocese of Indianapolis,IN
IN,milroy,Archdiocese of Indianapolis,IN
IN,milton,Archdiocese of Indianapolis,IN
IN,mishawaka,Diocese of Fort Wayne–South Bend,IN
IN,mitchell,Archdiocese of Indianapolis,IN
IN,monon,Diocese of Lafayette in Indiana,IN
IN,monroe city,Diocese of Evansville,IN
IN,monroeville,Diocese of Fort Wayne–South Bend,IN
IN,monrovia,Archdiocese of Indianapolis,IN
IN,montezuma,Archdiocese of Indianapolis,IN
IN,montgomery,Diocese of Evansville,IN
IN,monticello,Diocese of Lafayette in Indiana,IN
IN,montpelier,Diocese of Lafayette in Indiana,IN
IN,mooreland,Archdiocese of Indianapolis,IN
IN,moores hill,Archdiocese of Indianapolis,IN
IN,mooresville,Archdiocese of Indianapolis,IN
IN,morgantown,Archdiocese of Indianapolis,IN
IN,morocco,Diocese of Lafayette in Indiana,IN
IN,morristown,Archdiocese of Indianapolis,IN
IN,mount summit,Archdiocese of Indianapolis,IN
IN,mulberry,Diocese of Lafayette in Indiana,IN
IN,muncie,Diocese of Lafayette in Indiana,IN
IN,munster,Diocese of Gary,IN
IN,nappanee,Diocese of Fort Wayne–South Bend,IN
IN,nashville,Archdiocese of Indianapolis,IN
IN,new albany,Archdiocese of Indianapolis,IN
IN,new carlisle,Diocese of Fort Wayne–South Bend,IN
IN,new castle,Archdiocese of Indianapolis,IN
IN,new chicago,Diocese of Gary,IN
IN,new goshen,Archdiocese of Indianapolis,IN
IN,new harmony,Diocese of Evansville,IN
IN,new haven,Diocese of Fort Wayne–South Bend,IN
IN,new market,Diocese of Lafayette in Indiana,IN
IN,new palestine,Archdiocese of Indianapolis,IN
IN,new paris,Diocese of Fort Wayne–South Bend,IN
IN,new pekin,Archdiocese of Indianapolis,IN
IN,new point,Archdiocese of Indianapolis,IN
IN,new richmond,Diocese of Lafayette in Indiana,IN
IN,new ross,Diocese of Lafayette in Indiana,IN
IN,new salisbury,Archdiocese of Indianapolis,IN
IN,new washington,Archdiocese of Indianapolis,IN
IN,new whiteland,Archdiocese of Indianapolis,IN
IN,newburgh,Diocese of Evansville,IN
IN,newport,Archdiocese of Indianapolis,IN
IN,noblesville,Diocese of Lafayette in Indiana,IN
IN,north judson,Diocese of Gary,IN
IN,north liberty,Diocese of Fort Wayne–South Bend,IN
IN,north madison,Archdiocese of Indianapolis,IN
IN,north manchester,Diocese of Fort Wayne–South Bend,IN
IN,north salem,Archdiocese of Indianapolis,IN
IN,north terre haute,Archdiocese of Indianapolis,IN
IN,north vernon,Archdiocese of Indianapolis,IN
IN,north webster,Diocese of Fort Wayne–South Bend,IN
IN,norway,Diocese of Lafayette in Indiana,IN
IN,notre dame,Diocese of Fort Wayne–South Bend,IN
IN,oak park,Archdiocese of Indianapolis,IN
IN,oakland city,Diocese of Evansville,IN
IN,oaktown,Diocese of Evansville,IN
IN,odon,Diocese of Evansville,IN
IN,ogden dunes,Diocese of Gary,IN
IN,oldenburg,Archdiocese of Indianapolis,IN
IN,oolitic,Archdiocese of Indianapolis,IN
IN,orestes,Diocese of Lafayette in Indiana,IN
IN,orland,Diocese of Fort Wayne–South Bend,IN
IN,orleans,Archdiocese of Indianapolis,IN
IN,osceola,Diocese of Fort Wayne–South Bend,IN
IN,osgood,Archdiocese of Indianapolis,IN
IN,ossian,Diocese of Fort Wayne–South Bend,IN
IN,otis,Diocese of Gary,IN
IN,otterbein,Diocese of Lafayette in Indiana,IN
IN,otwell,Diocese of Evansville,IN
IN,owensburg,Diocese of Evansville,IN
IN,owensville,Diocese of Evansville,IN
IN,oxford,Diocese of Lafayette in Indiana,IN
IN,painted hills,Archdiocese of Indianapolis,IN
IN,palmyra,Archdiocese of Indianapolis,IN
IN,paoli,Archdiocese of Indianapolis,IN
IN,paragon,Archdiocese of Indianapolis,IN
IN,parker city,Diocese of Lafayette in Indiana,IN
IN,parkers settlement,Diocese of Evansville,IN
IN,patoka,Diocese of Evansville,IN
IN,pendleton,Diocese of Lafayette in Indiana,IN
IN,pennville,Diocese of Lafayette in Indiana,IN
IN,perrysville,Archdiocese of Indianapolis,IN
IN,peru,Diocese of Lafayette in Indiana,IN
IN,petersburg,Diocese of Evansville,IN
IN,pierceton,Diocese of Fort Wayne–South Bend,IN
IN,pittsboro,Archdiocese of Indianapolis,IN
IN,plainfield,Archdiocese of Indianapolis,IN
IN,plainville,Diocese of Evansville,IN
IN,plymouth,Diocese of Fort Wayne–South Bend,IN
IN,portage,Diocese of Gary,IN
IN,porter,Diocese of Gary,IN
IN,portland,Diocese of Lafayette in Indiana,IN
IN,poseyville,Diocese of Evansville,IN
IN,princes lakes,Archdiocese of Indianapolis,IN
IN,princeton,Diocese of Evansville,IN
IN,redkey,Diocese of Lafayette in Indiana,IN
IN,remington,Diocese of Lafayette in Indiana,IN
IN,rensselaer,Diocese of Lafayette in Indiana,IN
IN,reynolds,Diocese of Lafayette in Indiana,IN
IN,richmond,Archdiocese of Indianapolis,IN
IN,ridgeville,Diocese of Lafayette in Indiana,IN
IN,rising sun,Archdiocese of Indianapolis,IN
IN,roachdale,Archdiocese of Indianapolis,IN
IN,roann,Diocese of Fort Wayne–South Bend,IN
IN,roanoke,Diocese of Fort Wayne–South Bend,IN
IN,rochester,Diocese of Lafayette in Indiana,IN
IN,rockville,Archdiocese of Indianapolis,IN
IN,rocky ripple,Archdiocese of Indianapolis,IN
IN,rolling prairie,Diocese of Gary,IN
IN,rome city,Diocese of Fort Wayne–South Bend,IN
IN,rosedale,Archdiocese of Indianapolis,IN
IN,roseland,Diocese of Fort Wayne–South Bend,IN
IN,roselawn,Diocese of Lafayette in Indiana,IN
IN,rossville,Diocese of Lafayette in Indiana,IN
IN,royal center,Diocese of Lafayette in Indiana,IN
IN,rushville,Archdiocese of Indianapolis,IN
IN,russellville,Archdiocese of Indianapolis,IN
IN,russiaville,Diocese of Lafayette in Indiana,IN
IN,salem,Archdiocese of Indianapolis,IN
IN,sandborn,Diocese of Evansville,IN
IN,schererville,Diocese of Gary,IN
IN,scottsburg,Archdiocese of Indianapolis,IN
IN,seelyville,Archdiocese of Indianapolis,IN
IN,sellersburg,Archdiocese of Indianapolis,IN
IN,selma,Diocese of Lafayette in Indiana,IN
IN,seymour,Archdiocese of Indianapolis,IN
IN,shadeland,Diocese of Lafayette in Indiana,IN
IN,sharpsville,Diocese of Lafayette in Indiana,IN
IN,shelburn,Diocese of Evansville,IN
IN,shelby,Diocese of Gary,IN
IN,shelbyville,Archdiocese of Indianapolis,IN
IN,sheridan,Diocese of Lafayette in Indiana,IN
IN,shipshewana,Diocese of Fort Wayne–South Bend,IN
IN,shirley,Archdiocese of Indianapolis,IN
IN,shoals,Diocese of Evansville,IN
IN,shorewood forest,Diocese of Gary,IN
IN,silver lake,Diocese of Fort Wayne–South Bend,IN
IN,simonton lake,Diocese of Fort Wayne–South Bend,IN
IN,smithvillesanders,Archdiocese of Indianapolis,IN
IN,somerset,Diocese of Fort Wayne–South Bend,IN
IN,south bend,Diocese of Fort Wayne–South Bend,IN
IN,south haven,Diocese of Gary,IN
IN,south whitley,Diocese of Fort Wayne–South Bend,IN
IN,southport,Archdiocese of Indianapolis,IN
IN,speedway,Archdiocese of Indianapolis,IN
IN,spencer,Archdiocese of Indianapolis,IN
IN,spiceland,Archdiocese of Indianapolis,IN
IN,spring grove,Archdiocese of Indianapolis,IN
IN,spring grove heights,Archdiocese of Indianapolis,IN
IN,st bernice,Archdiocese of Indianapolis,IN
IN,st joe,Diocese of Fort Wayne–South Bend,IN
IN,st john,Diocese of Gary,IN
IN,st leon,Archdiocese of Indianapolis,IN
IN,st maryofthewoods,Archdiocese of Indianapolis,IN
IN,st paul,Archdiocese of Indianapolis,IN
IN,star city,Diocese of Lafayette in Indiana,IN
IN,staunton,Archdiocese of Indianapolis,IN
IN,stilesville,Archdiocese of Indianapolis,IN
IN,stockwell,Diocese of Lafayette in Indiana,IN
IN,sullivan,Diocese of Evansville,IN
IN,sulphur springs,Archdiocese of Indianapolis,IN
IN,summitville,Diocese of Lafayette in Indiana,IN
IN,sunman,Archdiocese of Indianapolis,IN
IN,swayzee,Diocese of Lafayette in Indiana,IN
IN,sweetser,Diocese of Lafayette in Indiana,IN
IN,syracuse,Diocese of Fort Wayne–South Bend,IN
IN,taylorsville,Archdiocese of Indianapolis,IN
IN,tecumseh,Archdiocese of Indianapolis,IN
IN,tell city,Archdiocese of Indianapolis,IN
IN,terre haute,Archdiocese of Indianapolis,IN
IN,thorntown,Diocese of Lafayette in Indiana,IN
IN,tipton,Diocese of Lafayette in Indiana,IN
IN,topeka,Diocese of Fort Wayne–South Bend,IN
IN,town of pines,Diocese of Gary,IN
IN,trafalgar,Archdiocese of Indianapolis,IN
IN,trail creek,Diocese of Gary,IN
IN,trilakes,Diocese of Fort Wayne–South Bend,IN
IN,troy,Archdiocese of Indianapolis,IN
IN,union city,Diocese of Lafayette in Indiana,IN
IN,uniondale,Diocese of Fort Wayne–South Bend,IN
IN,universal,Archdiocese of Indianapolis,IN
IN,upland,Diocese of Lafayette in Indiana,IN
IN,utica,Archdiocese of Indianapolis,IN
IN,vallonia,Archdiocese of Indianapolis,IN
IN,valparaiso,Diocese of Gary,IN
IN,van bibber lake,Archdiocese of Indianapolis,IN
IN,van buren,Diocese of Lafayette in Indiana,IN
IN,veedersburg,Diocese of Lafayette in Indiana,IN
IN,vernon,Archdiocese of Indianapolis,IN
IN,versailles,Archdiocese of Indianapolis,IN
IN,vevay,Archdiocese of Indianapolis,IN
IN,vincennes,Diocese of Evansville,IN
IN,wabash,Diocese of Fort Wayne–South Bend,IN
IN,wakarusa,Diocese of Fort Wayne–South Bend,IN
IN,waldron,Archdiocese of Indianapolis,IN
IN,walkerton,Diocese of Fort Wayne–South Bend,IN
IN,walton,Diocese of Lafayette in Indiana,IN
IN,wanatah,Diocese of Gary,IN
IN,warren,Diocese of Fort Wayne–South Bend,IN
IN,warren park,Archdiocese of Indianapolis,IN
IN,warsaw,Diocese of Fort Wayne–South Bend,IN
IN,washington,Diocese of Evansville,IN
IN,waveland,Diocese of Lafayette in Indiana,IN
IN,waynetown,Diocese of Lafayette in Indiana,IN
IN,west baden springs,Archdiocese of Indianapolis,IN
IN,west college corner,Archdiocese of Indianapolis,IN
IN,west lafayette,Diocese of Lafayette in Indiana,IN
IN,west lebanon,Diocese of Lafayette in Indiana,IN
IN,west terre haute,Archdiocese of Indianapolis,IN
IN,westfield,Diocese of Lafayette in Indiana,IN
IN,westpoint,Diocese of Lafayette in Indiana,IN
IN,westport,Archdiocese of Indianapolis,IN
IN,westville,Diocese of Gary,IN
IN,wheatfield,Diocese of Lafayette in Indiana,IN
IN,wheatland,Diocese of Evansville,IN
IN,wheeler,Diocese of Gary,IN
IN,whiteland,Archdiocese of Indianapolis,IN
IN,whitestown,Diocese of Lafayette in Indiana,IN
IN,whiting,Diocese of Gary,IN
IN,wilkinson,Archdiocese of Indianapolis,IN
IN,williams creek,Archdiocese of Indianapolis,IN
IN,williamsport,Diocese of Lafayette in Indiana,IN
IN,winamac,Diocese of Lafayette in Indiana,IN
IN,winchester,Diocese of Lafayette in Indiana,IN
IN,windfall,Diocese of Lafayette in Indiana,IN
IN,winfield,Diocese of Gary,IN
IN,winona lake,Diocese of Fort Wayne–South Bend,IN
IN,winslow,Diocese of Evansville,IN
IN,wolcott,Diocese of Lafayette in Indiana,IN
IN,wolcottville,Diocese of Fort Wayne–South Bend,IN
IN,woodburn,Diocese of Fort Wayne–South Bend,IN
IN,worthington,Diocese of Evansville,IN
IN,yorktown,Diocese of Lafayette in Indiana,IN
IN,zanesville,Diocese of Fort Wayne–South Bend,IN
IN,zionsville,Diocese of Lafayette in Indiana,IN
KS,abilene,Diocese of Salina,KS
KS,alma,Archdiocese of Kansas City in Kansas,KS
KS,almena,Diocese of Salina,KS
KS,alta vista,Archdiocese of Kansas City in Kansas,KS
KS,altamont,Diocese of Wichita,KS
KS,altoona,Diocese of Wichita,KS
KS,americus,Archdiocese of Kansas City in Kansas,KS
KS,andale,Diocese of Wichita,KS
KS,andover,Diocese of Wichita,KS
KS,anthony,Diocese of Wichita,KS
KS,arcadia,Diocese of Wichita,KS
KS,argonia,Diocese of Wichita,KS
KS,arkansas city,Diocese of Wichita,KS
KS,arlington,Diocese of Wichita,KS
KS,arma,Diocese of Wichita,KS
KS,ashland,Diocese of Dodge City,KS
KS,assaria,Diocese of Salina,KS
KS,atchison,Archdiocese of Kansas City in Kansas,KS
KS,attica,Diocese of Wichita,KS
KS,atwood,Diocese of Salina,KS
KS,auburn,Archdiocese of Kansas City in Kansas,KS
KS,augusta,Diocese of Wichita,KS
KS,axtell,Archdiocese of Kansas City in Kansas,KS
KS,baldwin city,Archdiocese of Kansas City in Kansas,KS
KS,basehor,Archdiocese of Kansas City in Kansas,KS
KS,baxter springs,Diocese of Wichita,KS
KS,bazine,Diocese of Dodge City,KS
KS,bellaire,Diocese of Wichita,KS
KS,belle plaine,Diocese of Wichita,KS
KS,belleville,Diocese of Salina,KS
KS,beloit,Diocese of Salina,KS
KS,bennington,Diocese of Salina,KS
KS,bentley,Diocese of Wichita,KS
KS,benton,Diocese of Wichita,KS
KS,bird city,Diocese of Salina,KS
KS,blue rapids,Archdiocese of Kansas City in Kansas,KS
KS,bonner springs,Archdiocese of Kansas City in Kansas,KS
KS,brewster,Diocese of Salina,KS
KS,bronson,Diocese of Wichita,KS
KS,bucklin,Diocese of Dodge City,KS
KS,buhler,Diocese of Wichita,KS
KS,burden,Diocese of Wichita,KS
KS,burlingame,Archdiocese of Kansas City in Kansas,KS
KS,burlington,Archdiocese of Kansas City in Kansas,KS
KS,burrton,Diocese of Wichita,KS
KS,caldwell,Diocese of Wichita,KS
KS,caney,Diocese of Wichita,KS
KS,canton,Diocese of Wichita,KS
KS,carbondale,Archdiocese of Kansas City in Kansas,KS
KS,cawker city,Diocese of Salina,KS
KS,cedar vale,Diocese of Wichita,KS
KS,centralia,Archdiocese of Kansas City in Kansas,KS
KS,chanute,Diocese of Wichita,KS
KS,chapman,Diocese of Salina,KS
KS,chase,Diocese of Wichita,KS
KS,cheney,Diocese of Wichita,KS
KS,cherokee,Diocese of Wichita,KS
KS,cherryvale,Diocese of Wichita,KS
KS,chetopa,Diocese of Wichita,KS
KS,chicopee,Diocese of Wichita,KS
KS,cimarron,Diocese of Dodge City,KS
KS,claflin,Diocese of Dodge City,KS
KS,clearwater,Diocese of Wichita,KS
KS,clifton,Diocese of Salina,KS
KS,clyde,Diocese of Salina,KS
KS,coffeyville,Diocese of Wichita,KS
KS,colby,Diocese of Salina,KS
KS,coldwater,Diocese of Dodge City,KS
KS,colony,Archdiocese of Kansas City in Kansas,KS
KS,columbus,Diocese of Wichita,KS
KS,colwich,Diocese of Wichita,KS
KS,concordia,Diocese of Salina,KS
KS,conway springs,Diocese of Wichita,KS
KS,copeland,Diocese of Dodge City,KS
KS,cottonwood falls,Diocese of Wichita,KS
KS,council grove,Diocese of Wichita,KS
KS,cunningham,Diocese of Wichita,KS
KS,de soto,Archdiocese of Kansas City in Kansas,KS
KS,dearing,Diocese of Wichita,KS
KS,deerfield,Diocese of Dodge City,KS
KS,delphos,Diocese of Salina,KS
KS,derby,Diocese of Wichita,KS
KS,dighton,Diocese of Dodge City,KS
KS,dodge city,Diocese of Dodge City,KS
KS,douglass,Diocese of Wichita,KS
KS,downs,Diocese of Salina,KS
KS,eastborough,Diocese of Wichita,KS
KS,edgerton,Archdiocese of Kansas City in Kansas,KS
KS,edna,Diocese of Wichita,KS
KS,edwardsville,Archdiocese of Kansas City in Kansas,KS
KS,effingham,Archdiocese of Kansas City in Kansas,KS
KS,el dorado,Diocese of Wichita,KS
KS,elk city,Diocese of Wichita,KS
KS,elkhart,Diocese of Dodge City,KS
KS,ellinwood,Diocese of Dodge City,KS
KS,ellis,Diocese of Salina,KS
KS,ellsworth,Diocese of Salina,KS
KS,elwood,Archdiocese of Kansas City in Kansas,KS
KS,emporia,Archdiocese of Kansas City in Kansas,KS
KS,enterprise,Diocese of Salina,KS
KS,erie,Diocese of Wichita,KS
KS,eskridge,Archdiocese of Kansas City in Kansas,KS
KS,eudora,Archdiocese of Kansas City in Kansas,KS
KS,eureka,Diocese of Wichita,KS
KS,fairway,Archdiocese of Kansas City in Kansas,KS
KS,florence,Diocese of Wichita,KS
KS,fort riley north,Diocese of Salina,KS
KS,fort scott,Diocese of Wichita,KS
KS,fowler,Diocese of Dodge City,KS
KS,frankfort,Archdiocese of Kansas City in Kansas,KS
KS,franklin,Diocese of Wichita,KS
KS,fredonia,Diocese of Wichita,KS
KS,frontenac,Diocese of Wichita,KS
KS,galena,Diocese of Wichita,KS
KS,galva,Diocese of Wichita,KS
KS,garden city,Diocese of Dodge City,KS
KS,garden plain,Diocese of Wichita,KS
KS,gardner,Archdiocese of Kansas City in Kansas,KS
KS,garnett,Archdiocese of Kansas City in Kansas,KS
KS,gas,Diocese of Wichita,KS
KS,girard,Diocese of Wichita,KS
KS,glasco,Diocese of Salina,KS
KS,glen elder,Diocese of Salina,KS
KS,goddard,Diocese of Wichita,KS
KS,goessel,Diocese of Wichita,KS
KS,goodland,Diocese of Salina,KS
KS,gorham,Diocese of Salina,KS
KS,grandview plaza,Diocese of Salina,KS
KS,great bend,Diocese of Dodge City,KS
KS,greenleaf,Diocese of Salina,KS
KS,greensburg,Diocese of Dodge City,KS
KS,gridley,Archdiocese of Kansas City in Kansas,KS
KS,gypsum,Diocese of Salina,KS
KS,halstead,Diocese of Wichita,KS
KS,hanover,Diocese of Salina,KS
KS,harper,Diocese of Wichita,KS
KS,hartford,Archdiocese of Kansas City in Kansas,KS
KS,haven,Diocese of Wichita,KS
KS,haviland,Diocese of Dodge City,KS
KS,hays,Diocese of Salina,KS
KS,haysville,Diocese of Wichita,KS
KS,herington,Diocese of Wichita,KS
KS,hesston,Diocese of Wichita,KS
KS,hiawatha,Archdiocese of Kansas City in Kansas,KS
KS,highland,Archdiocese of Kansas City in Kansas,KS
KS,hill city,Diocese of Salina,KS
KS,hillsboro,Diocese of Wichita,KS
KS,hoisington,Diocese of Dodge City,KS
KS,holcomb,Diocese of Dodge City,KS
KS,holton,Archdiocese of Kansas City in Kansas,KS
KS,holyrood,Diocese of Salina,KS
KS,hope,Diocese of Salina,KS
KS,horton,Archdiocese of Kansas City in Kansas,KS
KS,howard,Diocese of Wichita,KS
KS,hoxie,Diocese of Salina,KS
KS,hoyt,Archdiocese of Kansas City in Kansas,KS
KS,hugoton,Diocese of Dodge City,KS
KS,humboldt,Diocese of Wichita,KS
KS,hutchinson,Diocese of Wichita,KS
KS,independence,Diocese of Wichita,KS
KS,ingalls,Diocese of Dodge City,KS
KS,inman,Diocese of Wichita,KS
KS,iola,Diocese of Wichita,KS
KS,jetmore,Diocese of Dodge City,KS
KS,jewell,Diocese of Salina,KS
KS,johnson,Diocese of Dodge City,KS
KS,junction city,Diocese of Salina,KS
KS,kanopolis,Diocese of Salina,KS
KS,kansas city,Archdiocese of Kansas City in Kansas,KS
KS,kechi,Diocese of Wichita,KS
KS,kensington,Diocese of Salina,KS
KS,kingman,Diocese of Wichita,KS
KS,kinsley,Diocese of Dodge City,KS
KS,kiowa,Diocese of Dodge City,KS
KS,kismet,Diocese of Dodge City,KS
KS,la crosse,Diocese of Dodge City,KS
KS,la cygne,Archdiocese of Kansas City in Kansas,KS
KS,la harpe,Diocese of Wichita,KS
KS,lake quivira,Archdiocese of Kansas City in Kansas,KS
KS,lakin,Diocese of Dodge City,KS
KS,lansing,Archdiocese of Kansas City in Kansas,KS
KS,larned,Diocese of Dodge City,KS
KS,lawrence,Archdiocese of Kansas City in Kansas,KS
KS,leavenworth,Archdiocese of Kansas City in Kansas,KS
KS,leawood,Archdiocese of Kansas City in Kansas,KS
KS,lebo,Archdiocese of Kansas City in Kansas,KS
KS,lecompton,Archdiocese of Kansas City in Kansas,KS
KS,lenexa,Archdiocese of Kansas City in Kansas,KS
KS,leon,Diocese of Wichita,KS
KS,leonardville,Diocese of Salina,KS
KS,leoti,Diocese of Dodge City,KS
KS,leroy,Archdiocese of Kansas City in Kansas,KS
KS,lewis,Diocese of Dodge City,KS
KS,liberal,Diocese of Dodge City,KS
KS,lincoln,Diocese of Salina,KS
KS,lindsborg,Diocese of Wichita,KS
KS,linn,Diocese of Salina,KS
KS,linn valley,Archdiocese of Kansas City in Kansas,KS
KS,linwood,Archdiocese of Kansas City in Kansas,KS
KS,little river,Diocese of Wichita,KS
KS,logan,Diocese of Salina,KS
KS,longton,Diocese of Wichita,KS
KS,louisburg,Archdiocese of Kansas City in Kansas,KS
KS,lucas,Diocese of Salina,KS
KS,lyndon,Archdiocese of Kansas City in Kansas,KS
KS,lyons,Diocese of Wichita,KS
KS,macksville,Diocese of Dodge City,KS
KS,madison,Diocese of Wichita,KS
KS,maize,Diocese of Wichita,KS
KS,manhattan,Diocese of Salina,KS
KS,mankato,Diocese of Salina,KS
KS,maple hill,Archdiocese of Kansas City in Kansas,KS
KS,marion,Diocese of Wichita,KS
KS,marquette,Diocese of Wichita,KS
KS,marysville,Archdiocese of Kansas City in Kansas,KS
KS,mayetta,Archdiocese of Kansas City in Kansas,KS
KS,mcconnell afb,Diocese of Wichita,KS
KS,mccune,Diocese of Wichita,KS
KS,mclouth,Archdiocese of Kansas City in Kansas,KS
KS,mcpherson,Diocese of Wichita,KS
KS,meade,Diocese of Dodge City,KS
KS,medicine lodge,Diocese of Dodge City,KS
KS,melvern,Archdiocese of Kansas City in Kansas,KS
KS,meriden,Archdiocese of Kansas City in Kansas,KS
KS,merriam,Archdiocese of Kansas City in Kansas,KS
KS,milford,Diocese of Salina,KS
KS,miltonvale,Diocese of Salina,KS
KS,minneapolis,Diocese of Salina,KS
KS,minneola,Diocese of Dodge City,KS
KS,mission,Archdiocese of Kansas City in Kansas,KS
KS,mission hills,Archdiocese of Kansas City in Kansas,KS
KS,moline,Diocese of Wichita,KS
KS,montezuma,Diocese of Dodge City,KS
KS,moran,Diocese of Wichita,KS
KS,moscow,Diocese of Dodge City,KS
KS,mound city,Archdiocese of Kansas City in Kansas,KS
KS,mound valley,Diocese of Wichita,KS
KS,moundridge,Diocese of Wichita,KS
KS,mount hope,Diocese of Wichita,KS
KS,mulberry,Diocese of Wichita,KS
KS,mulvane,Diocese of Wichita,KS
KS,natoma,Diocese of Salina,KS
KS,neodesha,Diocese of Wichita,KS
KS,ness city,Diocese of Dodge City,KS
KS,new strawn,Archdiocese of Kansas City in Kansas,KS
KS,newton,Diocese of Wichita,KS
KS,nickerson,Diocese of Wichita,KS
KS,north newton,Diocese of Wichita,KS
KS,norton,Diocese of Salina,KS
KS,nortonville,Archdiocese of Kansas City in Kansas,KS
KS,norwich,Diocese of Wichita,KS
KS,oakley,Diocese of Salina,KS
KS,oberlin,Diocese of Salina,KS
KS,ogden,Diocese of Salina,KS
KS,olathe,Archdiocese of Kansas City in Kansas,KS
KS,olpe,Archdiocese of Kansas City in Kansas,KS
KS,onaga,Archdiocese of Kansas City in Kansas,KS
KS,osage city,Archdiocese of Kansas City in Kansas,KS
KS,osawatomie,Archdiocese of Kansas City in Kansas,KS
KS,osborne,Diocese of Salina,KS
KS,oskaloosa,Archdiocese of Kansas City in Kansas,KS
KS,oswego,Diocese of Wichita,KS
KS,ottawa,Archdiocese of Kansas City in Kansas,KS
KS,overbrook,Archdiocese of Kansas City in Kansas,KS
KS,overland park,Archdiocese of Kansas City in Kansas,KS
KS,oxford,Diocese of Wichita,KS
KS,ozawkie,Archdiocese of Kansas City in Kansas,KS
KS,paola,Archdiocese of Kansas City in Kansas,KS
KS,park city,Diocese of Wichita,KS
KS,parkerfield,Diocese of Wichita,KS
KS,parsons,Diocese of Wichita,KS
KS,peabody,Diocese of Wichita,KS
KS,perry,Archdiocese of Kansas City in Kansas,KS
KS,phillipsburg,Diocese of Salina,KS
KS,pittsburg,Diocese of Wichita,KS
KS,plains,Diocese of Dodge City,KS
KS,plainville,Diocese of Salina,KS
KS,pleasanton,Archdiocese of Kansas City in Kansas,KS
KS,pomona,Archdiocese of Kansas City in Kansas,KS
KS,potwin,Diocese of Wichita,KS
KS,prairie village,Archdiocese of Kansas City in Kansas,KS
KS,pratt,Diocese of Dodge City,KS
KS,pretty prairie,Diocese of Wichita,KS
KS,protection,Diocese of Dodge City,KS
KS,quenemo,Archdiocese of Kansas City in Kansas,KS
KS,quinter,Diocese of Salina,KS
KS,richmond,Archdiocese of Kansas City in Kansas,KS
KS,riley,Diocese of Salina,KS
KS,riverton,Diocese of Wichita,KS
KS,roeland park,Archdiocese of Kansas City in Kansas,KS
KS,rolla,Diocese of Dodge City,KS
KS,rose hill,Diocese of Wichita,KS
KS,rossville,Archdiocese of Kansas City in Kansas,KS
KS,russell,Diocese of Salina,KS
KS,sabetha,Archdiocese of Kansas City in Kansas,KS
KS,salina,Diocese of Salina,KS
KS,satanta,Diocese of Dodge City,KS
KS,scammon,Diocese of Wichita,KS
KS,scandia,Diocese of Salina,KS
KS,scott city,Diocese of Dodge City,KS
KS,scranton,Archdiocese of Kansas City in Kansas,KS
KS,sedan,Diocese of Wichita,KS
KS,sedgwick,Diocese of Wichita,KS
KS,seneca,Archdiocese of Kansas City in Kansas,KS
KS,sharon springs,Diocese of Salina,KS
KS,shawnee,Archdiocese of Kansas City in Kansas,KS
KS,silver lake,Archdiocese of Kansas City in Kansas,KS
KS,smith center,Diocese of Salina,KS
KS,solomon,Diocese of Salina,KS
KS,south haven,Diocese of Wichita,KS
KS,south hutchinson,Diocese of Wichita,KS
KS,spearville,Diocese of Dodge City,KS
KS,spring hill,Archdiocese of Kansas City in Kansas,KS
KS,st francis,Diocese of Salina,KS
KS,st george,Archdiocese of Kansas City in Kansas,KS
KS,st john,Diocese of Dodge City,KS
KS,st paul,Diocese of Wichita,KS
KS,stafford,Diocese of Dodge City,KS
KS,sterling,Diocese of Wichita,KS
KS,stockton,Diocese of Salina,KS
KS,strong city,Diocese of Wichita,KS
KS,sublette,Diocese of Dodge City,KS
KS,syracuse,Diocese of Dodge City,KS
KS,tescott,Diocese of Salina,KS
KS,thayer,Diocese of Wichita,KS
KS,tonganoxie,Archdiocese of Kansas City in Kansas,KS
KS,topeka,Archdiocese of Kansas City in Kansas,KS
KS,towanda,Diocese of Wichita,KS
KS,tribune,Diocese of Dodge City,KS
KS,troy,Archdiocese of Kansas City in Kansas,KS
KS,turon,Diocese of Wichita,KS
KS,udall,Diocese of Wichita,KS
KS,ulysses,Diocese of Dodge City,KS
KS,valley center,Diocese of Wichita,KS
KS,valley falls,Archdiocese of Kansas City in Kansas,KS
KS,vassar,Archdiocese of Kansas City in Kansas,KS
KS,victoria,Diocese of Salina,KS
KS,wakeeney,Diocese of Salina,KS
KS,wakefield,Diocese of Salina,KS
KS,wamego,Archdiocese of Kansas City in Kansas,KS
KS,washington,Diocese of Salina,KS
KS,waterville,Archdiocese of Kansas City in Kansas,KS
KS,wathena,Archdiocese of Kansas City in Kansas,KS
KS,waverly,Archdiocese of Kansas City in Kansas,KS
KS,weir,Diocese of Wichita,KS
KS,wellington,Diocese of Wichita,KS
KS,wellsville,Archdiocese of Kansas City in Kansas,KS
KS,westmoreland,Archdiocese of Kansas City in Kansas,KS
KS,westwood,Archdiocese of Kansas City in Kansas,KS
KS,westwood hills,Archdiocese of Kansas City in Kansas,KS
KS,wetmore,Archdiocese of Kansas City in Kansas,KS
KS,white city,Diocese of Wichita,KS
KS,whitewater,Diocese of Wichita,KS
KS,wichita,Diocese of Wichita,KS
KS,williamsburg,Archdiocese of Kansas City in Kansas,KS
KS,wilroads gardens,Diocese of Dodge City,KS
KS,wilson,Diocese of Salina,KS
KS,winchester,Archdiocese of Kansas City in Kansas,KS
KS,winfield,Diocese of Wichita,KS
KS,yates center,Diocese of Wichita,KS
KY,adairville,Diocese of Owensboro,KY
KY,albany,Archdiocese of Louisville,KY
KY,alexandria,Diocese of Covington,KY
KY,anchorage,Archdiocese of Louisville,KY
KY,annville,Diocese of Lexington,KY
KY,artemus,Diocese of Lexington,KY
KY,ashland,Diocese of Lexington,KY
KY,auburn,Diocese of Owensboro,KY
KY,audubon park,Archdiocese of Louisville,KY
KY,augusta,Diocese of Covington,KY
KY,auxier,Diocese of Lexington,KY
KY,bancroft,Archdiocese of Louisville,KY
KY,barbourmeade,Archdiocese of Louisville,KY
KY,barbourville,Diocese of Lexington,KY
KY,bardstown,Archdiocese of Louisville,KY
KY,bardwell,Diocese of Owensboro,KY
KY,barlow,Diocese of Owensboro,KY
KY,beattyville,Diocese of Lexington,KY
KY,beaver dam,Diocese of Owensboro,KY
KY,bedford,Archdiocese of Louisville,KY
KY,beechmont,Diocese of Owensboro,KY
KY,beechwood village,Archdiocese of Louisville,KY
KY,bellefonte,Diocese of Lexington,KY
KY,bellemeade,Archdiocese of Louisville,KY
KY,belleview,Diocese of Covington,KY
KY,bellevue,Diocese of Covington,KY
KY,bellewood,Archdiocese of Louisville,KY
KY,benham,Diocese of Lexington,KY
KY,benton,Diocese of Owensboro,KY
KY,berea,Diocese of Lexington,KY
KY,betsy layne,Diocese of Lexington,KY
KY,bloomfield,Archdiocese of Louisville,KY
KY,blue ridge manor,Archdiocese of Louisville,KY
KY,bowling green,Diocese of Owensboro,KY
KY,brandenburg,Archdiocese of Louisville,KY
KY,breckinridge center,Diocese of Owensboro,KY
KY,briarwood,Archdiocese of Louisville,KY
KY,brodhead,Diocese of Lexington,KY
KY,bromley,Diocese of Covington,KY
KY,brooks,Archdiocese of Louisville,KY
KY,brooksville,Diocese of Covington,KY
KY,brownsboro farm,Archdiocese of Louisville,KY
KY,brownsboro village,Archdiocese of Louisville,KY
KY,brownsville,Diocese of Owensboro,KY
KY,buckner,Archdiocese of Louisville,KY
KY,buechel,Archdiocese of Louisville,KY
KY,buffalo,Archdiocese of Louisville,KY
KY,burgin,Diocese of Lexington,KY
KY,burkesville,Archdiocese of Louisville,KY
KY,burlington,Diocese of Covington,KY
KY,burnside,Diocese of Lexington,KY
KY,butler,Diocese of Covington,KY
KY,cadiz,Diocese of Owensboro,KY
KY,calhoun,Diocese of Owensboro,KY
KY,calvert city,Diocese of Owensboro,KY
KY,camargo,Diocese of Lexington,KY
KY,campbellsburg,Archdiocese of Louisville,KY
KY,campbellsville,Archdiocese of Louisville,KY
KY,campton,Diocese of Lexington,KY
KY,caneyville,Diocese of Owensboro,KY
KY,cannonsburg,Diocese of Lexington,KY
KY,carlisle,Diocese of Lexington,KY
KY,carrollton,Diocese of Covington,KY
KY,catlettsburg,Diocese of Lexington,KY
KY,cave city,Archdiocese of Louisville,KY
KY,cawood,Diocese of Lexington,KY
KY,cecilia,Archdiocese of Louisville,KY
KY,centertown,Diocese of Owensboro,KY
KY,central city,Diocese of Owensboro,KY
KY,cerulean,Diocese of Owensboro,KY
KY,chaplin,Archdiocese of Louisville,KY
KY,cherrywood village,Archdiocese of Louisville,KY
KY,clarkson,Diocese of Owensboro,KY
KY,claryville,Diocese of Covington,KY
KY,clay,Diocese of Owensboro,KY
KY,clay city,Diocese of Lexington,KY
KY,clinton,Diocese of Owensboro,KY
KY,cloverport,Diocese of Owensboro,KY
KY,coal run village,Diocese of Lexington,KY
KY,cold spring,Diocese of Covington,KY
KY,coldstream,Archdiocese of Louisville,KY
KY,columbia,Archdiocese of Louisville,KY
KY,corbin,Diocese of Lexington,KY
KY,corydon,Diocese of Owensboro,KY
KY,covington,Diocese of Covington,KY
KY,crab orchard,Diocese of Lexington,KY
KY,creekside,Archdiocese of Louisville,KY
KY,crescent park,Diocese of Covington,KY
KY,crescent springs,Diocese of Covington,KY
KY,crestview,Diocese of Covington,KY
KY,crestview hills,Diocese of Covington,KY
KY,crestwood,Archdiocese of Louisville,KY
KY,crittenden,Diocese of Covington,KY
KY,crofton,Diocese of Owensboro,KY
KY,cumberland,Diocese of Lexington,KY
KY,cynthiana,Diocese of Covington,KY
KY,danville,Diocese of Lexington,KY
KY,dawson springs,Diocese of Owensboro,KY
KY,dayton,Diocese of Covington,KY
KY,diablock,Diocese of Lexington,KY
KY,dixon,Diocese of Owensboro,KY
KY,doe valley,Archdiocese of Louisville,KY
KY,douglass hills,Archdiocese of Louisville,KY
KY,drakesboro,Diocese of Owensboro,KY
KY,druid hills,Archdiocese of Louisville,KY
KY,dry ridge,Diocese of Covington,KY
KY,dunmor,Diocese of Owensboro,KY
KY,dwale,Diocese of Lexington,KY
KY,earlington,Diocese of Owensboro,KY
KY,east bernstadt,Diocese of Lexington,KY
KY,eddyville,Diocese of Owensboro,KY
KY,edgewood,Diocese of Covington,KY
KY,edmonton,Archdiocese of Louisville,KY
KY,elizabethtown,Archdiocese of Louisville,KY
KY,elk creek,Archdiocese of Louisville,KY
KY,elkfork,Diocese of Lexington,KY
KY,elkhorn city,Diocese of Lexington,KY
KY,elkton,Diocese of Owensboro,KY
KY,elsmere,Diocese of Covington,KY
KY,eminence,Archdiocese of Louisville,KY
KY,emlyn,Diocese of Lexington,KY
KY,erlanger,Diocese of Covington,KY
KY,eubank,Diocese of Lexington,KY
KY,evarts,Diocese of Lexington,KY
KY,fairdale,Archdiocese of Louisville,KY
KY,falmouth,Diocese of Covington,KY
KY,fancy farm,Diocese of Owensboro,KY
KY,farley,Diocese of Owensboro,KY
KY,ferguson,Diocese of Lexington,KY
KY,fern creek,Archdiocese of Louisville,KY
KY,fincastle,Archdiocese of Louisville,KY
KY,flat lick,Diocese of Lexington,KY
KY,flatwoods,Diocese of Lexington,KY
KY,flemingneon,Diocese of Lexington,KY
KY,flemingsburg,Diocese of Covington,KY
KY,florence,Diocese of Covington,KY
KY,fordsville,Diocese of Owensboro,KY
KY,forest hills,Archdiocese of Louisville,KY
KY,fort campbell north,Diocese of Owensboro,KY
KY,fort knox,Archdiocese of Louisville,KY
KY,fort mitchell,Diocese of Covington,KY
KY,fort thomas,Diocese of Covington,KY
KY,fort wright,Diocese of Covington,KY
KY,fox chase,Archdiocese of Louisville,KY
KY,francisville,Diocese of Covington,KY
KY,frankfort,Diocese of Lexington,KY
KY,franklin,Diocese of Owensboro,KY
KY,fredonia,Diocese of Owensboro,KY
KY,freeburn,Diocese of Lexington,KY
KY,frenchburg,Diocese of Lexington,KY
KY,fulton,Diocese of Owensboro,KY
KY,gamaliel,Archdiocese of Louisville,KY
KY,garrison,Diocese of Covington,KY
KY,georgetown,Diocese of Lexington,KY
KY,ghent,Diocese of Covington,KY
KY,gilbertsville,Diocese of Owensboro,KY
KY,glasgow,Archdiocese of Louisville,KY
KY,glencoe,Diocese of Covington,KY
KY,glenview,Archdiocese of Louisville,KY
KY,glenview hills,Archdiocese of Louisville,KY
KY,goshen,Archdiocese of Louisville,KY
KY,grand rivers,Diocese of Owensboro,KY
KY,graymoordevondale,Archdiocese of Louisville,KY
KY,grayson,Diocese of Lexington,KY
KY,green spring,Archdiocese of Louisville,KY
KY,greensburg,Archdiocese of Louisville,KY
KY,greenup,Diocese of Lexington,KY
KY,greenville,Diocese of Owensboro,KY
KY,guthrie,Diocese of Owensboro,KY
KY,hanson,Diocese of Owensboro,KY
KY,hardin,Diocese of Owensboro,KY
KY,hardinsburg,Diocese of Owensboro,KY
KY,harlan,Diocese of Lexington,KY
KY,harrodsburg,Diocese of Lexington,KY
KY,hartford,Diocese of Owensboro,KY
KY,hawesville,Diocese of Owensboro,KY
KY,hazard,Diocese of Lexington,KY
KY,hazel,Diocese of Owensboro,KY
KY,hebron,Diocese of Covington,KY
KY,hebron estates,Archdiocese of Louisville,KY
KY,henderson,Diocese of Owensboro,KY
KY,hendron,Diocese of Owensboro,KY
KY,heritage creek,Archdiocese of Louisville,KY
KY,hickman,Diocese of Owensboro,KY
KY,highland heights,Diocese of Covington,KY
KY,highview,Archdiocese of Louisville,KY
KY,hillview,Archdiocese of Louisville,KY
KY,hindman,Diocese of Lexington,KY
KY,hodgenville,Archdiocese of Louisville,KY
KY,hollow creek,Archdiocese of Louisville,KY
KY,hollyvilla,Archdiocese of Louisville,KY
KY,hopkinsville,Diocese of Owensboro,KY
KY,horse cave,Archdiocese of Louisville,KY
KY,houston acres,Archdiocese of Louisville,KY
KY,hunters hollow,Archdiocese of Louisville,KY
KY,hurstbourne,Archdiocese of Louisville,KY
KY,hurstbourne acres,Archdiocese of Louisville,KY
KY,hustonville,Diocese of Lexington,KY
KY,hyden,Diocese of Lexington,KY
KY,independence,Diocese of Covington,KY
KY,indian hills,Archdiocese of Louisville,KY
KY,indian hills cherokee section,Archdiocese of Louisville,KY
KY,inez,Diocese of Lexington,KY
KY,ironville,Diocese of Lexington,KY
KY,irvine,Diocese of Lexington,KY
KY,irvington,Diocese of Owensboro,KY
KY,island,Diocese of Owensboro,KY
KY,jackson,Diocese of Lexington,KY
KY,jamestown,Archdiocese of Louisville,KY
KY,jeff,Diocese of Lexington,KY
KY,jeffersontown,Archdiocese of Louisville,KY
KY,jeffersonville,Diocese of Lexington,KY
KY,jenkins,Diocese of Lexington,KY
KY,junction city,Diocese of Lexington,KY
KY,keeneland,Archdiocese of Louisville,KY
KY,kevil,Diocese of Owensboro,KY
KY,kingsley,Archdiocese of Louisville,KY
KY,knottsville,Diocese of Owensboro,KY
KY,kuttawa,Diocese of Owensboro,KY
KY,la center,Diocese of Owensboro,KY
KY,la grange,Archdiocese of Louisville,KY
KY,lakeside park,Diocese of Covington,KY
KY,lancaster,Diocese of Lexington,KY
KY,langdon place,Archdiocese of Louisville,KY
KY,latonia lakes,Diocese of Covington,KY
KY,lawrenceburg,Diocese of Lexington,KY
KY,lebanon,Archdiocese of Louisville,KY
KY,lebanon junction,Archdiocese of Louisville,KY
KY,ledbetter,Diocese of Owensboro,KY
KY,leitchfield,Diocese of Owensboro,KY
KY,lewisburg,Diocese of Owensboro,KY
KY,lewisport,Diocese of Owensboro,KY
KY,lexington,Diocese of Lexington,KY
KY,lexingtonfayette,Diocese of Lexington,KY
KY,liberty,Archdiocese of Louisville,KY
KY,livermore,Diocese of Owensboro,KY
KY,london,Diocese of Lexington,KY
KY,lone oak,Diocese of Owensboro,KY
KY,loretto,Archdiocese of Louisville,KY
KY,louisa,Diocese of Lexington,KY
KY,louisville,Archdiocese of Louisville,KY
KY,loyall,Diocese of Lexington,KY
KY,ludlow,Diocese of Covington,KY
KY,lynch,Diocese of Lexington,KY
KY,lyndon,Archdiocese of Louisville,KY
KY,lynnview,Archdiocese of Louisville,KY
KY,maceo,Diocese of Owensboro,KY
KY,madisonville,Diocese of Owensboro,KY
KY,magnolia,Archdiocese of Louisville,KY
KY,manchester,Diocese of Lexington,KY
KY,marion,Diocese of Owensboro,KY
KY,martin,Diocese of Lexington,KY
KY,masonville,Diocese of Owensboro,KY
KY,massac,Diocese of Owensboro,KY
KY,mayfield,Diocese of Owensboro,KY
KY,mayking,Diocese of Lexington,KY
KY,maysville,Diocese of Covington,KY
KY,mchenry,Diocese of Owensboro,KY
KY,mckee,Diocese of Lexington,KY
KY,mcroberts,Diocese of Lexington,KY
KY,meadow vale,Archdiocese of Louisville,KY
KY,meadowview estates,Archdiocese of Louisville,KY
KY,meads,Diocese of Lexington,KY
KY,melbourne,Diocese of Covington,KY
KY,middlesboro,Diocese of Lexington,KY
KY,middletown,Archdiocese of Louisville,KY
KY,midway,Diocese of Lexington,KY
KY,millersburg,Diocese of Lexington,KY
KY,milton,Archdiocese of Louisville,KY
KY,monticello,Diocese of Lexington,KY
KY,moorland,Archdiocese of Louisville,KY
KY,morganfield,Diocese of Owensboro,KY
KY,morgantown,Diocese of Owensboro,KY
KY,mortons gap,Diocese of Owensboro,KY
KY,mount olivet,Diocese of Covington,KY
KY,mount sterling,Diocese of Lexington,KY
KY,mount vernon,Diocese of Lexington,KY
KY,mount washington,Archdiocese of Louisville,KY
KY,muldraugh,Archdiocese of Louisville,KY
KY,munfordville,Archdiocese of Louisville,KY
KY,murray,Diocese of Owensboro,KY
KY,murray hill,Archdiocese of Louisville,KY
KY,new castle,Archdiocese of Louisville,KY
KY,new haven,Archdiocese of Louisville,KY
KY,newburg,Archdiocese of Louisville,KY
KY,newport,Diocese of Covington,KY
KY,nicholasville,Diocese of Lexington,KY
KY,norbourne estates,Archdiocese of Louisville,KY
KY,north corbin,Diocese of Lexington,KY
KY,north middletown,Diocese of Lexington,KY
KY,northfield,Archdiocese of Louisville,KY
KY,nortonville,Diocese of Owensboro,KY
KY,norwood,Archdiocese of Louisville,KY
KY,oak grove,Diocese of Owensboro,KY
KY,oakbrook,Diocese of Covington,KY
KY,okolona,Archdiocese of Louisville,KY
KY,old brownsboro place,Archdiocese of Louisville,KY
KY,old washington,Diocese of Covington,KY
KY,olive hill,Diocese of Lexington,KY
KY,oneida,Diocese of Lexington,KY
KY,orchard grass hills,Archdiocese of Louisville,KY
KY,owensboro,Diocese of Owensboro,KY
KY,owenton,Diocese of Covington,KY
KY,owingsville,Diocese of Lexington,KY
KY,paducah,Diocese of Owensboro,KY
KY,paintsville,Diocese of Lexington,KY
KY,paris,Diocese of Lexington,KY
KY,park city,Archdiocese of Louisville,KY
KY,park hills,Diocese of Covington,KY
KY,park lake,Archdiocese of Louisville,KY
KY,parkway village,Archdiocese of Louisville,KY
KY,pathfork,Diocese of Lexington,KY
KY,payne gap,Diocese of Lexington,KY
KY,pembroke,Diocese of Owensboro,KY
KY,perryville,Diocese of Lexington,KY
KY,petersburg,Diocese of Covington,KY
KY,pewee valley,Archdiocese of Louisville,KY
KY,phelps,Diocese of Lexington,KY
KY,pikeville,Diocese of Lexington,KY
KY,pine knot,Diocese of Lexington,KY
KY,pineville,Diocese of Lexington,KY
KY,pioneer village,Archdiocese of Louisville,KY
KY,pippa passes,Diocese of Lexington,KY
KY,plano,Diocese of Owensboro,KY
KY,plantation,Archdiocese of Louisville,KY
KY,pleasant view,Diocese of Lexington,KY
KY,pleasureville,Archdiocese of Louisville,KY
KY,plum springs,Diocese of Owensboro,KY
KY,poplar hills,Archdiocese of Louisville,KY
KY,powderly,Diocese of Owensboro,KY
KY,prestonsburg,Diocese of Lexington,KY
KY,princeton,Diocese of Owensboro,KY
KY,prospect,Archdiocese of Louisville,KY
KY,pryorsburg,Diocese of Owensboro,KY
KY,rabbit hash,Diocese of Covington,KY
KY,raceland,Diocese of Lexington,KY
KY,radcliff,Archdiocese of Louisville,KY
KY,ravenna,Diocese of Lexington,KY
KY,reidland,Diocese of Owensboro,KY
KY,richlawn,Archdiocese of Louisville,KY
KY,richmond,Diocese of Lexington,KY
KY,river bluff,Archdiocese of Louisville,KY
KY,riverwood,Archdiocese of Louisville,KY
KY,robards,Diocese of Owensboro,KY
KY,rockholds,Diocese of Lexington,KY
KY,rolling fields,Archdiocese of Louisville,KY
KY,rolling hills,Archdiocese of Louisville,KY
KY,russell,Diocese of Lexington,KY
KY,russell springs,Archdiocese of Louisville,KY
KY,russellville,Diocese of Owensboro,KY
KY,ryland heights,Diocese of Covington,KY
KY,sacramento,Diocese of Owensboro,KY
KY,sadieville,Diocese of Lexington,KY
KY,salt lick,Diocese of Lexington,KY
KY,salvisa,Diocese of Lexington,KY
KY,salyersville,Diocese of Lexington,KY
KY,sandy hook,Diocese of Lexington,KY
KY,science hill,Diocese of Lexington,KY
KY,scottsville,Diocese of Owensboro,KY
KY,sebree,Diocese of Owensboro,KY
KY,seneca gardens,Archdiocese of Louisville,KY
KY,sharpsburg,Diocese of Lexington,KY
KY,shelbyville,Archdiocese of Louisville,KY
KY,shepherdsville,Archdiocese of Louisville,KY
KY,shively,Archdiocese of Louisville,KY
KY,silver grove,Diocese of Covington,KY
KY,simpsonville,Archdiocese of Louisville,KY
KY,smiths grove,Diocese of Owensboro,KY
KY,somerset,Diocese of Lexington,KY
KY,sonora,Archdiocese of Louisville,KY
KY,south shore,Diocese of Lexington,KY
KY,south wallins,Diocese of Lexington,KY
KY,south williamson,Diocese of Lexington,KY
KY,southgate,Diocese of Covington,KY
KY,spottsville,Diocese of Owensboro,KY
KY,spring valley,Archdiocese of Louisville,KY
KY,springfield,Archdiocese of Louisville,KY
KY,springlee,Archdiocese of Louisville,KY
KY,st dennis,Archdiocese of Louisville,KY
KY,st matthews,Archdiocese of Louisville,KY
KY,st regis park,Archdiocese of Louisville,KY
KY,stamping ground,Diocese of Lexington,KY
KY,stanford,Diocese of Lexington,KY
KY,stanton,Diocese of Lexington,KY
KY,stearns,Diocese of Lexington,KY
KY,strathmoor gardens,Archdiocese of Louisville,KY
KY,strathmoor manor,Archdiocese of Louisville,KY
KY,strathmoor village,Archdiocese of Louisville,KY
KY,sturgis,Diocese of Owensboro,KY
KY,summer shade,Archdiocese of Louisville,KY
KY,summersville,Archdiocese of Louisville,KY
KY,symsonia,Diocese of Owensboro,KY
KY,taylor mill,Diocese of Covington,KY
KY,taylorsville,Archdiocese of Louisville,KY
KY,tompkinsville,Archdiocese of Louisville,KY
KY,trenton,Diocese of Owensboro,KY
KY,union,Diocese of Covington,KY
KY,uniontown,Diocese of Owensboro,KY
KY,upton,Archdiocese of Louisville,KY
KY,valley station,Archdiocese of Louisville,KY
KY,van lear,Diocese of Lexington,KY
KY,vanceburg,Diocese of Covington,KY
KY,verona,Diocese of Covington,KY
KY,versailles,Diocese of Lexington,KY
KY,vicco,Diocese of Lexington,KY
KY,villa hills,Diocese of Covington,KY
KY,vine grove,Archdiocese of Louisville,KY
KY,walton,Diocese of Covington,KY
KY,warsaw,Diocese of Covington,KY
KY,watterson park,Archdiocese of Louisville,KY
KY,waverly,Diocese of Owensboro,KY
KY,wayland,Diocese of Lexington,KY
KY,wellington,Archdiocese of Louisville,KY
KY,west buechel,Archdiocese of Louisville,KY
KY,west liberty,Diocese of Lexington,KY
KY,west point,Archdiocese of Louisville,KY
KY,wheelwright,Diocese of Lexington,KY
KY,whipps millgate,Archdiocese of Louisville,KY
KY,white plains,Diocese of Owensboro,KY
KY,whitesburg,Diocese of Lexington,KY
KY,whitesville,Diocese of Owensboro,KY
KY,whitley city,Diocese of Lexington,KY
KY,wickliffe,Diocese of Owensboro,KY
KY,wilder,Diocese of Covington,KY
KY,williamsburg,Diocese of Lexington,KY
KY,williamstown,Diocese of Covington,KY
KY,wilmore,Diocese of Lexington,KY
KY,winchester,Diocese of Lexington,KY
KY,winding falls,Archdiocese of Louisville,KY
KY,windy hills,Archdiocese of Louisville,KY
KY,wingo,Diocese of Owensboro,KY
KY,woodburn,Diocese of Owensboro,KY
KY,woodland hills,Archdiocese of Louisville,KY
KY,woodlawn park,Archdiocese of Louisville,KY
KY,worthington hills,Archdiocese of Louisville,KY
KY,wurtland,Diocese of Lexington,KY
LA,abbeville,Diocese of Lafayette in Louisiana,LA
LA,abita springs,Archdiocese of New Orleans,LA
LA,addis,Diocese of Baton Rouge,LA
LA,albany,Diocese of Baton Rouge,LA
LA,alexandria,Diocese of Alexandria,LA
LA,ama,Archdiocese of New Orleans,LA
LA,amite,Diocese of Baton Rouge,LA
LA,anacoco,Diocese of Alexandria,LA
LA,arabi,Archdiocese of New Orleans,LA
LA,arcadia,Diocese of Shreveport,LA
LA,arnaudville,Diocese of Lafayette in Louisiana,LA
LA,baker,Diocese of Baton Rouge,LA
LA,ball,Diocese of Alexandria,LA
LA,banks springs,Diocese of Alexandria,LA
LA,basile,Diocese of Lafayette in Louisiana,LA
LA,bastrop,Diocese of Shreveport,LA
LA,batchelor,Diocese of Baton Rouge,LA
LA,baton rouge,Diocese of Baton Rouge,LA
LA,bawcomville,Diocese of Shreveport,LA
LA,bayou boeuf,Diocese of Houma–Thibodaux,LA
LA,bayou cane,Diocese of Houma–Thibodaux,LA
LA,bayou gauche,Archdiocese of New Orleans,LA
LA,bayou goula,Diocese of Baton Rouge,LA
LA,belle chasse,Archdiocese of New Orleans,LA
LA,belle rose,Diocese of Baton Rouge,LA
LA,belmont,Diocese of Shreveport,LA
LA,benton,Diocese of Shreveport,LA
LA,bernice,Diocese of Shreveport,LA
LA,blanchard,Diocese of Shreveport,LA
LA,bogalusa,Archdiocese of New Orleans,LA
LA,boothville,Archdiocese of New Orleans,LA
LA,bordelonville,Diocese of Alexandria,LA
LA,bossier city,Diocese of Shreveport,LA
LA,bourg,Diocese of Houma–Thibodaux,LA
LA,boutte,Archdiocese of New Orleans,LA
LA,boyce,Diocese of Alexandria,LA
LA,branch,Diocese of Lafayette in Louisiana,LA
LA,breaux bridge,Diocese of Lafayette in Louisiana,LA
LA,broussard,Diocese of Lafayette in Louisiana,LA
LA,brownsfield,Diocese of Baton Rouge,LA
LA,brownsville,Diocese of Shreveport,LA
LA,brusly,Diocese of Baton Rouge,LA
LA,bunkie,Diocese of Alexandria,LA
LA,buras,Archdiocese of New Orleans,LA
LA,cade,Diocese of Lafayette in Louisiana,LA
LA,calhoun,Diocese of Shreveport,LA
LA,cameron,Diocese of Lake Charles,LA
LA,campti,Diocese of Alexandria,LA
LA,cankton,Diocese of Lafayette in Louisiana,LA
LA,carencro,Diocese of Lafayette in Louisiana,LA
LA,carlyss,Diocese of Lake Charles,LA
LA,carville,Diocese of Baton Rouge,LA
LA,catahoula,Diocese of Lafayette in Louisiana,LA
LA,cecilia,Diocese of Lafayette in Louisiana,LA
LA,center point,Diocese of Alexandria,LA
LA,central,Diocese of Baton Rouge,LA
LA,chackbay,Diocese of Houma–Thibodaux,LA
LA,chalmette,Archdiocese of New Orleans,LA
LA,chataignier,Diocese of Lafayette in Louisiana,LA
LA,chatham,Diocese of Shreveport,LA
LA,chauvin,Diocese of Houma–Thibodaux,LA
LA,cheneyville,Diocese of Alexandria,LA
LA,choctaw,Diocese of Houma–Thibodaux,LA
LA,choudrant,Diocese of Shreveport,LA
LA,church point,Diocese of Lafayette in Louisiana,LA
LA,claiborne,Diocese of Shreveport,LA
LA,clarence,Diocese of Alexandria,LA
LA,clarks,Diocese of Alexandria,LA
LA,clayton,Diocese of Alexandria,LA
LA,clinton,Diocese of Baton Rouge,LA
LA,colfax,Diocese of Alexandria,LA
LA,columbia,Diocese of Alexandria,LA
LA,convent,Diocese of Baton Rouge,LA
LA,converse,Diocese of Shreveport,LA
LA,cotton valley,Diocese of Shreveport,LA
LA,cottonport,Diocese of Alexandria,LA
LA,coushatta,Diocese of Shreveport,LA
LA,covington,Archdiocese of New Orleans,LA
LA,crescent,Diocese of Baton Rouge,LA
LA,crowley,Diocese of Lafayette in Louisiana,LA
LA,cullen,Diocese of Shreveport,LA
LA,cut off,Diocese of Houma–Thibodaux,LA
LA,delcambre,Diocese of Lafayette in Louisiana,LA
LA,delhi,Diocese of Shreveport,LA
LA,denham springs,Diocese of Baton Rouge,LA
LA,dequincy,Diocese of Lake Charles,LA
LA,deridder,Diocese of Lake Charles,LA
LA,des allemands,Archdiocese of New Orleans,LA
LA,destrehan,Archdiocese of New Orleans,LA
LA,deville,Diocese of Alexandria,LA
LA,dodson,Diocese of Alexandria,LA
LA,donaldsonville,Diocese of Baton Rouge,LA
LA,doyline,Diocese of Shreveport,LA
LA,dry prong,Diocese of Alexandria,LA
LA,dubach,Diocese of Shreveport,LA
LA,dulac,Diocese of Houma–Thibodaux,LA
LA,duson,Diocese of Lafayette in Louisiana,LA
LA,eastwood,Diocese of Shreveport,LA
LA,eden isle,Archdiocese of New Orleans,LA
LA,edgard,Archdiocese of New Orleans,LA
LA,egan,Diocese of Lafayette in Louisiana,LA
LA,elizabeth,Diocese of Lake Charles,LA
LA,elton,Diocese of Lake Charles,LA
LA,empire,Archdiocese of New Orleans,LA
LA,epps,Diocese of Shreveport,LA
LA,erath,Diocese of Lafayette in Louisiana,LA
LA,erwinville,Diocese of Baton Rouge,LA
LA,estherwood,Diocese of Lafayette in Louisiana,LA
LA,eunice,Diocese of Lafayette in Louisiana,LA
LA,evergreen,Diocese of Alexandria,LA
LA,farmerville,Diocese of Shreveport,LA
LA,fenton,Diocese of Lake Charles,LA
LA,ferriday,Diocese of Alexandria,LA
LA,fifth ward,Diocese of Alexandria,LA
LA,florien,Diocese of Shreveport,LA
LA,folsom,Archdiocese of New Orleans,LA
LA,fordoche,Diocese of Baton Rouge,LA
LA,forest,Diocese of Shreveport,LA
LA,forest hill,Diocese of Alexandria,LA
LA,fort jesup,Diocese of Shreveport,LA
LA,fort polk north,Diocese of Alexandria,LA
LA,fort polk south,Diocese of Alexandria,LA
LA,franklinton,Archdiocese of New Orleans,LA
LA,french settlement,Diocese of Baton Rouge,LA
LA,galliano,Diocese of Houma–Thibodaux,LA
LA,gardere,Diocese of Baton Rouge,LA
LA,garyville,Archdiocese of New Orleans,LA
LA,georgetown,Diocese of Alexandria,LA
LA,gibsland,Diocese of Shreveport,LA
LA,gilbert,Diocese of Alexandria,LA
LA,gillis,Diocese of Lake Charles,LA
LA,glenmora,Diocese of Alexandria,LA
LA,golden meadow,Diocese of Houma–Thibodaux,LA
LA,goldonna,Diocese of Alexandria,LA
LA,gonzales,Diocese of Baton Rouge,LA
LA,grambling,Diocese of Shreveport,LA
LA,gramercy,Diocese of Baton Rouge,LA
LA,grand bayou mobile home park,Diocese of Houma–Thibodaux,LA
LA,grand coteau,Diocese of Lafayette in Louisiana,LA
LA,grand point,Diocese of Baton Rouge,LA
LA,gray,Diocese of Houma–Thibodaux,LA
LA,grayson,Diocese of Alexandria,LA
LA,greensburg,Diocese of Baton Rouge,LA
LA,grosse tete,Diocese of Baton Rouge,LA
LA,gueydan,Diocese of Lafayette in Louisiana,LA
LA,hackberry,Diocese of Lake Charles,LA
LA,hahnville,Archdiocese of New Orleans,LA
LA,hammond,Diocese of Baton Rouge,LA
LA,harrisonburg,Diocese of Alexandria,LA
LA,haughton,Diocese of Shreveport,LA
LA,hayes,Diocese of Lake Charles,LA
LA,haynesville,Diocese of Shreveport,LA
LA,henderson,Diocese of Lafayette in Louisiana,LA
LA,hessmer,Diocese of Alexandria,LA
LA,hester,Diocese of Baton Rouge,LA
LA,hodge,Diocese of Shreveport,LA
LA,homer,Diocese of Shreveport,LA
LA,hornbeck,Diocese of Alexandria,LA
LA,hosston,Diocese of Shreveport,LA
LA,houma,Diocese of Houma–Thibodaux,LA
LA,independence,Diocese of Baton Rouge,LA
LA,inniswold,Diocese of Baton Rouge,LA
LA,iota,Diocese of Lafayette in Louisiana,LA
LA,iowa,Diocese of Lake Charles,LA
LA,jackson,Diocese of Baton Rouge,LA
LA,jeanerette,Diocese of Lafayette in Louisiana,LA
LA,jena,Diocese of Alexandria,LA
LA,jennings,Diocese of Lake Charles,LA
LA,jonesboro,Diocese of Shreveport,LA
LA,jonesville,Diocese of Alexandria,LA
LA,joyce,Diocese of Alexandria,LA
LA,junction city,Diocese of Shreveport,LA
LA,kaplan,Diocese of Lafayette in Louisiana,LA
LA,kentwood,Diocese of Baton Rouge,LA
LA,kilbourne,Diocese of Shreveport,LA
LA,killian,Diocese of Baton Rouge,LA
LA,killona,Archdiocese of New Orleans,LA
LA,kinder,Diocese of Lake Charles,LA
LA,kraemer,Diocese of Houma–Thibodaux,LA
LA,krotz springs,Diocese of Lafayette in Louisiana,LA
LA,labadieville,Diocese of Baton Rouge,LA
LA,lacassine,Diocese of Lake Charles,LA
LA,lacombe,Archdiocese of New Orleans,LA
LA,lafayette,Diocese of Lafayette in Louisiana,LA
LA,lake arthur,Diocese of Lake Charles,LA
LA,lake charles,Diocese of Lake Charles,LA
LA,lake providence,Diocese of Shreveport,LA
LA,lakeshore,Diocese of Shreveport,LA
LA,lakeview,Diocese of Shreveport,LA
LA,laplace,Archdiocese of New Orleans,LA
LA,larose,Diocese of Houma–Thibodaux,LA
LA,lawtell,Diocese of Lafayette in Louisiana,LA
LA,lecompte,Diocese of Alexandria,LA
LA,leesville,Diocese of Alexandria,LA
LA,lemannville,Diocese of Baton Rouge,LA
LA,leonville,Diocese of Lafayette in Louisiana,LA
LA,livingston,Diocese of Baton Rouge,LA
LA,livonia,Diocese of Baton Rouge,LA
LA,lockport,Diocese of Houma–Thibodaux,LA
LA,lockport heights,Diocese of Houma–Thibodaux,LA
LA,logansport,Diocese of Shreveport,LA
LA,longville,Diocese of Lake Charles,LA
LA,loreauville,Diocese of Lafayette in Louisiana,LA
LA,luling,Archdiocese of New Orleans,LA
LA,lutcher,Diocese of Baton Rouge,LA
LA,lydia,Diocese of Lafayette in Louisiana,LA
LA,madisonville,Archdiocese of New Orleans,LA
LA,mamou,Diocese of Lafayette in Louisiana,LA
LA,mandeville,Archdiocese of New Orleans,LA
LA,mangham,Diocese of Shreveport,LA
LA,mansfield,Diocese of Shreveport,LA
LA,mansura,Diocese of Alexandria,LA
LA,many,Diocese of Shreveport,LA
LA,maringouin,Diocese of Baton Rouge,LA
LA,marion,Diocese of Shreveport,LA
LA,marksville,Diocese of Alexandria,LA
LA,martin,Diocese of Shreveport,LA
LA,mathews,Diocese of Houma–Thibodaux,LA
LA,maurice,Diocese of Lafayette in Louisiana,LA
LA,melville,Diocese of Lafayette in Louisiana,LA
LA,mer rouge,Diocese of Shreveport,LA
LA,meraux,Archdiocese of New Orleans,LA
LA,mermentau,Diocese of Lafayette in Louisiana,LA
LA,merrydale,Diocese of Baton Rouge,LA
LA,merryville,Diocese of Lake Charles,LA
LA,midway,Diocese of Alexandria,LA
LA,milton,Diocese of Lafayette in Louisiana,LA
LA,minden,Diocese of Shreveport,LA
LA,minorca,Diocese of Alexandria,LA
LA,monroe,Diocese of Shreveport,LA
LA,montegut,Diocese of Houma–Thibodaux,LA
LA,monterey,Diocese of Alexandria,LA
LA,montgomery,Diocese of Alexandria,LA
LA,monticello,Diocese of Shreveport,LA
LA,montz,Archdiocese of New Orleans,LA
LA,mooringsport,Diocese of Shreveport,LA
LA,moreauville,Diocese of Alexandria,LA
LA,morganza,Diocese of Baton Rouge,LA
LA,morse,Diocese of Lafayette in Louisiana,LA
LA,moss bluff,Diocese of Lake Charles,LA
LA,napoleonville,Diocese of Baton Rouge,LA
LA,natalbany,Diocese of Baton Rouge,LA
LA,natchez,Diocese of Alexandria,LA
LA,natchitoches,Diocese of Alexandria,LA
LA,new iberia,Diocese of Lafayette in Louisiana,LA
LA,new llano,Diocese of Alexandria,LA
LA,new orleans,Archdiocese of New Orleans,LA
LA,new roads,Diocese of Baton Rouge,LA
LA,new sarpy,Archdiocese of New Orleans,LA
LA,newellton,Diocese of Alexandria,LA
LA,norco,Archdiocese of New Orleans,LA
LA,north hodge,Diocese of Shreveport,LA
LA,north vacherie,Diocese of Baton Rouge,LA
LA,norwood,Diocese of Baton Rouge,LA
LA,oak grove,Diocese of Shreveport,LA
LA,oak hills place,Diocese of Baton Rouge,LA
LA,oakdale,Diocese of Lake Charles,LA
LA,oberlin,Diocese of Lake Charles,LA
LA,oil city,Diocese of Shreveport,LA
LA,old jefferson,Diocese of Baton Rouge,LA
LA,olla,Diocese of Alexandria,LA
LA,opelousas,Diocese of Lafayette in Louisiana,LA
LA,oretta,Diocese of Lake Charles,LA
LA,ossun,Diocese of Lafayette in Louisiana,LA
LA,paincourtville,Diocese of Baton Rouge,LA
LA,paradis,Archdiocese of New Orleans,LA
LA,parks,Diocese of Lafayette in Louisiana,LA
LA,paulina,Diocese of Baton Rouge,LA
LA,pearl river,Archdiocese of New Orleans,LA
LA,pierre part,Diocese of Baton Rouge,LA
LA,pine prairie,Diocese of Lafayette in Louisiana,LA
LA,pineville,Diocese of Alexandria,LA
LA,pitkin,Diocese of Alexandria,LA
LA,plain dealing,Diocese of Shreveport,LA
LA,plaquemine,Diocese of Baton Rouge,LA
LA,pleasant hill,Diocese of Shreveport,LA
LA,point place,Diocese of Alexandria,LA
LA,pollock,Diocese of Alexandria,LA
LA,ponchatoula,Diocese of Baton Rouge,LA
LA,port allen,Diocese of Baton Rouge,LA
LA,port barre,Diocese of Lafayette in Louisiana,LA
LA,port sulphur,Archdiocese of New Orleans,LA
LA,port vincent,Diocese of Baton Rouge,LA
LA,poydras,Archdiocese of New Orleans,LA
LA,prairieville,Diocese of Baton Rouge,LA
LA,presquille,Diocese of Houma–Thibodaux,LA
LA,prien,Diocese of Lake Charles,LA
LA,prospect,Diocese of Alexandria,LA
LA,provencal,Diocese of Alexandria,LA
LA,raceland,Diocese of Houma–Thibodaux,LA
LA,rayne,Diocese of Lafayette in Louisiana,LA
LA,rayville,Diocese of Shreveport,LA
LA,red chute,Diocese of Shreveport,LA
LA,reddell,Diocese of Lafayette in Louisiana,LA
LA,reserve,Archdiocese of New Orleans,LA
LA,richmond,Diocese of Alexandria,LA
LA,richwood,Diocese of Shreveport,LA
LA,ridgecrest,Diocese of Alexandria,LA
LA,ringgold,Diocese of Shreveport,LA
LA,roanoke,Diocese of Lake Charles,LA
LA,rosedale,Diocese of Baton Rouge,LA
LA,roseland,Diocese of Baton Rouge,LA
LA,rosepine,Diocese of Alexandria,LA
LA,ruston,Diocese of Shreveport,LA
LA,sarepta,Diocese of Shreveport,LA
LA,schriever,Diocese of Houma–Thibodaux,LA
LA,scott,Diocese of Lafayette in Louisiana,LA
LA,shenandoah,Diocese of Baton Rouge,LA
LA,shreveport,Diocese of Shreveport,LA
LA,sibley,Diocese of Shreveport,LA
LA,sicily island,Diocese of Alexandria,LA
LA,simmesport,Diocese of Alexandria,LA
LA,simpson,Diocese of Alexandria,LA
LA,simsboro,Diocese of Shreveport,LA
LA,slaughter,Diocese of Baton Rouge,LA
LA,slidell,Archdiocese of New Orleans,LA
LA,sorrento,Diocese of Baton Rouge,LA
LA,south mansfield,Diocese of Shreveport,LA
LA,south vacherie,Diocese of Baton Rouge,LA
LA,spokane,Diocese of Alexandria,LA
LA,springfield,Diocese of Baton Rouge,LA
LA,springhill,Diocese of Shreveport,LA
LA,st francisville,Diocese of Baton Rouge,LA
LA,st gabriel,Diocese of Baton Rouge,LA
LA,st james,Diocese of Baton Rouge,LA
LA,st joseph,Diocese of Alexandria,LA
LA,st martinville,Diocese of Lafayette in Louisiana,LA
LA,st maurice,Diocese of Alexandria,LA
LA,st rose,Archdiocese of New Orleans,LA
LA,starks,Diocese of Lake Charles,LA
LA,start,Diocese of Shreveport,LA
LA,sterlington,Diocese of Shreveport,LA
LA,stonewall,Diocese of Shreveport,LA
LA,sulphur,Diocese of Lake Charles,LA
LA,sun,Archdiocese of New Orleans,LA
LA,sunset,Diocese of Lafayette in Louisiana,LA
LA,supreme,Diocese of Baton Rouge,LA
LA,swartz,Diocese of Shreveport,LA
LA,tallulah,Diocese of Alexandria,LA
LA,tangipahoa,Diocese of Baton Rouge,LA
LA,thibodaux,Diocese of Houma–Thibodaux,LA
LA,tickfaw,Diocese of Baton Rouge,LA
LA,tullos,Diocese of Alexandria,LA
LA,turkey creek,Diocese of Lafayette in Louisiana,LA
LA,union,Diocese of Baton Rouge,LA
LA,urania,Diocese of Alexandria,LA
LA,varnado,Archdiocese of New Orleans,LA
LA,ventress,Diocese of Baton Rouge,LA
LA,vidalia,Diocese of Alexandria,LA
LA,vienna,Diocese of Shreveport,LA
LA,vienna bend,Diocese of Alexandria,LA
LA,village st george,Diocese of Baton Rouge,LA
LA,ville platte,Diocese of Lafayette in Louisiana,LA
LA,vinton,Diocese of Lake Charles,LA
LA,violet,Archdiocese of New Orleans,LA
LA,vivian,Diocese of Shreveport,LA
LA,walker,Diocese of Baton Rouge,LA
LA,wallace,Archdiocese of New Orleans,LA
LA,wallace ridge,Diocese of Alexandria,LA
LA,washington,Diocese of Lafayette in Louisiana,LA
LA,waterproof,Diocese of Alexandria,LA
LA,watson,Diocese of Baton Rouge,LA
LA,welcome,Diocese of Baton Rouge,LA
LA,welsh,Diocese of Lake Charles,LA
LA,west ferriday,Diocese of Alexandria,LA
LA,west monroe,Diocese of Shreveport,LA
LA,westlake,Diocese of Lake Charles,LA
LA,white castle,Diocese of Baton Rouge,LA
LA,wilson,Diocese of Baton Rouge,LA
LA,winnfield,Diocese of Alexandria,LA
LA,winnsboro,Diocese of Alexandria,LA
LA,wisner,Diocese of Alexandria,LA
LA,woodworth,Diocese of Alexandria,LA
LA,youngsville,Diocese of Lafayette in Louisiana,LA
LA,zachary,Diocese of Baton Rouge,LA
LA,zwolle,Diocese of Shreveport,LA
MA,aberdeen,Archdiocese of Boston,MA
MA,acton,Archdiocese of Boston,MA
MA,acushnet,Diocese of Fall River,MA
MA,acushnet center,Diocese of Fall River,MA
MA,adams,Diocese of Springfield in Massachusetts,MA
MA,agawam,Diocese of Springfield in Massachusetts,MA
MA,alford,Diocese of Springfield in Massachusetts,MA
MA,allston,Archdiocese of Boston,MA
MA,allstonbrighton,Archdiocese of Boston,MA
MA,amesbury,Archdiocese of Boston,MA
MA,amherst,Diocese of Springfield in Massachusetts,MA
MA,amherst center,Diocese of Springfield in Massachusetts,MA
MA,andover,Archdiocese of Boston,MA
MA,arlington,Archdiocese of Boston,MA
MA,ashburnham,Diocese of Worcester,MA
MA,ashby,Archdiocese of Boston,MA
MA,ashfield,Diocese of Springfield in Massachusetts,MA
MA,ashland,Archdiocese of Boston,MA
MA,ashmont,Archdiocese of Boston,MA
MA,assonet,Diocese of Fall River,MA
MA,athol,Diocese of Worcester,MA
MA,attleboro,Diocese of Fall River,MA
MA,auburn,Diocese of Worcester,MA
MA,auburndale,Archdiocese of Boston,MA
MA,avon,Archdiocese of Boston,MA
MA,ayer,Archdiocese of Boston,MA
MA,back bay,Archdiocese of Boston,MA
MA,back of the hill,Archdiocese of Boston,MA
MA,baldwinville,Diocese of Worcester,MA
MA,barnstable,Diocese of Fall River,MA
MA,barre,Diocese of Worcester,MA
MA,beacon hill,Archdiocese of Boston,MA
MA,beaconsfield,Archdiocese of Boston,MA
MA,becket,Diocese of Springfield in Massachusetts,MA
MA,bedford,Archdiocese of Boston,MA
MA,belchertown,Diocese of Springfield in Massachusetts,MA
MA,bellevue,Archdiocese of Boston,MA
MA,bellingham,Archdiocese of Boston,MA
MA,belmont,Archdiocese of Boston,MA
MA,bemis,Archdiocese of Boston,MA
MA,berkley,Diocese of Fall River,MA
MA,berkshire heights,Diocese of Springfield in Massachusetts,MA
MA,berlin,Diocese of Worcester,MA
MA,bernardston,Diocese of Springfield in Massachusetts,MA
MA,beverly,Archdiocese of Boston,MA
MA,beverly cove,Archdiocese of Boston,MA
MA,billerica,Archdiocese of Boston,MA
MA,blackstone,Diocese of Worcester,MA
MA,blandford,Diocese of Springfield in Massachusetts,MA
MA,bliss corner,Diocese of Fall River,MA
MA,bolton,Diocese of Worcester,MA
MA,bondsville,Diocese of Springfield in Massachusetts,MA
MA,boston,Archdiocese of Boston,MA
MA,bourne,Diocese of Fall River,MA
MA,boxborough,Archdiocese of Boston,MA
MA,boxford,Archdiocese of Boston,MA
MA,boylston,Diocese of Worcester,MA
MA,braintree,Archdiocese of Boston,MA
MA,brewster,Diocese of Fall River,MA
MA,brighton,Archdiocese of Boston,MA
MA,brimfield,Diocese of Springfield in Massachusetts,MA
MA,brook farm,Archdiocese of Boston,MA
MA,brookfield,Diocese of Worcester,MA
MA,brookline,Archdiocese of Boston,MA
MA,buckland,Diocese of Springfield in Massachusetts,MA
MA,burlington,Archdiocese of Boston,MA
MA,buzzards bay,Diocese of Fall River,MA
MA,cambridge,Archdiocese of Boston,MA
MA,canton,Archdiocese of Boston,MA
MA,carlisle,Archdiocese of Boston,MA
MA,centerville,Diocese of Fall River,MA
MA,charlemont,Diocese of Springfield in Massachusetts,MA
MA,charlestown,Archdiocese of Boston,MA
MA,charlton,Diocese of Worcester,MA
MA,chatham,Diocese of Fall River,MA
MA,chelmsford,Archdiocese of Boston,MA
MA,chelsea,Archdiocese of Boston,MA
MA,cheshire,Diocese of Springfield in Massachusetts,MA
MA,chester,Diocese of Springfield in Massachusetts,MA
MA,chesterfield,Diocese of Springfield in Massachusetts,MA
MA,chestnut hill,Archdiocese of Boston,MA
MA,chicopee,Diocese of Springfield in Massachusetts,MA
MA,chilmark,Diocese of Fall River,MA
MA,clarendon hills,Archdiocese of Boston,MA
MA,clinton,Diocese of Worcester,MA
MA,cochituate,Archdiocese of Boston,MA
MA,cohasset,Archdiocese of Boston,MA
MA,colrain,Diocese of Springfield in Massachusetts,MA
MA,concord,Archdiocese of Boston,MA
MA,conway,Diocese of Springfield in Massachusetts,MA
MA,coolidge corner,Archdiocese of Boston,MA
MA,cordaville,Diocese of Worcester,MA
MA,cotuit,Diocese of Fall River,MA
MA,cummington,Diocese of Springfield in Massachusetts,MA
MA,dalton,Diocese of Springfield in Massachusetts,MA
MA,danvers,Archdiocese of Boston,MA
MA,dedham,Archdiocese of Boston,MA
MA,deerfield,Diocese of Springfield in Massachusetts,MA
MA,dennis port,Diocese of Fall River,MA
MA,devens,Diocese of Worcester,MA
MA,dighton,Diocese of Fall River,MA
MA,dorchester,Archdiocese of Boston,MA
MA,douglas,Diocese of Worcester,MA
MA,dover,Archdiocese of Boston,MA
MA,dracut,Archdiocese of Boston,MA
MA,dudley,Diocese of Worcester,MA
MA,dunstable,Archdiocese of Boston,MA
MA,east boston,Archdiocese of Boston,MA
MA,east brookfield,Diocese of Worcester,MA
MA,east cambridge,Archdiocese of Boston,MA
MA,east dennis,Diocese of Fall River,MA
MA,east douglas,Diocese of Worcester,MA
MA,east falmouth,Diocese of Fall River,MA
MA,east harwich,Diocese of Fall River,MA
MA,east longmeadow,Diocese of Springfield in Massachusetts,MA
MA,east pepperell,Archdiocese of Boston,MA
MA,east sandwich,Diocese of Fall River,MA
MA,east somerville,Archdiocese of Boston,MA
MA,eastham,Diocese of Fall River,MA
MA,easthampton,Diocese of Springfield in Massachusetts,MA
MA,easton,Diocese of Fall River,MA
MA,edgartown,Diocese of Fall River,MA
MA,erving,Diocese of Springfield in Massachusetts,MA
MA,essex,Archdiocese of Boston,MA
MA,everett,Archdiocese of Boston,MA
MA,fairhaven,Diocese of Fall River,MA
MA,fairmount,Archdiocese of Boston,MA
MA,fall river,Diocese of Fall River,MA
MA,falmouth,Diocese of Fall River,MA
MA,faneuil,Archdiocese of Boston,MA
MA,fiskdale,Diocese of Worcester,MA
MA,fitchburg,Diocese of Worcester,MA
MA,florida,Diocese of Springfield in Massachusetts,MA
MA,forestdale,Diocese of Fall River,MA
MA,foxborough,Archdiocese of Boston,MA
MA,framingham,Archdiocese of Boston,MA
MA,framingham center,Archdiocese of Boston,MA
MA,franklin,Archdiocese of Boston,MA
MA,freetown,Diocese of Fall River,MA
MA,gardner,Diocese of Worcester,MA
MA,gill,Diocese of Springfield in Massachusetts,MA
MA,gloucester,Archdiocese of Boston,MA
MA,goshen,Diocese of Springfield in Massachusetts,MA
MA,grafton,Diocese of Worcester,MA
MA,granby,Diocese of Springfield in Massachusetts,MA
MA,granville,Diocese of Springfield in Massachusetts,MA
MA,great barrington,Diocese of Springfield in Massachusetts,MA
MA,greenfield,Diocese of Springfield in Massachusetts,MA
MA,groton,Archdiocese of Boston,MA
MA,grove hall,Archdiocese of Boston,MA
MA,groveland,Archdiocese of Boston,MA
MA,hadley,Diocese of Springfield in Massachusetts,MA
MA,hamilton worcester,Diocese of Worcester,MA
MA,hampden,Diocese of Springfield in Massachusetts,MA
MA,hancock,Diocese of Springfield in Massachusetts,MA
MA,hardwick,Diocese of Worcester,MA
MA,harvard,Diocese of Worcester,MA
MA,harwich,Diocese of Fall River,MA
MA,harwich center,Diocese of Fall River,MA
MA,harwich port,Diocese of Fall River,MA
MA,hatfield,Diocese of Springfield in Massachusetts,MA
MA,haverhill,Archdiocese of Boston,MA
MA,hawley,Diocese of Springfield in Massachusetts,MA
MA,head of westport,Diocese of Fall River,MA
MA,heath,Diocese of Springfield in Massachusetts,MA
MA,highland,Archdiocese of Boston,MA
MA,hinsdale,Diocese of Springfield in Massachusetts,MA
MA,holbrook,Archdiocese of Boston,MA
MA,holden,Diocese of Worcester,MA
MA,holland,Diocese of Springfield in Massachusetts,MA
MA,holliston,Archdiocese of Boston,MA
MA,holyoke,Diocese of Springfield in Massachusetts,MA
MA,hopedale,Diocese of Worcester,MA
MA,hopkinton,Archdiocese of Boston,MA
MA,housatonic,Diocese of Springfield in Massachusetts,MA
MA,hubbardston,Diocese of Worcester,MA
MA,hudson,Archdiocese of Boston,MA
MA,huntington,Diocese of Springfield in Massachusetts,MA
MA,hyannis,Diocese of Fall River,MA
MA,hyde park,Archdiocese of Boston,MA
MA,ipswich,Archdiocese of Boston,MA
MA,jeffries point,Archdiocese of Boston,MA
MA,kendall square,Archdiocese of Boston,MA
MA,lancaster,Diocese of Worcester,MA
MA,lanesborough,Diocese of Springfield in Massachusetts,MA
MA,lawrence,Archdiocese of Boston,MA
MA,lee,Diocese of Springfield in Massachusetts,MA
MA,leicester,Diocese of Worcester,MA
MA,lenox,Diocese of Springfield in Massachusetts,MA
MA,leominster,Diocese of Worcester,MA
MA,leverett,Diocese of Springfield in Massachusetts,MA
MA,lexington,Archdiocese of Boston,MA
MA,leyden,Diocese of Springfield in Massachusetts,MA
MA,lincoln,Archdiocese of Boston,MA
MA,littleton common,Archdiocese of Boston,MA
MA,longmeadow,Diocese of Springfield in Massachusetts,MA
MA,lowell,Archdiocese of Boston,MA
MA,lower allston,Archdiocese of Boston,MA
MA,ludlow,Diocese of Springfield in Massachusetts,MA
MA,lunenburg,Diocese of Worcester,MA
MA,lynn,Archdiocese of Boston,MA
MA,lynnfield,Archdiocese of Boston,MA
MA,malden,Archdiocese of Boston,MA
MA,manchesterbythesea,Archdiocese of Boston,MA
MA,mansfield,Diocese of Fall River,MA
MA,mansfield center,Diocese of Fall River,MA
MA,marblehead,Archdiocese of Boston,MA
MA,marlborough,Archdiocese of Boston,MA
MA,marstons mills,Diocese of Fall River,MA
MA,mashpee,Diocese of Fall River,MA
MA,mashpee neck,Diocese of Fall River,MA
MA,mattapan,Archdiocese of Boston,MA
MA,maynard,Archdiocese of Boston,MA
MA,medfield,Archdiocese of Boston,MA
MA,medford,Archdiocese of Boston,MA
MA,medway,Archdiocese of Boston,MA
MA,melrose,Archdiocese of Boston,MA
MA,mendon,Diocese of Worcester,MA
MA,merrimac,Archdiocese of Boston,MA
MA,methuen,Archdiocese of Boston,MA
MA,middlefield,Diocese of Springfield in Massachusetts,MA
MA,middleton,Archdiocese of Boston,MA
MA,milford,Diocese of Worcester,MA
MA,millbury,Diocese of Worcester,MA
MA,millers falls,Diocese of Springfield in Massachusetts,MA
MA,millis,Archdiocese of Boston,MA
MA,millisclicquot,Archdiocese of Boston,MA
MA,millville,Diocese of Worcester,MA
MA,milton,Archdiocese of Boston,MA
MA,milton center,Archdiocese of Boston,MA
MA,milton upper mills,Archdiocese of Boston,MA
MA,milton village,Archdiocese of Boston,MA
MA,mission hill,Archdiocese of Boston,MA
MA,monson,Diocese of Springfield in Massachusetts,MA
MA,monson center,Diocese of Springfield in Massachusetts,MA
MA,montague,Diocese of Springfield in Massachusetts,MA
MA,monterey,Diocese of Springfield in Massachusetts,MA
MA,montgomery,Diocese of Springfield in Massachusetts,MA
MA,monument beach,Diocese of Fall River,MA
MA,nahant,Archdiocese of Boston,MA
MA,nantucket,Diocese of Fall River,MA
MA,natick,Archdiocese of Boston,MA
MA,needham,Archdiocese of Boston,MA
MA,new bedford,Diocese of Fall River,MA
MA,new braintree,Diocese of Worcester,MA
MA,new marlborough,Diocese of Springfield in Massachusetts,MA
MA,new salem,Diocese of Springfield in Massachusetts,MA
MA,new seabury,Diocese of Fall River,MA
MA,newburyport,Archdiocese of Boston,MA
MA,newton,Archdiocese of Boston,MA
MA,newton center,Archdiocese of Boston,MA
MA,newton corner,Archdiocese of Boston,MA
MA,newton highlands,Archdiocese of Boston,MA
MA,newton lower falls,Archdiocese of Boston,MA
MA,newton upper falls,Archdiocese of Boston,MA
MA,newtonville,Archdiocese of Boston,MA
MA,nonantum,Archdiocese of Boston,MA
MA,norfolk,Archdiocese of Boston,MA
MA,north adams,Diocese of Springfield in Massachusetts,MA
MA,north amherst,Diocese of Springfield in Massachusetts,MA
MA,north andover,Archdiocese of Boston,MA
MA,north attleborough center,Diocese of Fall River,MA
MA,north brighton,Archdiocese of Boston,MA
MA,north brookfield,Diocese of Worcester,MA
MA,north chicopee,Diocese of Springfield in Massachusetts,MA
MA,north eastham,Diocese of Fall River,MA
MA,north falmouth,Diocese of Fall River,MA
MA,north reading,Archdiocese of Boston,MA
MA,north seekonk,Diocese of Fall River,MA
MA,north westport,Diocese of Fall River,MA
MA,northampton,Diocese of Springfield in Massachusetts,MA
MA,northborough,Diocese of Worcester,MA
MA,northbridge,Diocese of Worcester,MA
MA,northfield,Diocese of Springfield in Massachusetts,MA
MA,northwest harwich,Diocese of Fall River,MA
MA,norton,Diocese of Fall River,MA
MA,norton center,Diocese of Fall River,MA
MA,norwood,Archdiocese of Boston,MA
MA,oak bluffs,Diocese of Fall River,MA
MA,oak hill park,Archdiocese of Boston,MA
MA,oakham,Diocese of Worcester,MA
MA,ocean grove,Diocese of Fall River,MA
MA,orange,Diocese of Springfield in Massachusetts,MA
MA,orient heights,Archdiocese of Boston,MA
MA,orleans,Diocese of Fall River,MA
MA,osterville,Diocese of Fall River,MA
MA,otis,Diocese of Springfield in Massachusetts,MA
MA,oxford,Diocese of Worcester,MA
MA,palmer,Diocese of Springfield in Massachusetts,MA
MA,paxton,Diocese of Worcester,MA
MA,peabody,Archdiocese of Boston,MA
MA,pelham,Diocese of Springfield in Massachusetts,MA
MA,pepperell,Archdiocese of Boston,MA
MA,peru,Diocese of Springfield in Massachusetts,MA
MA,phillipston,Diocese of Worcester,MA
MA,pinehurst,Archdiocese of Boston,MA
MA,pittsfield,Diocese of Springfield in Massachusetts,MA
MA,plainville,Archdiocese of Boston,MA
MA,pocasset,Diocese of Fall River,MA
MA,princeton,Diocese of Worcester,MA
MA,provincetown,Diocese of Fall River,MA
MA,quincy,Archdiocese of Boston,MA
MA,randolph,Archdiocese of Boston,MA
MA,raynham,Diocese of Fall River,MA
MA,raynham center,Diocese of Fall River,MA
MA,reading,Archdiocese of Boston,MA
MA,readville,Archdiocese of Boston,MA
MA,rehoboth,Diocese of Fall River,MA
MA,reservoir,Archdiocese of Boston,MA
MA,revere,Archdiocese of Boston,MA
MA,richmond,Diocese of Springfield in Massachusetts,MA
MA,rockport,Archdiocese of Boston,MA
MA,roslindale,Archdiocese of Boston,MA
MA,rowe,Diocese of Springfield in Massachusetts,MA
MA,rowley,Archdiocese of Boston,MA
MA,roxbury crossing,Archdiocese of Boston,MA
MA,royalston,Diocese of Worcester,MA
MA,russell,Diocese of Springfield in Massachusetts,MA
MA,rutland,Diocese of Worcester,MA
MA,sagamore,Diocese of Fall River,MA
MA,salem,Archdiocese of Boston,MA
MA,salisbury,Archdiocese of Boston,MA
MA,sandisfield,Diocese of Springfield in Massachusetts,MA
MA,sandwich,Diocese of Fall River,MA
MA,saugus,Archdiocese of Boston,MA
MA,savin hill,Archdiocese of Boston,MA
MA,savoy,Diocese of Springfield in Massachusetts,MA
MA,seabrook,Diocese of Fall River,MA
MA,seekonk,Diocese of Fall River,MA
MA,sharon,Archdiocese of Boston,MA
MA,sheffield,Diocese of Springfield in Massachusetts,MA
MA,shelburne,Diocese of Springfield in Massachusetts,MA
MA,shelburne falls,Diocese of Springfield in Massachusetts,MA
MA,sherborn,Archdiocese of Boston,MA
MA,shirley,Archdiocese of Boston,MA
MA,shrewsbury,Diocese of Worcester,MA
MA,shutesbury,Diocese of Springfield in Massachusetts,MA
MA,smith mills,Diocese of Fall River,MA
MA,somerset,Diocese of Fall River,MA
MA,somerville,Archdiocese of Boston,MA
MA,south amherst,Diocese of Springfield in Massachusetts,MA
MA,south ashburnham,Diocese of Worcester,MA
MA,south deerfield,Diocese of Springfield in Massachusetts,MA
MA,south dennis,Diocese of Fall River,MA
MA,south hadley,Diocese of Springfield in Massachusetts,MA
MA,south lancaster,Diocese of Worcester,MA
MA,south peabody,Archdiocese of Boston,MA
MA,south yarmouth,Diocese of Fall River,MA
MA,southampton,Diocese of Springfield in Massachusetts,MA
MA,southborough,Diocese of Worcester,MA
MA,southbridge,Diocese of Worcester,MA
MA,southwick,Diocese of Springfield in Massachusetts,MA
MA,spencer,Diocese of Worcester,MA
MA,springfield,Diocese of Springfield in Massachusetts,MA
MA,sterling,Diocese of Worcester,MA
MA,stockbridge,Diocese of Springfield in Massachusetts,MA
MA,stoneham,Archdiocese of Boston,MA
MA,stoughton,Archdiocese of Boston,MA
MA,stow,Archdiocese of Boston,MA
MA,sturbridge,Diocese of Worcester,MA
MA,sudbury,Archdiocese of Boston,MA
MA,suffolk downs station,Archdiocese of Boston,MA
MA,sunderland,Diocese of Worcester,MA
MA,sutton,Diocese of Worcester,MA
MA,swampscott,Archdiocese of Boston,MA
MA,swansea,Diocese of Fall River,MA
MA,taunton,Diocese of Fall River,MA
MA,teaticket,Diocese of Fall River,MA
MA,templeton,Diocese of Worcester,MA
MA,ten hills,Archdiocese of Boston,MA
MA,tewksbury,Archdiocese of Boston,MA
MA,thompsonville,Archdiocese of Boston,MA
MA,three rivers,Diocese of Springfield in Massachusetts,MA
MA,topsfield,Archdiocese of Boston,MA
MA,townsend,Archdiocese of Boston,MA
MA,truro,Diocese of Fall River,MA
MA,tufts university,Archdiocese of Boston,MA
MA,turners falls,Diocese of Springfield in Massachusetts,MA
MA,tyngsboro,Archdiocese of Boston,MA
MA,tyringham,Diocese of Springfield in Massachusetts,MA
MA,uphams corner,Archdiocese of Boston,MA
MA,upton,Diocese of Worcester,MA
MA,uxbridge,Diocese of Worcester,MA
MA,va boston healthcare system brockton campus,Archdiocese of Boston,MA
MA,vineyard haven,Diocese of Fall River,MA
MA,wakefield,Archdiocese of Boston,MA
MA,wales,Diocese of Springfield in Massachusetts,MA
MA,walpole,Archdiocese of Boston,MA
MA,waltham,Archdiocese of Boston,MA
MA,ware,Diocese of Springfield in Massachusetts,MA
MA,warren,Diocese of Worcester,MA
MA,warwick,Diocese of Springfield in Massachusetts,MA
MA,washington,Diocese of Springfield in Massachusetts,MA
MA,watertown,Archdiocese of Boston,MA
MA,watertown square,Archdiocese of Boston,MA
MA,wayland,Archdiocese of Boston,MA
MA,webster,Diocese of Worcester,MA
MA,wellesley,Archdiocese of Boston,MA
MA,wellfleet,Diocese of Fall River,MA
MA,wendell,Diocese of Springfield in Massachusetts,MA
MA,wenham,Archdiocese of Boston,MA
MA,west barnstable,Diocese of Fall River,MA
MA,west boylston,Diocese of Worcester,MA
MA,west brookfield,Diocese of Worcester,MA
MA,west cambridgeharvard square,Archdiocese of Boston,MA
MA,west chatham,Diocese of Fall River,MA
MA,west concord,Archdiocese of Boston,MA
MA,west dennis,Diocese of Fall River,MA
MA,west falmouth,Diocese of Fall River,MA
MA,west fens,Archdiocese of Boston,MA
MA,west newbury,Archdiocese of Boston,MA
MA,west newton,Archdiocese of Boston,MA
MA,west roxbury,Archdiocese of Boston,MA
MA,west somervilledavis square,Archdiocese of Boston,MA
MA,west springfield,Diocese of Springfield in Massachusetts,MA
MA,west stockbridge,Diocese of Springfield in Massachusetts,MA
MA,west tisbury,Diocese of Fall River,MA
MA,west yarmouth,Diocese of Fall River,MA
MA,westborough,Diocese of Worcester,MA
MA,westfield,Diocese of Springfield in Massachusetts,MA
MA,westford,Archdiocese of Boston,MA
MA,westhampton,Diocese of Springfield in Massachusetts,MA
MA,westminster,Diocese of Worcester,MA
MA,weston,Archdiocese of Boston,MA
MA,westwood,Archdiocese of Boston,MA
MA,weymouth,Archdiocese of Boston,MA
MA,whately,Diocese of Springfield in Massachusetts,MA
MA,whitinsville,Diocese of Worcester,MA
MA,wilbraham,Diocese of Springfield in Massachusetts,MA
MA,williamsburg,Diocese of Springfield in Massachusetts,MA
MA,williamstown,Diocese of Springfield in Massachusetts,MA
MA,wilmington,Archdiocese of Boston,MA
MA,winchendon,Diocese of Worcester,MA
MA,winchester,Archdiocese of Boston,MA
MA,windsor,Diocese of Springfield in Massachusetts,MA
MA,winter hill,Archdiocese of Boston,MA
MA,winthrop,Archdiocese of Boston,MA
MA,woburn,Archdiocese of Boston,MA
MA,worcester,Diocese of Worcester,MA
MA,wrentham,Archdiocese of Boston,MA
MA,yarmouth,Diocese of Fall River,MA
MA,yarmouth port,Diocese of Fall River,MA
MD,aberdeen,Archdiocese of Baltimore,MD
MD,aberdeen proving ground,Archdiocese of Baltimore,MD
MD,abingdon,Archdiocese of Baltimore,MD
MD,accident,Archdiocese of Baltimore,MD
MD,accokeek,Archdiocese of Washington,DC
MD,adamstown,Archdiocese of Baltimore,MD
MD,adelphi,Archdiocese of Washington,DC
MD,algonquin,Diocese of Wilmington,DE
MD,andrews air force base,Archdiocese of Washington,DC
MD,annapolis,Archdiocese of Baltimore,MD
MD,aquasco,Archdiocese of Washington,DC
MD,arbutus,Archdiocese of Baltimore,MD
MD,arden on the severn,Archdiocese of Baltimore,MD
MD,arlington,Archdiocese of Baltimore,MD
MD,armistead gardens,Archdiocese of Baltimore,MD
MD,arnold,Archdiocese of Baltimore,MD
MD,ashtonsandy spring,Archdiocese of Washington,DC
MD,aspen hill,Archdiocese of Washington,DC
MD,baden,Archdiocese of Washington,DC
MD,bagtown,Archdiocese of Baltimore,MD
MD,ballenger creek,Archdiocese of Baltimore,MD
MD,baltimore,Archdiocese of Baltimore,MD
MD,baltimore highlands,Archdiocese of Baltimore,MD
MD,barton,Archdiocese of Baltimore,MD
MD,bartonsville,Archdiocese of Baltimore,MD
MD,beechfield,Archdiocese of Baltimore,MD
MD,bel air,Archdiocese of Baltimore,MD
MD,bel air north,Archdiocese of Baltimore,MD
MD,bel air south,Archdiocese of Baltimore,MD
MD,beltsville,Archdiocese of Washington,DC
MD,bennsville,Archdiocese of Washington,DC
MD,berlin,Diocese of Wilmington,DE
MD,berwyn heights,Archdiocese of Washington,DC
MD,bethesda,Archdiocese of Washington,DC
MD,betterton,Diocese of Wilmington,DE
MD,beverly hills,Archdiocese of Baltimore,MD
MD,bishopville,Diocese of Wilmington,DE
MD,bladensburg,Archdiocese of Washington,DC
MD,bloomington,Archdiocese of Baltimore,MD
MD,boonsboro,Archdiocese of Baltimore,MD
MD,bowie,Archdiocese of Washington,DC
MD,bowleys quarters,Archdiocese of Baltimore,MD
MD,bowling green,Archdiocese of Baltimore,MD
MD,bowmans addition,Archdiocese of Baltimore,MD
MD,braddock heights,Archdiocese of Baltimore,MD
MD,brandywine,Archdiocese of Washington,DC
MD,brentwood,Archdiocese of Washington,DC
MD,brock hall,Archdiocese of Washington,DC
MD,brooklyn,Archdiocese of Baltimore,MD
MD,brooklyn park,Archdiocese of Baltimore,MD
MD,brookmont,Archdiocese of Washington,DC
MD,broomes island,Archdiocese of Washington,DC
MD,brunswick,Archdiocese of Baltimore,MD
MD,bryans road,Archdiocese of Washington,DC
MD,bryantown,Archdiocese of Washington,DC
MD,buckeystown,Archdiocese of Baltimore,MD
MD,burtonsville,Archdiocese of Washington,DC
MD,butchers hill,Archdiocese of Baltimore,MD
MD,butlertown,Diocese of Wilmington,DE
MD,cabin john,Archdiocese of Washington,DC
MD,california,Archdiocese of Washington,DC
MD,calvert beach,Archdiocese of Washington,DC
MD,calverton,Archdiocese of Washington,DC
MD,cambridge,Diocese of Wilmington,DE
MD,camp springs,Archdiocese of Washington,DC
MD,canton,Archdiocese of Baltimore,MD
MD,cape st claire,Archdiocese of Baltimore,MD
MD,capitol heights,Archdiocese of Washington,DC
MD,carney,Archdiocese of Baltimore,MD
MD,catonsville,Archdiocese of Baltimore,MD
MD,cavetown,Archdiocese of Baltimore,MD
MD,cecilton,Diocese of Wilmington,DE
MD,cedarville,Archdiocese of Washington,DC
MD,cedonia,Archdiocese of Baltimore,MD
MD,centreville,Diocese of Wilmington,DE
MD,chance,Diocese of Wilmington,DE
MD,charles village,Archdiocese of Baltimore,MD
MD,charlotte hall,Archdiocese of Washington,DC
MD,cherry hill,Archdiocese of Baltimore,MD
MD,chesapeake beach,Archdiocese of Washington,DC
MD,chesapeake city,Diocese of Wilmington,DE
MD,chesapeake ranch estates,Archdiocese of Washington,DC
MD,chesapeake ranch estatesdrum point,Archdiocese of Washington,DC
MD,chester,Diocese of Wilmington,DE
MD,chestertown,Diocese of Wilmington,DE
MD,cheswolde,Archdiocese of Baltimore,MD
MD,cheverly,Archdiocese of Washington,DC
MD,chevy chase,Archdiocese of Washington,DC
MD,chevy chase section five,Archdiocese of Washington,DC
MD,chevy chase section three,Archdiocese of Washington,DC
MD,chevy chase view,Archdiocese of Washington,DC
MD,chevy chase village,Archdiocese of Washington,DC
MD,chillum,Archdiocese of Washington,DC
MD,church hill,Diocese of Wilmington,DE
MD,clarksburg,Archdiocese of Washington,DC
MD,clear spring,Archdiocese of Baltimore,MD
MD,clinton,Archdiocese of Washington,DC
MD,clover hill,Archdiocese of Baltimore,MD
MD,cloverly,Archdiocese of Washington,DC
MD,cobb island,Archdiocese of Washington,DC
MD,cockeysville,Archdiocese of Baltimore,MD
MD,colesville,Archdiocese of Washington,DC
MD,college park,Archdiocese of Washington,DC
MD,colmar manor,Archdiocese of Washington,DC
MD,columbia,Archdiocese of Baltimore,MD
MD,coral hills,Archdiocese of Washington,DC
MD,cordova,Diocese of Wilmington,DE
MD,corriganville,Archdiocese of Baltimore,MD
MD,cottage city,Archdiocese of Washington,DC
MD,cresaptown,Archdiocese of Baltimore,MD
MD,crisfield,Diocese of Wilmington,DE
MD,crofton,Archdiocese of Baltimore,MD
MD,croom,Archdiocese of Washington,DC
MD,crownsville,Archdiocese of Baltimore,MD
MD,cumberland,Archdiocese of Baltimore,MD
MD,curtis bay,Archdiocese of Baltimore,MD
MD,damascus,Archdiocese of Washington,DC
MD,darlington,Archdiocese of Baltimore,MD
MD,darnestown,Archdiocese of Washington,DC
MD,davidsonville,Archdiocese of Baltimore,MD
MD,deal island,Diocese of Wilmington,DE
MD,deale,Archdiocese of Baltimore,MD
MD,deer park,Archdiocese of Baltimore,MD
MD,denton,Diocese of Wilmington,DE
MD,derwood,Archdiocese of Washington,DC
MD,dickeyville,Archdiocese of Baltimore,MD
MD,district heights,Archdiocese of Washington,DC
MD,downsville,Archdiocese of Baltimore,MD
MD,drum point,Archdiocese of Washington,DC
MD,dundalk,Archdiocese of Baltimore,MD
MD,dunkirk,Archdiocese of Washington,DC
MD,dunkirk town center,Archdiocese of Washington,DC
MD,east new market,Diocese of Wilmington,DE
MD,east riverdale,Archdiocese of Washington,DC
MD,easton,Diocese of Wilmington,DE
MD,eckhart mines,Archdiocese of Baltimore,MD
MD,eden,Diocese of Wilmington,DE
MD,edgemere,Archdiocese of Baltimore,MD
MD,edgewater,Archdiocese of Baltimore,MD
MD,edgewood,Archdiocese of Baltimore,MD
MD,edmondson village,Archdiocese of Baltimore,MD
MD,edmonston,Archdiocese of Washington,DC
MD,eldersburg,Archdiocese of Baltimore,MD
MD,elkridge,Archdiocese of Baltimore,MD
MD,elkton,Diocese of Wilmington,DE
MD,ellerslie,Archdiocese of Baltimore,MD
MD,ellicott city,Archdiocese of Baltimore,MD
MD,emmitsburg,Archdiocese of Baltimore,MD
MD,essex,Archdiocese of Baltimore,MD
MD,evergreen,Archdiocese of Baltimore,MD
MD,fairland,Archdiocese of Washington,DC
MD,fairlee,Diocese of Wilmington,DE
MD,fairmount,Diocese of Wilmington,DE
MD,fairmount heights,Archdiocese of Washington,DC
MD,fairplay,Archdiocese of Baltimore,MD
MD,fairwood,Archdiocese of Washington,DC
MD,fallstaff,Archdiocese of Baltimore,MD
MD,fallston,Archdiocese of Baltimore,MD
MD,federalsburg,Diocese of Wilmington,DE
MD,fells point,Archdiocese of Baltimore,MD
MD,ferndale,Archdiocese of Baltimore,MD
MD,finzel,Archdiocese of Baltimore,MD
MD,forest glen,Archdiocese of Washington,DC
MD,forest heights,Archdiocese of Washington,DC
MD,forest park,Archdiocese of Baltimore,MD
MD,forestville,Archdiocese of Washington,DC
MD,fort george g mead junction,Archdiocese of Baltimore,MD
MD,fort meade,Archdiocese of Baltimore,MD
MD,fort ritchie,Archdiocese of Baltimore,MD
MD,fort washington,Archdiocese of Washington,DC
MD,fountainheadorchard hills,Archdiocese of Baltimore,MD
MD,four corners,Archdiocese of Washington,DC
MD,frederick,Archdiocese of Baltimore,MD
MD,friendly,Archdiocese of Washington,DC
MD,friendship,Archdiocese of Baltimore,MD
MD,friendship village,Archdiocese of Washington,DC
MD,friendsville,Archdiocese of Baltimore,MD
MD,frostburg,Archdiocese of Baltimore,MD
MD,fruitland,Diocese of Wilmington,DE
MD,fulton,Archdiocese of Baltimore,MD
MD,funkstown,Archdiocese of Baltimore,MD
MD,gaithersburg,Archdiocese of Washington,DC
MD,galena,Diocese of Wilmington,DE
MD,galesville,Archdiocese of Baltimore,MD
MD,gambrills,Archdiocese of Baltimore,MD
MD,garrett park,Archdiocese of Washington,DC
MD,garrison,Archdiocese of Baltimore,MD
MD,germantown,Archdiocese of Washington,DC
MD,glassmanor,Archdiocese of Washington,DC
MD,glen burnie,Archdiocese of Baltimore,MD
MD,glenarden,Archdiocese of Washington,DC
MD,glenmont,Archdiocese of Washington,DC
MD,glenn dale,Archdiocese of Washington,DC
MD,goddard,Archdiocese of Washington,DC
MD,golden beach,Archdiocese of Washington,DC
MD,grahamtown,Archdiocese of Baltimore,MD
MD,grantsville,Archdiocese of Baltimore,MD
MD,grasonville,Diocese of Wilmington,DE
MD,greater upper marlboro,Archdiocese of Washington,DC
MD,green haven,Archdiocese of Baltimore,MD
MD,green valley,Archdiocese of Baltimore,MD
MD,greenbelt,Archdiocese of Washington,DC
MD,greensboro,Diocese of Wilmington,DE
MD,guilford,Archdiocese of Baltimore,MD
MD,gwynn oak,Archdiocese of Baltimore,MD
MD,hagerstown,Archdiocese of Baltimore,MD
MD,halfway,Archdiocese of Baltimore,MD
MD,hampden,Archdiocese of Baltimore,MD
MD,hampstead,Archdiocese of Baltimore,MD
MD,hampton,Archdiocese of Baltimore,MD
MD,hancock,Archdiocese of Baltimore,MD
MD,hanover,Archdiocese of Baltimore,MD
MD,havre de grace,Archdiocese of Baltimore,MD
MD,hebron,Diocese of Wilmington,DE
MD,herald harbor,Archdiocese of Baltimore,MD
MD,highfieldcascade,Archdiocese of Baltimore,MD
MD,highland,Archdiocese of Baltimore,MD
MD,highlandtown,Archdiocese of Baltimore,MD
MD,hillandale,Archdiocese of Washington,DC
MD,hillcrest heights,Archdiocese of Washington,DC
MD,hillsmere shores,Archdiocese of Baltimore,MD
MD,homeland,Archdiocese of Baltimore,MD
MD,howard park,Archdiocese of Baltimore,MD
MD,hughesville,Archdiocese of Washington,DC
MD,hunt valley,Archdiocese of Baltimore,MD
MD,hunting ridge,Archdiocese of Baltimore,MD
MD,huntingtown,Archdiocese of Washington,DC
MD,huntingtown town center,Archdiocese of Washington,DC
MD,hurlock,Diocese of Wilmington,DE
MD,hyattsville,Archdiocese of Washington,DC
MD,idlewood,Archdiocese of Baltimore,MD
MD,ilchester,Archdiocese of Baltimore,MD
MD,indian head,Archdiocese of Washington,DC
MD,jarrettsville,Archdiocese of Baltimore,MD
MD,jefferson,Archdiocese of Baltimore,MD
MD,jessup,Archdiocese of Baltimore,MD
MD,joppatowne,Archdiocese of Baltimore,MD
MD,keedysville,Archdiocese of Baltimore,MD
MD,kemp mill,Archdiocese of Washington,DC
MD,kensington,Archdiocese of Washington,DC
MD,kent narrows,Diocese of Wilmington,DE
MD,kettering,Archdiocese of Washington,DC
MD,kingstown,Diocese of Wilmington,DE
MD,kingsville,Archdiocese of Baltimore,MD
MD,kitzmiller,Archdiocese of Baltimore,MD
MD,la plata,Archdiocese of Washington,DC
MD,la vale,Archdiocese of Baltimore,MD
MD,lake arbor,Archdiocese of Washington,DC
MD,lake shore,Archdiocese of Baltimore,MD
MD,lakeland,Archdiocese of Baltimore,MD
MD,landover,Archdiocese of Washington,DC
MD,landover hills,Archdiocese of Washington,DC
MD,langley park,Archdiocese of Washington,DC
MD,lanham,Archdiocese of Washington,DC
MD,lanhamseabrook,Archdiocese of Washington,DC
MD,lansdowne,Archdiocese of Baltimore,MD
MD,largo,Archdiocese of Washington,DC
MD,laurel,Archdiocese of Washington,DC
MD,layhill,Archdiocese of Washington,DC
MD,laytonsville,Archdiocese of Washington,DC
MD,leisure world,Archdiocese of Washington,DC
MD,leitersburg,Archdiocese of Baltimore,MD
MD,leonardtown,Archdiocese of Washington,DC
MD,lexington park,Archdiocese of Washington,DC
MD,libertytown,Archdiocese of Baltimore,MD
MD,linganore,Archdiocese of Baltimore,MD
MD,linthicum,Archdiocese of Baltimore,MD
MD,little italy,Archdiocese of Baltimore,MD
MD,loch lynn heights,Archdiocese of Baltimore,MD
MD,lochearn,Archdiocese of Baltimore,MD
MD,lonaconing,Archdiocese of Baltimore,MD
MD,londontowne,Archdiocese of Baltimore,MD
MD,long beach,Archdiocese of Washington,DC
MD,lusby,Archdiocese of Washington,DC
MD,lutherville,Archdiocese of Baltimore,MD
MD,luthervilletimonium,Archdiocese of Baltimore,MD
MD,manchester,Archdiocese of Baltimore,MD
MD,mardela springs,Diocese of Wilmington,DE
MD,marlboro meadows,Archdiocese of Washington,DC
MD,marlboro village,Archdiocese of Washington,DC
MD,marlow heights,Archdiocese of Washington,DC
MD,marlton,Archdiocese of Washington,DC
MD,martins additions,Archdiocese of Washington,DC
MD,maryland city,Archdiocese of Baltimore,MD
MD,maugansville,Archdiocese of Baltimore,MD
MD,mayo,Archdiocese of Baltimore,MD
MD,mays chapel,Archdiocese of Baltimore,MD
MD,mccoole,Archdiocese of Baltimore,MD
MD,mechanicsville,Archdiocese of Washington,DC
MD,mellwood,Archdiocese of Washington,DC
MD,middle river,Archdiocese of Baltimore,MD
MD,middletown,Archdiocese of Baltimore,MD
MD,midland,Archdiocese of Baltimore,MD
MD,midlothian,Archdiocese of Baltimore,MD
MD,milford mill,Archdiocese of Baltimore,MD
MD,millington,Diocese of Wilmington,DE
MD,mitchellville,Archdiocese of Washington,DC
MD,mondawmin,Archdiocese of Baltimore,MD
MD,monrovia,Archdiocese of Baltimore,MD
MD,montgomery village,Archdiocese of Washington,DC
MD,morningside,Archdiocese of Washington,DC
MD,morrell park,Archdiocese of Baltimore,MD
MD,mount aetna,Archdiocese of Baltimore,MD
MD,mount airy,Archdiocese of Baltimore,MD
MD,mount lena,Archdiocese of Baltimore,MD
MD,mount rainier,Archdiocese of Washington,DC
MD,mount savage,Archdiocese of Baltimore,MD
MD,mount vernon,Diocese of Wilmington,DE
MD,mount washington,Archdiocese of Baltimore,MD
MD,mount winans,Archdiocese of Baltimore,MD
MD,mountain lake park,Archdiocese of Baltimore,MD
MD,myersville,Archdiocese of Baltimore,MD
MD,national harbor,Archdiocese of Washington,DC
MD,naval academy,Archdiocese of Baltimore,MD
MD,new carrollton,Archdiocese of Washington,DC
MD,new market,Archdiocese of Baltimore,MD
MD,new windsor,Archdiocese of Baltimore,MD
MD,newark,Diocese of Wilmington,DE
MD,north beach,Archdiocese of Washington,DC
MD,north bethesda,Archdiocese of Washington,DC
MD,north brentwood,Archdiocese of Washington,DC
MD,north chevy chase,Archdiocese of Washington,DC
MD,north east,Diocese of Wilmington,DE
MD,north kensington,Archdiocese of Washington,DC
MD,north laurel,Archdiocese of Baltimore,MD
MD,north potomac,Archdiocese of Washington,DC
MD,oakland,Archdiocese of Baltimore,MD
MD,oaklee,Archdiocese of Baltimore,MD
MD,ocean city,Diocese of Wilmington,DE
MD,ocean pines,Diocese of Wilmington,DE
MD,odenton,Archdiocese of Baltimore,MD
MD,odonnell heights,Archdiocese of Baltimore,MD
MD,olney,Archdiocese of Washington,DC
MD,overlea,Archdiocese of Baltimore,MD
MD,owings,Archdiocese of Washington,DC
MD,owings mills,Archdiocese of Baltimore,MD
MD,oxford,Diocese of Wilmington,DE
MD,oxon hill,Archdiocese of Washington,DC
MD,oxon hillglassmanor,Archdiocese of Washington,DC
MD,paramountlong meadow,Archdiocese of Baltimore,MD
MD,parkville,Archdiocese of Baltimore,MD
MD,parole,Archdiocese of Baltimore,MD
MD,parsonsburg,Diocese of Wilmington,DE
MD,pasadena,Archdiocese of Baltimore,MD
MD,peppermill village,Archdiocese of Washington,DC
MD,perkins homes,Archdiocese of Baltimore,MD
MD,perry hall,Archdiocese of Baltimore,MD
MD,perryman,Archdiocese of Baltimore,MD
MD,perryville,Diocese of Wilmington,DE
MD,pikesville,Archdiocese of Baltimore,MD
MD,pinesburg,Archdiocese of Baltimore,MD
MD,piney point,Archdiocese of Washington,DC
MD,pittsville,Diocese of Wilmington,DE
MD,pleasant grove,Archdiocese of Baltimore,MD
MD,pleasant hills,Archdiocese of Baltimore,MD
MD,pocomoke city,Diocese of Wilmington,DE
MD,point of rocks,Archdiocese of Baltimore,MD
MD,pomfret,Archdiocese of Washington,DC
MD,poolesville,Archdiocese of Washington,DC
MD,port deposit,Diocese of Wilmington,DE
MD,potomac,Archdiocese of Washington,DC
MD,potomac heights,Archdiocese of Washington,DC
MD,potomac park,Archdiocese of Baltimore,MD
MD,preston,Diocese of Wilmington,DE
MD,prince frederick,Archdiocese of Washington,DC
MD,princess anne,Diocese of Wilmington,DE
MD,pumphrey,Archdiocese of Baltimore,MD
MD,pylesville,Archdiocese of Baltimore,MD
MD,queen anne,Archdiocese of Washington,DC
MD,queenland,Archdiocese of Washington,DC
MD,ramblewood,Archdiocese of Baltimore,MD
MD,randallstown,Archdiocese of Baltimore,MD
MD,rawlings,Archdiocese of Baltimore,MD
MD,reisterstown,Archdiocese of Baltimore,MD
MD,ridgely,Diocese of Wilmington,DE
MD,rising sun,Diocese of Wilmington,DE
MD,riva,Archdiocese of Baltimore,MD
MD,riverdale park,Archdiocese of Washington,DC
MD,riverside,Archdiocese of Baltimore,MD
MD,riviera beach,Archdiocese of Baltimore,MD
MD,robinwood,Archdiocese of Baltimore,MD
MD,rock hall,Diocese of Wilmington,DE
MD,rockville,Archdiocese of Washington,DC
MD,rognel heights,Archdiocese of Baltimore,MD
MD,rosaryville,Archdiocese of Washington,DC
MD,rosedale,Archdiocese of Baltimore,MD
MD,rosemont,Archdiocese of Baltimore,MD
MD,rossmoor,Archdiocese of Washington,DC
MD,rossville,Archdiocese of Baltimore,MD
MD,sabillasville,Archdiocese of Baltimore,MD
MD,salisbury,Diocese of Wilmington,DE
MD,san mar,Archdiocese of Baltimore,MD
MD,savage,Archdiocese of Baltimore,MD
MD,scaggsville,Archdiocese of Baltimore,MD
MD,seabrook,Archdiocese of Washington,DC
MD,seat pleasant,Archdiocese of Washington,DC
MD,secretary,Diocese of Wilmington,DE
MD,selbyonthebay,Archdiocese of Baltimore,MD
MD,severn,Archdiocese of Baltimore,MD
MD,severna park,Archdiocese of Baltimore,MD
MD,shady side,Archdiocese of Baltimore,MD
MD,sharpsburg,Archdiocese of Baltimore,MD
MD,sharptown,Diocese of Wilmington,DE
MD,silver hill,Archdiocese of Washington,DC
MD,silver spring,Archdiocese of Washington,DC
MD,smithsburg,Archdiocese of Baltimore,MD
MD,snow hill,Diocese of Wilmington,DE
MD,solomons,Archdiocese of Washington,DC
MD,somerset,Archdiocese of Washington,DC
MD,south baltimore,Archdiocese of Baltimore,MD
MD,south gate,Archdiocese of Baltimore,MD
MD,south kensington,Archdiocese of Washington,DC
MD,south laurel,Archdiocese of Washington,DC
MD,spencerville,Archdiocese of Washington,DC
MD,spring ridge,Archdiocese of Baltimore,MD
MD,springdale,Archdiocese of Washington,DC
MD,st charles,Archdiocese of Washington,DC
MD,st james,Archdiocese of Baltimore,MD
MD,st leonard,Archdiocese of Washington,DC
MD,st michaels,Diocese of Wilmington,DE
MD,stevensville,Diocese of Wilmington,DE
MD,sudlersville,Diocese of Wilmington,DE
MD,suitland,Archdiocese of Washington,DC
MD,suitlandsilver hill,Archdiocese of Washington,DC
MD,summerfield,Archdiocese of Washington,DC
MD,sykesville,Archdiocese of Baltimore,MD
MD,takoma park,Archdiocese of Washington,DC
MD,tall timbers,Archdiocese of Washington,DC
MD,taneytown,Archdiocese of Baltimore,MD
MD,temple hills,Archdiocese of Washington,DC
MD,ten hills,Archdiocese of Baltimore,MD
MD,thurmont,Archdiocese of Baltimore,MD
MD,tilghman island,Diocese of Wilmington,DE
MD,tilghmanton,Archdiocese of Baltimore,MD
MD,timonium,Archdiocese of Baltimore,MD
MD,tolchester,Diocese of Wilmington,DE
MD,towson,Archdiocese of Baltimore,MD
MD,trappe,Diocese of Wilmington,DE
MD,travilah,Archdiocese of Washington,DC
MD,trial,Archdiocese of Baltimore,MD
MD,union bridge,Archdiocese of Baltimore,MD
MD,university park,Archdiocese of Washington,DC
MD,upper marlboro,Archdiocese of Washington,DC
MD,urbana,Archdiocese of Baltimore,MD
MD,village of cross keys,Archdiocese of Baltimore,MD
MD,violetville,Archdiocese of Baltimore,MD
MD,wakefield,Archdiocese of Baltimore,MD
MD,walbrook,Archdiocese of Baltimore,MD
MD,waldorf,Archdiocese of Washington,DC
MD,walker mill,Archdiocese of Washington,DC
MD,walkersville,Archdiocese of Baltimore,MD
MD,waltherson,Archdiocese of Baltimore,MD
MD,washington grove,Archdiocese of Washington,DC
MD,waverly,Archdiocese of Baltimore,MD
MD,west arlington,Archdiocese of Baltimore,MD
MD,west elkridge,Archdiocese of Baltimore,MD
MD,west forest park,Archdiocese of Baltimore,MD
MD,west laurel,Archdiocese of Washington,DC
MD,west ocean city,Diocese of Wilmington,DE
MD,west pocomoke,Diocese of Wilmington,DE
MD,westernport,Archdiocese of Baltimore,MD
MD,westminster,Archdiocese of Baltimore,MD
MD,westphalia,Archdiocese of Washington,DC
MD,westport,Archdiocese of Baltimore,MD
MD,wheaton,Archdiocese of Washington,DC
MD,white marsh,Archdiocese of Baltimore,MD
MD,white oak,Archdiocese of Washington,DC
MD,willards,Diocese of Wilmington,DE
MD,williamsport,Archdiocese of Baltimore,MD
MD,wilsonconococheague,Archdiocese of Baltimore,MD
MD,woodmore,Archdiocese of Washington,DC
MD,woodsboro,Archdiocese of Baltimore,MD
MD,zihlman,Archdiocese of Baltimore,MD
ME,acton,Diocese of Portland,ME
ME,addison,Diocese of Portland,ME
ME,albion,Diocese of Portland,ME
ME,alexander,Diocese of Portland,ME
ME,alfred,Diocese of Portland,ME
ME,alna,Diocese of Portland,ME
ME,alton,Diocese of Portland,ME
ME,andover,Diocese of Portland,ME
ME,anson,Diocese of Portland,ME
ME,appleton,Diocese of Portland,ME
ME,arrowsic,Diocese of Portland,ME
ME,arundel,Diocese of Portland,ME
ME,ashland,Diocese of Portland,ME
ME,athens,Diocese of Portland,ME
ME,auburn,Diocese of Portland,ME
ME,augusta,Diocese of Portland,ME
ME,avon,Diocese of Portland,ME
ME,bangor,Diocese of Portland,ME
ME,bar harbor,Diocese of Portland,ME
ME,bath,Diocese of Portland,ME
ME,beals,Diocese of Portland,ME
ME,belfast,Diocese of Portland,ME
ME,belgrade,Diocese of Portland,ME
ME,benton,Diocese of Portland,ME
ME,berwick,Diocese of Portland,ME
ME,bethel,Diocese of Portland,ME
ME,biddeford,Diocese of Portland,ME
ME,bingham,Diocese of Portland,ME
ME,blaine,Diocese of Portland,ME
ME,blue hill,Diocese of Portland,ME
ME,boothbay,Diocese of Portland,ME
ME,boothbay harbor,Diocese of Portland,ME
ME,bowdoinham,Diocese of Portland,ME
ME,bradford,Diocese of Portland,ME
ME,bradley,Diocese of Portland,ME
ME,bremen,Diocese of Portland,ME
ME,brewer,Diocese of Portland,ME
ME,bridgewater,Diocese of Portland,ME
ME,bridgton,Diocese of Portland,ME
ME,bristol,Diocese of Portland,ME
ME,brooklin,Diocese of Portland,ME
ME,brooks,Diocese of Portland,ME
ME,brooksville,Diocese of Portland,ME
ME,brownfield,Diocese of Portland,ME
ME,brownville,Diocese of Portland,ME
ME,brunswick,Diocese of Portland,ME
ME,brunswick station,Diocese of Portland,ME
ME,buckfield,Diocese of Portland,ME
ME,bucksport,Diocese of Portland,ME
ME,burlington,Diocese of Portland,ME
ME,burnham,Diocese of Portland,ME
ME,buxton,Diocese of Portland,ME
ME,calais,Diocese of Portland,ME
ME,cambridge,Diocese of Portland,ME
ME,camden,Diocese of Portland,ME
ME,canaan,Diocese of Portland,ME
ME,canton,Diocese of Portland,ME
ME,cape neddick,Diocese of Portland,ME
ME,caribou,Diocese of Portland,ME
ME,carmel,Diocese of Portland,ME
ME,carthage,Diocese of Portland,ME
ME,casco,Diocese of Portland,ME
ME,castine,Diocese of Portland,ME
ME,chapman,Diocese of Portland,ME
ME,charleston,Diocese of Portland,ME
ME,charlotte,Diocese of Portland,ME
ME,chelsea,Diocese of Portland,ME
ME,cherryfield,Diocese of Portland,ME
ME,chester,Diocese of Portland,ME
ME,chesterville,Diocese of Portland,ME
ME,china,Diocese of Portland,ME
ME,chisholm,Diocese of Portland,ME
ME,clifton,Diocese of Portland,ME
ME,clinton,Diocese of Portland,ME
ME,columbia,Diocese of Portland,ME
ME,columbia falls,Diocese of Portland,ME
ME,corinna,Diocese of Portland,ME
ME,cornish,Diocese of Portland,ME
ME,cornville,Diocese of Portland,ME
ME,cousins island,Diocese of Portland,ME
ME,cumberland center,Diocese of Portland,ME
ME,cushing,Diocese of Portland,ME
ME,cutler,Diocese of Portland,ME
ME,damariscotta,Diocese of Portland,ME
ME,danforth,Diocese of Portland,ME
ME,dayton,Diocese of Portland,ME
ME,dedham,Diocese of Portland,ME
ME,deer isle,Diocese of Portland,ME
ME,denmark,Diocese of Portland,ME
ME,dennysville,Diocese of Portland,ME
ME,detroit,Diocese of Portland,ME
ME,dexter,Diocese of Portland,ME
ME,dixfield,Diocese of Portland,ME
ME,dixmont,Diocese of Portland,ME
ME,doverfoxcroft,Diocese of Portland,ME
ME,eagle lake,Diocese of Portland,ME
ME,east machias,Diocese of Portland,ME
ME,east millinocket,Diocese of Portland,ME
ME,eastbrook,Diocese of Portland,ME
ME,easton,Diocese of Portland,ME
ME,eastport,Diocese of Portland,ME
ME,eddington,Diocese of Portland,ME
ME,edgecomb,Diocese of Portland,ME
ME,eliot,Diocese of Portland,ME
ME,ellsworth,Diocese of Portland,ME
ME,embden,Diocese of Portland,ME
ME,enfield,Diocese of Portland,ME
ME,etna,Diocese of Portland,ME
ME,eustis,Diocese of Portland,ME
ME,fairfield,Diocese of Portland,ME
ME,falmouth,Diocese of Portland,ME
ME,falmouth foreside,Diocese of Portland,ME
ME,farmingdale,Diocese of Portland,ME
ME,farmington,Diocese of Portland,ME
ME,fayette,Diocese of Portland,ME
ME,fort fairfield,Diocese of Portland,ME
ME,fort kent,Diocese of Portland,ME
ME,frankfort,Diocese of Portland,ME
ME,franklin,Diocese of Portland,ME
ME,freedom,Diocese of Portland,ME
ME,freeport,Diocese of Portland,ME
ME,frenchville,Diocese of Portland,ME
ME,friendship,Diocese of Portland,ME
ME,fryeburg,Diocese of Portland,ME
ME,gardiner,Diocese of Portland,ME
ME,garland,Diocese of Portland,ME
ME,gorham,Diocese of Portland,ME
ME,gouldsboro,Diocese of Portland,ME
ME,grand isle,Diocese of Portland,ME
ME,gray,Diocese of Portland,ME
ME,greenbush,Diocese of Portland,ME
ME,greene village,Diocese of Portland,ME
ME,greenville,Diocese of Portland,ME
ME,greenwood,Diocese of Portland,ME
ME,guilford,Diocese of Portland,ME
ME,hallowell,Diocese of Portland,ME
ME,hampden,Diocese of Portland,ME
ME,hancock,Diocese of Portland,ME
ME,harmony,Diocese of Portland,ME
ME,harpswell center,Diocese of Portland,ME
ME,harrington,Diocese of Portland,ME
ME,harrison,Diocese of Portland,ME
ME,hartford,Diocese of Portland,ME
ME,hartland,Diocese of Portland,ME
ME,hebron,Diocese of Portland,ME
ME,hermon,Diocese of Portland,ME
ME,hiram,Diocese of Portland,ME
ME,hodgdon,Diocese of Portland,ME
ME,holden,Diocese of Portland,ME
ME,hollis center,Diocese of Portland,ME
ME,hope,Diocese of Portland,ME
ME,houlton,Diocese of Portland,ME
ME,howland,Diocese of Portland,ME
ME,hudson,Diocese of Portland,ME
ME,island falls,Diocese of Portland,ME
ME,islesboro,Diocese of Portland,ME
ME,jackman,Diocese of Portland,ME
ME,jackson,Diocese of Portland,ME
ME,jay,Diocese of Portland,ME
ME,jefferson,Diocese of Portland,ME
ME,jonesboro,Diocese of Portland,ME
ME,jonesport,Diocese of Portland,ME
ME,kenduskeag,Diocese of Portland,ME
ME,kennebunk,Diocese of Portland,ME
ME,kennebunkport,Diocese of Portland,ME
ME,kingfield,Diocese of Portland,ME
ME,kittery,Diocese of Portland,ME
ME,kittery point,Diocese of Portland,ME
ME,lagrange,Diocese of Portland,ME
ME,lake arrowhead,Diocese of Portland,ME
ME,lebanon,Diocese of Portland,ME
ME,lee,Diocese of Portland,ME
ME,leeds,Diocese of Portland,ME
ME,levant,Diocese of Portland,ME
ME,lewiston,Diocese of Portland,ME
ME,liberty,Diocese of Portland,ME
ME,limerick,Diocese of Portland,ME
ME,limestone,Diocese of Portland,ME
ME,limington,Diocese of Portland,ME
ME,lincoln,Diocese of Portland,ME
ME,lincolnville,Diocese of Portland,ME
ME,linneus,Diocese of Portland,ME
ME,lisbon,Diocese of Portland,ME
ME,lisbon falls,Diocese of Portland,ME
ME,little falls,Diocese of Portland,ME
ME,littleton,Diocese of Portland,ME
ME,livermore,Diocese of Portland,ME
ME,livermore falls,Diocese of Portland,ME
ME,lovell,Diocese of Portland,ME
ME,lowell,Diocese of Portland,ME
ME,lubec,Diocese of Portland,ME
ME,ludlow,Diocese of Portland,ME
ME,machias,Diocese of Portland,ME
ME,machiasport,Diocese of Portland,ME
ME,madawaska,Diocese of Portland,ME
ME,madison,Diocese of Portland,ME
ME,manchester,Diocese of Portland,ME
ME,mapleton,Diocese of Portland,ME
ME,mariaville,Diocese of Portland,ME
ME,mars hill,Diocese of Portland,ME
ME,marshfield,Diocese of Portland,ME
ME,mattawamkeag,Diocese of Portland,ME
ME,mechanic falls,Diocese of Portland,ME
ME,medway,Diocese of Portland,ME
ME,mercer,Diocese of Portland,ME
ME,mexico,Diocese of Portland,ME
ME,milbridge,Diocese of Portland,ME
ME,milford,Diocese of Portland,ME
ME,millinocket,Diocese of Portland,ME
ME,milo,Diocese of Portland,ME
ME,minot,Diocese of Portland,ME
ME,monmouth,Diocese of Portland,ME
ME,monroe,Diocese of Portland,ME
ME,monson,Diocese of Portland,ME
ME,monticello,Diocese of Portland,ME
ME,morrill,Diocese of Portland,ME
ME,moscow,Diocese of Portland,ME
ME,mount vernon,Diocese of Portland,ME
ME,naples,Diocese of Portland,ME
ME,new gloucester,Diocese of Portland,ME
ME,new limerick,Diocese of Portland,ME
ME,new portland,Diocese of Portland,ME
ME,new sharon,Diocese of Portland,ME
ME,new sweden station,Diocese of Portland,ME
ME,new vineyard,Diocese of Portland,ME
ME,newcastle,Diocese of Portland,ME
ME,newfield,Diocese of Portland,ME
ME,newport,Diocese of Portland,ME
ME,newry,Diocese of Portland,ME
ME,nobleboro,Diocese of Portland,ME
ME,norridgewock,Diocese of Portland,ME
ME,north bath,Diocese of Portland,ME
ME,north berwick,Diocese of Portland,ME
ME,north haven,Diocese of Portland,ME
ME,north penobscot,Diocese of Portland,ME
ME,north windham,Diocese of Portland,ME
ME,northport,Diocese of Portland,ME
ME,norway,Diocese of Portland,ME
ME,oakfield,Diocese of Portland,ME
ME,oakland,Diocese of Portland,ME
ME,ogunquit,Diocese of Portland,ME
ME,old orchard beach,Diocese of Portland,ME
ME,old town,Diocese of Portland,ME
ME,orland,Diocese of Portland,ME
ME,orono,Diocese of Portland,ME
ME,orrington,Diocese of Portland,ME
ME,otis,Diocese of Portland,ME
ME,owls head,Diocese of Portland,ME
ME,oxford,Diocese of Portland,ME
ME,palermo,Diocese of Portland,ME
ME,palmyra,Diocese of Portland,ME
ME,paris,Diocese of Portland,ME
ME,parkman,Diocese of Portland,ME
ME,parsonsfield,Diocese of Portland,ME
ME,passadumkeag,Diocese of Portland,ME
ME,patten,Diocese of Portland,ME
ME,pembroke,Diocese of Portland,ME
ME,penobscot,Diocese of Portland,ME
ME,perham,Diocese of Portland,ME
ME,perry,Diocese of Portland,ME
ME,peru,Diocese of Portland,ME
ME,phillips,Diocese of Portland,ME
ME,phippsburg,Diocese of Portland,ME
ME,pittsfield,Diocese of Portland,ME
ME,pittston,Diocese of Portland,ME
ME,plymouth,Diocese of Portland,ME
ME,poland,Diocese of Portland,ME
ME,porter,Diocese of Portland,ME
ME,portland,Diocese of Portland,ME
ME,presque isle,Diocese of Portland,ME
ME,princeton,Diocese of Portland,ME
ME,prospect,Diocese of Portland,ME
ME,randolph,Diocese of Portland,ME
ME,raymond,Diocese of Portland,ME
ME,readfield,Diocese of Portland,ME
ME,richmond,Diocese of Portland,ME
ME,robbinston,Diocese of Portland,ME
ME,rockland,Diocese of Portland,ME
ME,rockport,Diocese of Portland,ME
ME,rome,Diocese of Portland,ME
ME,roxbury,Diocese of Portland,ME
ME,rumford,Diocese of Portland,ME
ME,sabattus,Diocese of Portland,ME
ME,saco,Diocese of Portland,ME
ME,sanford,Diocese of Portland,ME
ME,sangerville,Diocese of Portland,ME
ME,scarborough,Diocese of Portland,ME
ME,searsmont,Diocese of Portland,ME
ME,searsport,Diocese of Portland,ME
ME,sebec,Diocese of Portland,ME
ME,sedgwick,Diocese of Portland,ME
ME,shapleigh,Diocese of Portland,ME
ME,sherman,Diocese of Portland,ME
ME,sidney,Diocese of Portland,ME
ME,skowhegan,Diocese of Portland,ME
ME,smithfield,Diocese of Portland,ME
ME,solon,Diocese of Portland,ME
ME,somerville,Diocese of Portland,ME
ME,sorrento,Diocese of Portland,ME
ME,south berwick,Diocese of Portland,ME
ME,south bristol,Diocese of Portland,ME
ME,south eliot,Diocese of Portland,ME
ME,south paris,Diocese of Portland,ME
ME,south portland,Diocese of Portland,ME
ME,south portland gardens,Diocese of Portland,ME
ME,south sanford,Diocese of Portland,ME
ME,south thomaston,Diocese of Portland,ME
ME,south windham,Diocese of Portland,ME
ME,southport,Diocese of Portland,ME
ME,southwest harbor,Diocese of Portland,ME
ME,springfield,Diocese of Portland,ME
ME,springvale,Diocese of Portland,ME
ME,st agatha,Diocese of Portland,ME
ME,st albans,Diocese of Portland,ME
ME,st francis,Diocese of Portland,ME
ME,st george,Diocese of Portland,ME
ME,stacyville,Diocese of Portland,ME
ME,standish,Diocese of Portland,ME
ME,starks,Diocese of Portland,ME
ME,steep falls,Diocese of Portland,ME
ME,stetson,Diocese of Portland,ME
ME,steuben,Diocese of Portland,ME
ME,stockton springs,Diocese of Portland,ME
ME,stonington,Diocese of Portland,ME
ME,strong,Diocese of Portland,ME
ME,sullivan,Diocese of Portland,ME
ME,sumner,Diocese of Portland,ME
ME,surry,Diocese of Portland,ME
ME,swans island,Diocese of Portland,ME
ME,swanville,Diocese of Portland,ME
ME,temple,Diocese of Portland,ME
ME,thomaston,Diocese of Portland,ME
ME,thorndike,Diocese of Portland,ME
ME,topsham,Diocese of Portland,ME
ME,tremont,Diocese of Portland,ME
ME,trenton,Diocese of Portland,ME
ME,troy,Diocese of Portland,ME
ME,turner,Diocese of Portland,ME
ME,union,Diocese of Portland,ME
ME,unity,Diocese of Portland,ME
ME,van buren,Diocese of Portland,ME
ME,vassalboro,Diocese of Portland,ME
ME,veazie,Diocese of Portland,ME
ME,verona,Diocese of Portland,ME
ME,vienna,Diocese of Portland,ME
ME,vinalhaven,Diocese of Portland,ME
ME,waldo,Diocese of Portland,ME
ME,waldoboro,Diocese of Portland,ME
ME,wallagrass,Diocese of Portland,ME
ME,waltham,Diocese of Portland,ME
ME,warren,Diocese of Portland,ME
ME,washburn,Diocese of Portland,ME
ME,washington,Diocese of Portland,ME
ME,waterboro,Diocese of Portland,ME
ME,waterville,Diocese of Portland,ME
ME,wayne,Diocese of Portland,ME
ME,weld,Diocese of Portland,ME
ME,wells beach station,Diocese of Portland,ME
ME,west kennebunk,Diocese of Portland,ME
ME,west paris,Diocese of Portland,ME
ME,west scarborough,Diocese of Portland,ME
ME,westbrook,Diocese of Portland,ME
ME,westfield,Diocese of Portland,ME
ME,westport,Diocese of Portland,ME
ME,whitefield,Diocese of Portland,ME
ME,whiting,Diocese of Portland,ME
ME,wilton,Diocese of Portland,ME
ME,windsor,Diocese of Portland,ME
ME,winn,Diocese of Portland,ME
ME,winslow,Diocese of Portland,ME
ME,winter harbor,Diocese of Portland,ME
ME,winterport,Diocese of Portland,ME
ME,winthrop,Diocese of Portland,ME
ME,wiscasset,Diocese of Portland,ME
ME,woodland,Diocese of Portland,ME
ME,woolwich,Diocese of Portland,ME
ME,yarmouth,Diocese of Portland,ME
ME,york beach,Diocese of Portland,ME
ME,york harbor,Diocese of Portland,ME
MI,addison,Diocese of Lansing,MI
MI,adrian,Diocese of Lansing,MI
MI,advance,Diocese of Gaylord,MI
MI,akron,Diocese of Saginaw,MI
MI,alanson,Diocese of Gaylord,MI
MI,albion,Diocese of Kalamazoo,MI
MI,algonac,Archdiocese of Detroit,MI
MI,allegan,Diocese of Kalamazoo,MI
MI,allen park,Archdiocese of Detroit,MI
MI,allendale,Diocese of Grand Rapids,MI
MI,alma,Diocese of Saginaw,MI
MI,almont,Archdiocese of Detroit,MI
MI,alpena,Diocese of Gaylord,MI
MI,ann arbor,Diocese of Lansing,MI
MI,argentine,Diocese of Lansing,MI
MI,armada,Archdiocese of Detroit,MI
MI,ashley,Diocese of Saginaw,MI
MI,athens,Diocese of Kalamazoo,MI
MI,atlanta,Diocese of Gaylord,MI
MI,atlantic mine,Diocese of Marquette,MI
MI,attica,Archdiocese of Detroit,MI
MI,au gres,Diocese of Saginaw,MI
MI,au sable,Diocese of Gaylord,MI
MI,auburn,Diocese of Saginaw,MI
MI,auburn hills,Archdiocese of Detroit,MI
MI,augusta,Diocese of Kalamazoo,MI
MI,avoca,Archdiocese of Detroit,MI
MI,bad axe,Diocese of Saginaw,MI
MI,baldwin,Diocese of Grand Rapids,MI
MI,bancroft,Diocese of Lansing,MI
MI,bangor,Diocese of Kalamazoo,MI
MI,baraga,Diocese of Marquette,MI
MI,barnes lakemillers lake,Archdiocese of Detroit,MI
MI,baroda,Diocese of Kalamazoo,MI
MI,barryton,Diocese of Grand Rapids,MI
MI,barton hills,Diocese of Lansing,MI
MI,bath,Diocese of Lansing,MI
MI,battle creek,Diocese of Kalamazoo,MI
MI,bay city,Diocese of Saginaw,MI
MI,bay harbor,Diocese of Gaylord,MI
MI,bay port,Diocese of Saginaw,MI
MI,bay shore,Diocese of Gaylord,MI
MI,beal city,Diocese of Saginaw,MI
MI,beaverton,Diocese of Saginaw,MI
MI,beecher,Diocese of Lansing,MI
MI,beechwood,Diocese of Grand Rapids,MI
MI,belding,Diocese of Grand Rapids,MI
MI,bellaire,Diocese of Gaylord,MI
MI,belleville,Archdiocese of Detroit,MI
MI,bellevue,Diocese of Lansing,MI
MI,belmont,Diocese of Grand Rapids,MI
MI,benton harbor,Diocese of Kalamazoo,MI
MI,benton heights,Diocese of Kalamazoo,MI
MI,benzonia,Diocese of Gaylord,MI
MI,berkley,Archdiocese of Detroit,MI
MI,berrien springs,Diocese of Kalamazoo,MI
MI,bessemer,Diocese of Marquette,MI
MI,beulah,Diocese of Gaylord,MI
MI,beverly hills,Archdiocese of Detroit,MI
MI,big bay,Diocese of Marquette,MI
MI,big rapids,Diocese of Grand Rapids,MI
MI,bingham farms,Archdiocese of Detroit,MI
MI,birch run,Diocese of Saginaw,MI
MI,birmingham,Archdiocese of Detroit,MI
MI,blissfield,Diocese of Lansing,MI
MI,bloomfield hills,Archdiocese of Detroit,MI
MI,bloomingdale,Diocese of Kalamazoo,MI
MI,boyne city,Diocese of Gaylord,MI
MI,breckenridge,Diocese of Saginaw,MI
MI,brethren,Diocese of Gaylord,MI
MI,bridgeport,Diocese of Saginaw,MI
MI,bridgman,Diocese of Kalamazoo,MI
MI,brighton,Diocese of Lansing,MI
MI,britton,Diocese of Lansing,MI
MI,bronson,Diocese of Kalamazoo,MI
MI,brooklyn,Diocese of Lansing,MI
MI,brown city,Diocese of Saginaw,MI
MI,brownlee park,Diocese of Kalamazoo,MI
MI,buchanan,Diocese of Kalamazoo,MI
MI,buckley,Diocese of Gaylord,MI
MI,buena vista,Diocese of Saginaw,MI
MI,burr oak,Diocese of Kalamazoo,MI
MI,burt,Diocese of Saginaw,MI
MI,burton,Diocese of Lansing,MI
MI,byron,Diocese of Lansing,MI
MI,byron center,Diocese of Grand Rapids,MI
MI,cadillac,Diocese of Gaylord,MI
MI,caledonia,Diocese of Grand Rapids,MI
MI,calumet,Diocese of Marquette,MI
MI,camden,Diocese of Lansing,MI
MI,canada creek ranch,Diocese of Gaylord,MI
MI,canadian lakes,Diocese of Grand Rapids,MI
MI,canton,Archdiocese of Detroit,MI
MI,capac,Archdiocese of Detroit,MI
MI,carleton,Archdiocese of Detroit,MI
MI,caro,Diocese of Saginaw,MI
MI,carp lake,Diocese of Gaylord,MI
MI,carrollton,Diocese of Saginaw,MI
MI,carson city,Diocese of Grand Rapids,MI
MI,carsonville,Diocese of Saginaw,MI
MI,caseville,Diocese of Saginaw,MI
MI,casnovia,Diocese of Grand Rapids,MI
MI,caspian,Diocese of Marquette,MI
MI,cass city,Diocese of Saginaw,MI
MI,cassopolis,Diocese of Kalamazoo,MI
MI,cedar springs,Diocese of Grand Rapids,MI
MI,cement city,Diocese of Lansing,MI
MI,center line,Archdiocese of Detroit,MI
MI,central lake,Diocese of Gaylord,MI
MI,centreville,Diocese of Kalamazoo,MI
MI,charlevoix,Diocese of Gaylord,MI
MI,charlotte,Diocese of Lansing,MI
MI,cheboygan,Diocese of Gaylord,MI
MI,chelsea,Diocese of Lansing,MI
MI,chesaning,Diocese of Saginaw,MI
MI,chums corner,Diocese of Gaylord,MI
MI,clare,Diocese of Saginaw,MI
MI,clarkston,Archdiocese of Detroit,MI
MI,clarksville,Diocese of Grand Rapids,MI
MI,clawson,Archdiocese of Detroit,MI
MI,clayton,Diocese of Lansing,MI
MI,clifford,Archdiocese of Detroit,MI
MI,climax,Diocese of Kalamazoo,MI
MI,clinton,Diocese of Lansing,MI
MI,clinton township,Archdiocese of Detroit,MI
MI,clio,Diocese of Lansing,MI
MI,coldwater,Diocese of Kalamazoo,MI
MI,coleman,Diocese of Saginaw,MI
MI,coloma,Diocese of Kalamazoo,MI
MI,colon,Diocese of Kalamazoo,MI
MI,columbiaville,Archdiocese of Detroit,MI
MI,comstock northwest,Diocese of Kalamazoo,MI
MI,comstock park,Diocese of Grand Rapids,MI
MI,concord,Diocese of Lansing,MI
MI,constantine,Diocese of Kalamazoo,MI
MI,coopersville,Diocese of Grand Rapids,MI
MI,corunna,Diocese of Lansing,MI
MI,croswell,Diocese of Saginaw,MI
MI,crystal falls,Diocese of Marquette,MI
MI,cutlerville,Diocese of Grand Rapids,MI
MI,dansville,Diocese of Lansing,MI
MI,davison,Diocese of Lansing,MI
MI,de tour village,Diocese of Marquette,MI
MI,dearborn,Archdiocese of Detroit,MI
MI,dearborn heights,Archdiocese of Detroit,MI
MI,decatur,Diocese of Kalamazoo,MI
MI,deckerville,Diocese of Saginaw,MI
MI,deerfield,Diocese of Lansing,MI
MI,delton,Diocese of Kalamazoo,MI
MI,detroit,Archdiocese of Detroit,MI
MI,detroit beach,Archdiocese of Detroit,MI
MI,dewitt,Diocese of Lansing,MI
MI,dexter,Diocese of Lansing,MI
MI,dimondale,Diocese of Lansing,MI
MI,dollar bay,Diocese of Marquette,MI
MI,douglas,Diocese of Kalamazoo,MI
MI,dowagiac,Diocese of Kalamazoo,MI
MI,dowling,Diocese of Kalamazoo,MI
MI,dryden,Archdiocese of Detroit,MI
MI,dundee,Archdiocese of Detroit,MI
MI,durand,Diocese of Lansing,MI
MI,east grand rapids,Diocese of Grand Rapids,MI
MI,east jordan,Diocese of Gaylord,MI
MI,east lake,Diocese of Gaylord,MI
MI,east lansing,Diocese of Lansing,MI
MI,east tawas,Diocese of Gaylord,MI
MI,eastpointe,Archdiocese of Detroit,MI
MI,eastwood,Diocese of Kalamazoo,MI
MI,eaton rapids,Diocese of Lansing,MI
MI,eau claire,Diocese of Kalamazoo,MI
MI,ecorse,Archdiocese of Detroit,MI
MI,edgemont park,Diocese of Lansing,MI
MI,edmore,Diocese of Grand Rapids,MI
MI,edwardsburg,Diocese of Kalamazoo,MI
MI,elberta,Diocese of Gaylord,MI
MI,elk rapids,Diocese of Gaylord,MI
MI,elkton,Diocese of Saginaw,MI
MI,ellsworth,Diocese of Gaylord,MI
MI,elsie,Diocese of Lansing,MI
MI,empire,Diocese of Gaylord,MI
MI,escanaba,Diocese of Marquette,MI
MI,essexville,Diocese of Saginaw,MI
MI,estral beach,Archdiocese of Detroit,MI
MI,evart,Diocese of Grand Rapids,MI
MI,fair plain,Diocese of Kalamazoo,MI
MI,fairgrove,Diocese of Saginaw,MI
MI,farmington,Archdiocese of Detroit,MI
MI,farmington hills,Archdiocese of Detroit,MI
MI,farwell,Diocese of Saginaw,MI
MI,fennville,Diocese of Kalamazoo,MI
MI,fenton,Diocese of Lansing,MI
MI,ferndale,Archdiocese of Detroit,MI
MI,ferrysburg,Diocese of Grand Rapids,MI
MI,fife lake,Diocese of Gaylord,MI
MI,flat rock,Archdiocese of Detroit,MI
MI,flint,Diocese of Lansing,MI
MI,flushing,Diocese of Lansing,MI
MI,forest hills,Diocese of Grand Rapids,MI
MI,fostoria,Diocese of Saginaw,MI
MI,fowler,Diocese of Lansing,MI
MI,fowlerville,Diocese of Lansing,MI
MI,frankenmuth,Diocese of Saginaw,MI
MI,frankfort,Diocese of Gaylord,MI
MI,franklin,Archdiocese of Detroit,MI
MI,fraser,Archdiocese of Detroit,MI
MI,freeland,Diocese of Saginaw,MI
MI,freeport,Diocese of Kalamazoo,MI
MI,fremont,Diocese of Grand Rapids,MI
MI,fruitport,Diocese of Grand Rapids,MI
MI,gaastra,Diocese of Marquette,MI
MI,gagetown,Diocese of Saginaw,MI
MI,gaines,Diocese of Lansing,MI
MI,galesburg,Diocese of Kalamazoo,MI
MI,galien,Diocese of Kalamazoo,MI
MI,garden city,Archdiocese of Detroit,MI
MI,gaylord,Diocese of Gaylord,MI
MI,gibraltar,Archdiocese of Detroit,MI
MI,gladstone,Diocese of Marquette,MI
MI,gladwin,Diocese of Saginaw,MI
MI,gobles,Diocese of Kalamazoo,MI
MI,goodrich,Diocese of Lansing,MI
MI,grand blanc,Diocese of Lansing,MI
MI,grand haven,Diocese of Grand Rapids,MI
MI,grand ledge,Diocese of Lansing,MI
MI,grand rapids,Diocese of Grand Rapids,MI
MI,grandville,Diocese of Grand Rapids,MI
MI,grant,Diocese of Grand Rapids,MI
MI,grass lake,Diocese of Lansing,MI
MI,grawn,Diocese of Gaylord,MI
MI,grayling,Diocese of Gaylord,MI
MI,greenville,Diocese of Grand Rapids,MI
MI,greilickville,Diocese of Gaylord,MI
MI,grosse ile,Archdiocese of Detroit,MI
MI,grosse pointe,Archdiocese of Detroit,MI
MI,grosse pointe farms,Archdiocese of Detroit,MI
MI,grosse pointe park,Archdiocese of Detroit,MI
MI,grosse pointe shores,Archdiocese of Detroit,MI
MI,grosse pointe woods,Archdiocese of Detroit,MI
MI,gwinn,Diocese of Marquette,MI
MI,hamtramck,Archdiocese of Detroit,MI
MI,hancock,Diocese of Marquette,MI
MI,hanover,Diocese of Lansing,MI
MI,harbor beach,Diocese of Saginaw,MI
MI,harbor springs,Diocese of Gaylord,MI
MI,hardwood acres,Diocese of Gaylord,MI
MI,haring,Diocese of Gaylord,MI
MI,harper woods,Archdiocese of Detroit,MI
MI,harrison,Diocese of Saginaw,MI
MI,harrisville,Diocese of Gaylord,MI
MI,hart,Diocese of Grand Rapids,MI
MI,hartford,Diocese of Kalamazoo,MI
MI,harvey,Diocese of Marquette,MI
MI,haslett,Diocese of Lansing,MI
MI,hastings,Diocese of Kalamazoo,MI
MI,hazel park,Archdiocese of Detroit,MI
MI,hemlock,Diocese of Saginaw,MI
MI,henderson,Diocese of Lansing,MI
MI,hersey,Diocese of Grand Rapids,MI
MI,hesperia,Diocese of Grand Rapids,MI
MI,hickory corners,Diocese of Kalamazoo,MI
MI,highland park,Archdiocese of Detroit,MI
MI,hillman,Diocese of Gaylord,MI
MI,hillsdale,Diocese of Lansing,MI
MI,holland,Diocese of Kalamazoo,MI
MI,holly,Archdiocese of Detroit,MI
MI,holt,Diocese of Lansing,MI
MI,homer,Diocese of Kalamazoo,MI
MI,honor,Diocese of Gaylord,MI
MI,hopkins,Diocese of Kalamazoo,MI
MI,horton bay,Diocese of Gaylord,MI
MI,houghton,Diocese of Marquette,MI
MI,houghton lake,Diocese of Gaylord,MI
MI,howard city,Diocese of Grand Rapids,MI
MI,howell,Diocese of Lansing,MI
MI,hubbard lake,Diocese of Gaylord,MI
MI,hubbardston,Diocese of Grand Rapids,MI
MI,hubbell,Diocese of Marquette,MI
MI,hudson,Diocese of Lansing,MI
MI,hudsonville,Diocese of Grand Rapids,MI
MI,huntington woods,Archdiocese of Detroit,MI
MI,imlay city,Archdiocese of Detroit,MI
MI,indian river,Diocese of Gaylord,MI
MI,inkster,Archdiocese of Detroit,MI
MI,interlochen,Diocese of Gaylord,MI
MI,ionia,Diocese of Grand Rapids,MI
MI,iron mountain,Diocese of Marquette,MI
MI,iron river,Diocese of Marquette,MI
MI,ironwood,Diocese of Marquette,MI
MI,ishpeming,Diocese of Marquette,MI
MI,ithaca,Diocese of Saginaw,MI
MI,jackson,Diocese of Lansing,MI
MI,jasper,Diocese of Lansing,MI
MI,jenison,Diocese of Grand Rapids,MI
MI,jonesville,Diocese of Lansing,MI
MI,k i sawyer air force base,Diocese of Marquette,MI
MI,kalamazoo,Diocese of Kalamazoo,MI
MI,kaleva,Diocese of Gaylord,MI
MI,kalkaska,Diocese of Gaylord,MI
MI,keego harbor,Archdiocese of Detroit,MI
MI,kent city,Diocese of Grand Rapids,MI
MI,kentwood,Diocese of Grand Rapids,MI
MI,kilmanagh,Diocese of Saginaw,MI
MI,kinde,Diocese of Saginaw,MI
MI,kingsford,Diocese of Marquette,MI
MI,kingsley,Diocese of Gaylord,MI
MI,kingston,Diocese of Saginaw,MI
MI,laingsburg,Diocese of Lansing,MI
MI,lake city,Diocese of Gaylord,MI
MI,lake fenton,Diocese of Lansing,MI
MI,lake isabella,Diocese of Saginaw,MI
MI,lake linden,Diocese of Marquette,MI
MI,lake michigan beach,Diocese of Kalamazoo,MI
MI,lake odessa,Diocese of Grand Rapids,MI
MI,lake orion,Archdiocese of Detroit,MI
MI,lakewood club,Diocese of Grand Rapids,MI
MI,lambertville,Archdiocese of Detroit,MI
MI,lanse,Diocese of Marquette,MI
MI,lansing,Diocese of Lansing,MI
MI,lapeer,Archdiocese of Detroit,MI
MI,lathrup village,Archdiocese of Detroit,MI
MI,laurium,Diocese of Marquette,MI
MI,lawrence,Diocese of Kalamazoo,MI
MI,lawton,Diocese of Kalamazoo,MI
MI,leland,Diocese of Gaylord,MI
MI,lennon,Diocese of Lansing,MI
MI,leonard,Archdiocese of Detroit,MI
MI,leslie,Diocese of Lansing,MI
MI,level parkoak park,Diocese of Kalamazoo,MI
MI,lewiston,Diocese of Gaylord,MI
MI,lexington,Diocese of Saginaw,MI
MI,lincoln,Diocese of Gaylord,MI
MI,lincoln park,Archdiocese of Detroit,MI
MI,linden,Diocese of Lansing,MI
MI,litchfield,Diocese of Lansing,MI
MI,livonia,Archdiocese of Detroit,MI
MI,lost lake woods,Diocese of Gaylord,MI
MI,lowell,Diocese of Grand Rapids,MI
MI,ludington,Diocese of Grand Rapids,MI
MI,luna pier,Archdiocese of Detroit,MI
MI,lupton,Diocese of Gaylord,MI
MI,luther,Diocese of Grand Rapids,MI
MI,lyons,Diocese of Grand Rapids,MI
MI,mackinac island,Diocese of Marquette,MI
MI,mackinaw city,Diocese of Gaylord,MI
MI,madison heights,Archdiocese of Detroit,MI
MI,mancelona,Diocese of Gaylord,MI
MI,manchester,Diocese of Lansing,MI
MI,manistee,Diocese of Gaylord,MI
MI,manistique,Diocese of Marquette,MI
MI,manitou beachdevils lake,Diocese of Lansing,MI
MI,manton,Diocese of Gaylord,MI
MI,maple rapids,Diocese of Lansing,MI
MI,marcellus,Diocese of Kalamazoo,MI
MI,marine city,Archdiocese of Detroit,MI
MI,marion,Diocese of Grand Rapids,MI
MI,marlette,Diocese of Saginaw,MI
MI,marquette,Diocese of Marquette,MI
MI,marshall,Diocese of Kalamazoo,MI
MI,martin,Diocese of Kalamazoo,MI
MI,marysville,Archdiocese of Detroit,MI
MI,mason,Diocese of Lansing,MI
MI,mattawan,Diocese of Kalamazoo,MI
MI,maybee,Archdiocese of Detroit,MI
MI,mayville,Diocese of Saginaw,MI
MI,mcbain,Diocese of Gaylord,MI
MI,mecosta,Diocese of Grand Rapids,MI
MI,melvindale,Archdiocese of Detroit,MI
MI,memphis,Archdiocese of Detroit,MI
MI,mendon,Diocese of Kalamazoo,MI
MI,menominee,Diocese of Marquette,MI
MI,merrill,Diocese of Saginaw,MI
MI,mesick,Diocese of Gaylord,MI
MI,metamora,Archdiocese of Detroit,MI
MI,michigan center,Diocese of Lansing,MI
MI,middletown,Diocese of Lansing,MI
MI,middleville,Diocese of Kalamazoo,MI
MI,midland,Diocese of Saginaw,MI
MI,milan,Archdiocese of Detroit,MI
MI,milford,Archdiocese of Detroit,MI
MI,millington,Diocese of Saginaw,MI
MI,mio,Diocese of Gaylord,MI
MI,monroe,Archdiocese of Detroit,MI
MI,montague,Diocese of Grand Rapids,MI
MI,montgomery,Diocese of Lansing,MI
MI,montrose,Diocese of Lansing,MI
MI,morenci,Diocese of Lansing,MI
MI,morley,Diocese of Grand Rapids,MI
MI,morrice,Diocese of Lansing,MI
MI,mount clemens,Archdiocese of Detroit,MI
MI,mount morris,Diocese of Lansing,MI
MI,mount pleasant,Diocese of Saginaw,MI
MI,muir,Diocese of Grand Rapids,MI
MI,mulliken,Diocese of Lansing,MI
MI,munising,Diocese of Marquette,MI
MI,muskegon,Diocese of Grand Rapids,MI
MI,muskegon heights,Diocese of Grand Rapids,MI
MI,napoleon,Diocese of Lansing,MI
MI,nashville,Diocese of Kalamazoo,MI
MI,negaunee,Diocese of Marquette,MI
MI,new baltimore,Archdiocese of Detroit,MI
MI,new buffalo,Diocese of Kalamazoo,MI
MI,new era,Diocese of Grand Rapids,MI
MI,new lothrop,Diocese of Lansing,MI
MI,new troy,Diocese of Kalamazoo,MI
MI,newaygo,Diocese of Grand Rapids,MI
MI,newberry,Diocese of Marquette,MI
MI,niles,Diocese of Kalamazoo,MI
MI,north adams,Diocese of Lansing,MI
MI,north branch,Archdiocese of Detroit,MI
MI,north muskegon,Diocese of Grand Rapids,MI
MI,northport,Diocese of Gaylord,MI
MI,northview,Diocese of Grand Rapids,MI
MI,northville,Archdiocese of Detroit,MI
MI,norton shores,Diocese of Grand Rapids,MI
MI,norway,Diocese of Marquette,MI
MI,novi,Archdiocese of Detroit,MI
MI,oak hill,Diocese of Gaylord,MI
MI,oak park,Archdiocese of Detroit,MI
MI,oden,Diocese of Gaylord,MI
MI,okemos,Diocese of Lansing,MI
MI,olivet,Diocese of Lansing,MI
MI,onaway,Diocese of Gaylord,MI
MI,onekama,Diocese of Gaylord,MI
MI,onsted,Diocese of Lansing,MI
MI,ontonagon,Diocese of Marquette,MI
MI,orchard lake,Archdiocese of Detroit,MI
MI,ortonville,Archdiocese of Detroit,MI
MI,oscoda,Diocese of Gaylord,MI
MI,ossineke,Diocese of Gaylord,MI
MI,otisville,Diocese of Lansing,MI
MI,otsego,Diocese of Kalamazoo,MI
MI,otter lake,Archdiocese of Detroit,MI
MI,ovid,Diocese of Lansing,MI
MI,owosso,Diocese of Lansing,MI
MI,oxford,Archdiocese of Detroit,MI
MI,palmer,Diocese of Marquette,MI
MI,parchment,Diocese of Kalamazoo,MI
MI,parkdale,Diocese of Gaylord,MI
MI,parma,Diocese of Lansing,MI
MI,paw paw,Diocese of Kalamazoo,MI
MI,paw paw lake,Diocese of Kalamazoo,MI
MI,pearl beach,Archdiocese of Detroit,MI
MI,peck,Diocese of Saginaw,MI
MI,pellston,Diocese of Gaylord,MI
MI,pentwater,Diocese of Grand Rapids,MI
MI,perrinton,Diocese of Saginaw,MI
MI,perry,Diocese of Lansing,MI
MI,petersburg,Archdiocese of Detroit,MI
MI,petoskey,Diocese of Gaylord,MI
MI,pewamo,Diocese of Grand Rapids,MI
MI,pigeon,Diocese of Saginaw,MI
MI,pinckney,Diocese of Lansing,MI
MI,pinconning,Diocese of Saginaw,MI
MI,plainwell,Diocese of Kalamazoo,MI
MI,pleasant ridge,Archdiocese of Detroit,MI
MI,plymouth,Archdiocese of Detroit,MI
MI,pontiac,Archdiocese of Detroit,MI
MI,port austin,Diocese of Saginaw,MI
MI,port huron,Archdiocese of Detroit,MI
MI,port sanilac,Diocese of Saginaw,MI
MI,portage,Diocese of Kalamazoo,MI
MI,portland,Diocese of Grand Rapids,MI
MI,potterville,Diocese of Lansing,MI
MI,powers,Diocese of Marquette,MI
MI,prudenville,Diocese of Gaylord,MI
MI,quincy,Diocese of Kalamazoo,MI
MI,quinnesec,Diocese of Marquette,MI
MI,rapid city,Diocese of Gaylord,MI
MI,ravenna,Diocese of Grand Rapids,MI
MI,reading,Diocese of Lansing,MI
MI,redford,Archdiocese of Detroit,MI
MI,reed city,Diocese of Grand Rapids,MI
MI,reese,Diocese of Saginaw,MI
MI,republic,Diocese of Marquette,MI
MI,richland,Diocese of Kalamazoo,MI
MI,richmond,Archdiocese of Detroit,MI
MI,river rouge,Archdiocese of Detroit,MI
MI,riverview,Archdiocese of Detroit,MI
MI,robin glenindiantown,Diocese of Saginaw,MI
MI,rochester,Archdiocese of Detroit,MI
MI,rochester hills,Archdiocese of Detroit,MI
MI,rockford,Diocese of Grand Rapids,MI
MI,rockwood,Archdiocese of Detroit,MI
MI,rogers city,Diocese of Gaylord,MI
MI,romeo,Archdiocese of Detroit,MI
MI,romulus,Archdiocese of Detroit,MI
MI,roosevelt park,Diocese of Grand Rapids,MI
MI,roscommon,Diocese of Gaylord,MI
MI,rose city,Diocese of Gaylord,MI
MI,rosebush,Diocese of Saginaw,MI
MI,roseville,Archdiocese of Detroit,MI
MI,rothbury,Diocese of Grand Rapids,MI
MI,royal oak,Archdiocese of Detroit,MI
MI,saginaw,Diocese of Saginaw,MI
MI,saginaw township north,Diocese of Saginaw,MI
MI,saline,Diocese of Lansing,MI
MI,sandusky,Diocese of Saginaw,MI
MI,sanford,Diocese of Saginaw,MI
MI,saranac,Diocese of Grand Rapids,MI
MI,saugatuck,Diocese of Kalamazoo,MI
MI,sault ste marie,Diocese of Marquette,MI
MI,schoolcraft,Diocese of Kalamazoo,MI
MI,scottville,Diocese of Grand Rapids,MI
MI,sebewaing,Diocese of Saginaw,MI
MI,shepherd,Diocese of Saginaw,MI
MI,sheridan,Diocese of Grand Rapids,MI
MI,sherwood,Diocese of Kalamazoo,MI
MI,shields,Diocese of Saginaw,MI
MI,shoreham,Diocese of Kalamazoo,MI
MI,shorewoodtower hillsharbert,Diocese of Kalamazoo,MI
MI,skidway lake,Diocese of Gaylord,MI
MI,snover,Diocese of Saginaw,MI
MI,south boardman,Diocese of Gaylord,MI
MI,south gull lake,Diocese of Kalamazoo,MI
MI,south haven,Diocese of Kalamazoo,MI
MI,south lyon,Archdiocese of Detroit,MI
MI,south monroe,Archdiocese of Detroit,MI
MI,south range,Diocese of Marquette,MI
MI,south rockwood,Archdiocese of Detroit,MI
MI,southfield,Archdiocese of Detroit,MI
MI,southgate,Archdiocese of Detroit,MI
MI,sparta,Diocese of Grand Rapids,MI
MI,spring arbor,Diocese of Lansing,MI
MI,spring lake,Diocese of Grand Rapids,MI
MI,springfield,Diocese of Kalamazoo,MI
MI,springport,Diocese of Lansing,MI
MI,st charles,Diocese of Saginaw,MI
MI,st clair,Archdiocese of Detroit,MI
MI,st clair shores,Archdiocese of Detroit,MI
MI,st helen,Diocese of Gaylord,MI
MI,st ignace,Diocese of Marquette,MI
MI,st johns,Diocese of Lansing,MI
MI,st joseph,Diocese of Kalamazoo,MI
MI,st louis,Diocese of Saginaw,MI
MI,standish,Diocese of Saginaw,MI
MI,stanton,Diocese of Grand Rapids,MI
MI,stephenson,Diocese of Marquette,MI
MI,sterling,Diocese of Saginaw,MI
MI,sterling heights,Archdiocese of Detroit,MI
MI,stevensville,Diocese of Kalamazoo,MI
MI,stockbridge,Diocese of Lansing,MI
MI,sturgis,Diocese of Kalamazoo,MI
MI,sunfield,Diocese of Lansing,MI
MI,suttons bay,Diocese of Gaylord,MI
MI,swartz creek,Diocese of Lansing,MI
MI,sylvan lake,Archdiocese of Detroit,MI
MI,tawas city,Diocese of Gaylord,MI
MI,taylor,Archdiocese of Detroit,MI
MI,tecumseh,Diocese of Lansing,MI
MI,tekonsha,Diocese of Kalamazoo,MI
MI,temperance,Archdiocese of Detroit,MI
MI,thompsonville,Diocese of Gaylord,MI
MI,three oaks,Diocese of Kalamazoo,MI
MI,three rivers,Diocese of Kalamazoo,MI
MI,traverse city,Diocese of Gaylord,MI
MI,trenton,Archdiocese of Detroit,MI
MI,trowbridge park,Diocese of Marquette,MI
MI,troy,Archdiocese of Detroit,MI
MI,twin lake,Diocese of Grand Rapids,MI
MI,ubly,Diocese of Saginaw,MI
MI,union city,Diocese of Kalamazoo,MI
MI,unionville,Diocese of Saginaw,MI
MI,utica,Archdiocese of Detroit,MI
MI,vanderbilt,Diocese of Gaylord,MI
MI,vandercook lake,Diocese of Lansing,MI
MI,vassar,Diocese of Saginaw,MI
MI,vermontville,Diocese of Lansing,MI
MI,vernon,Diocese of Lansing,MI
MI,vicksburg,Diocese of Kalamazoo,MI
MI,wacousta,Diocese of Lansing,MI
MI,wakefield,Diocese of Marquette,MI
MI,waldron,Diocese of Lansing,MI
MI,walker,Diocese of Grand Rapids,MI
MI,walled lake,Archdiocese of Detroit,MI
MI,warren,Archdiocese of Detroit,MI
MI,waterford,Archdiocese of Detroit,MI
MI,watersmeet,Diocese of Marquette,MI
MI,watervliet,Diocese of Kalamazoo,MI
MI,waverly,Diocese of Lansing,MI
MI,wayland,Diocese of Kalamazoo,MI
MI,wayne,Archdiocese of Detroit,MI
MI,webberville,Diocese of Lansing,MI
MI,weidman,Diocese of Saginaw,MI
MI,wellston,Diocese of Gaylord,MI
MI,west bloomfield township,Archdiocese of Detroit,MI
MI,west branch,Diocese of Gaylord,MI
MI,west ishpeming,Diocese of Marquette,MI
MI,west monroe,Archdiocese of Detroit,MI
MI,westland,Archdiocese of Detroit,MI
MI,westphalia,Diocese of Lansing,MI
MI,westwood,Diocese of Kalamazoo,MI
MI,white cloud,Diocese of Grand Rapids,MI
MI,white pigeon,Diocese of Kalamazoo,MI
MI,white pine,Diocese of Marquette,MI
MI,whitehall,Diocese of Grand Rapids,MI
MI,whitmore lake,Diocese of Lansing,MI
MI,whittemore,Diocese of Gaylord,MI
MI,williamston,Diocese of Lansing,MI
MI,wixom,Archdiocese of Detroit,MI
MI,wolf lake,Diocese of Grand Rapids,MI
MI,wolverine lake,Archdiocese of Detroit,MI
MI,woodhaven,Archdiocese of Detroit,MI
MI,woodland,Diocese of Kalamazoo,MI
MI,woodland beach,Archdiocese of Detroit,MI
MI,wyandotte,Archdiocese of Detroit,MI
MI,wyoming,Diocese of Grand Rapids,MI
MI,yale,Archdiocese of Detroit,MI
MI,ypsilanti,Diocese of Lansing,MI
MI,zeba,Diocese of Marquette,MI
MI,zeeland,Diocese of Grand Rapids,MI
MI,zilwaukee,Diocese of Saginaw,MI
MN,ada,Diocese of Crookston,MN
MN,adams,Diocese of Winona–Rochester,MN
MN,adrian,Diocese of Winona–Rochester,MN
MN,afton,Archdiocese of Saint Paul and Minneapolis,MN
MN,aitkin,Diocese of Duluth,MN
MN,akeley,Diocese of Crookston,MN
MN,albany,Diocese of Saint Cloud,MN
MN,albert lea,Diocese of Winona–Rochester,MN
MN,albertville,Archdiocese of Saint Paul and Minneapolis,MN
MN,alden,Diocese of Winona–Rochester,MN
MN,alexandria,Diocese of Saint Cloud,MN
MN,altura,Diocese of Winona–Rochester,MN
MN,alvarado,Diocese of Crookston,MN
MN,amboy,Diocese of Winona–Rochester,MN
MN,andover,Archdiocese of Saint Paul and Minneapolis,MN
MN,annandale,Archdiocese of Saint Paul and Minneapolis,MN
MN,anoka,Archdiocese of Saint Paul and Minneapolis,MN
MN,apple valley,Archdiocese of Saint Paul and Minneapolis,MN
MN,appleton,Diocese of New Ulm,MN
MN,arden hills,Archdiocese of Saint Paul and Minneapolis,MN
MN,argyle,Diocese of Crookston,MN
MN,arlington,Diocese of New Ulm,MN
MN,arnold,Diocese of Duluth,MN
MN,ashby,Diocese of Saint Cloud,MN
MN,askov,Diocese of Duluth,MN
MN,atwater,Diocese of New Ulm,MN
MN,audubon,Diocese of Crookston,MN
MN,aurora,Diocese of Duluth,MN
MN,austin,Diocese of Winona–Rochester,MN
MN,avon,Diocese of Saint Cloud,MN
MN,babbitt,Diocese of Duluth,MN
MN,badger,Diocese of Crookston,MN
MN,bagley,Diocese of Crookston,MN
MN,balaton,Diocese of New Ulm,MN
MN,ball club,Diocese of Duluth,MN
MN,barnesville,Diocese of Crookston,MN
MN,barnum,Diocese of Duluth,MN
MN,barrett,Diocese of Saint Cloud,MN
MN,battle lake,Diocese of Saint Cloud,MN
MN,baudette,Diocese of Crookston,MN
MN,baxter,Diocese of Duluth,MN
MN,bayport,Archdiocese of Saint Paul and Minneapolis,MN
MN,becker,Diocese of Saint Cloud,MN
MN,belgrade,Diocese of Saint Cloud,MN
MN,belle plaine,Archdiocese of Saint Paul and Minneapolis,MN
MN,belview,Diocese of New Ulm,MN
MN,bemidji,Diocese of Crookston,MN
MN,benson,Diocese of New Ulm,MN
MN,bertha,Diocese of Saint Cloud,MN
MN,bethel,Archdiocese of Saint Paul and Minneapolis,MN
MN,big lake,Diocese of Saint Cloud,MN
MN,bigfork,Diocese of Duluth,MN
MN,birchwood,Archdiocese of Saint Paul and Minneapolis,MN
MN,bird island,Diocese of New Ulm,MN
MN,biwabik,Diocese of Duluth,MN
MN,blackduck,Diocese of Crookston,MN
MN,blaine,Archdiocese of Saint Paul and Minneapolis,MN
MN,blooming prairie,Diocese of Winona–Rochester,MN
MN,bloomington,Archdiocese of Saint Paul and Minneapolis,MN
MN,blue earth,Diocese of Winona–Rochester,MN
MN,bovey,Diocese of Duluth,MN
MN,braham,Diocese of Saint Cloud,MN
MN,brainerd,Diocese of Duluth,MN
MN,brandon,Diocese of Saint Cloud,MN
MN,breckenridge,Diocese of Saint Cloud,MN
MN,breezy point,Diocese of Duluth,MN
MN,brewster,Diocese of Winona–Rochester,MN
MN,bricelyn,Diocese of Winona–Rochester,MN
MN,brooklyn center,Archdiocese of Saint Paul and Minneapolis,MN
MN,brooklyn park,Archdiocese of Saint Paul and Minneapolis,MN
MN,brooten,Diocese of Saint Cloud,MN
MN,browerville,Diocese of Saint Cloud,MN
MN,browns valley,Diocese of Saint Cloud,MN
MN,brownsdale,Diocese of Winona–Rochester,MN
MN,brownsville,Diocese of Winona–Rochester,MN
MN,brownton,Diocese of New Ulm,MN
MN,buffalo,Archdiocese of Saint Paul and Minneapolis,MN
MN,buffalo lake,Diocese of New Ulm,MN
MN,buhl,Diocese of Duluth,MN
MN,burnsville,Archdiocese of Saint Paul and Minneapolis,MN
MN,butterfield,Diocese of Winona–Rochester,MN
MN,byron,Diocese of Winona–Rochester,MN
MN,caledonia,Diocese of Winona–Rochester,MN
MN,calumet,Diocese of Duluth,MN
MN,cambridge,Diocese of Saint Cloud,MN
MN,canby,Diocese of New Ulm,MN
MN,cannon falls,Archdiocese of Saint Paul and Minneapolis,MN
MN,canton,Diocese of Winona–Rochester,MN
MN,carlos,Diocese of Saint Cloud,MN
MN,carlton,Diocese of Duluth,MN
MN,carver,Archdiocese of Saint Paul and Minneapolis,MN
MN,cass lake,Diocese of Duluth,MN
MN,center city,Archdiocese of Saint Paul and Minneapolis,MN
MN,centerville,Archdiocese of Saint Paul and Minneapolis,MN
MN,ceylon,Diocese of Winona–Rochester,MN
MN,champlin,Archdiocese of Saint Paul and Minneapolis,MN
MN,chanhassen,Archdiocese of Saint Paul and Minneapolis,MN
MN,chaska,Archdiocese of Saint Paul and Minneapolis,MN
MN,chatfield,Diocese of Winona–Rochester,MN
MN,chisago city,Archdiocese of Saint Paul and Minneapolis,MN
MN,chisholm,Diocese of Duluth,MN
MN,chokio,Diocese of Saint Cloud,MN
MN,circle pines,Archdiocese of Saint Paul and Minneapolis,MN
MN,clara city,Diocese of New Ulm,MN
MN,claremont,Diocese of Winona–Rochester,MN
MN,clarissa,Diocese of Saint Cloud,MN
MN,clarkfield,Diocese of New Ulm,MN
MN,clarks grove,Diocese of Winona–Rochester,MN
MN,clear lake,Diocese of Saint Cloud,MN
MN,clearbrook,Diocese of Crookston,MN
MN,clearwater,Archdiocese of Saint Paul and Minneapolis,MN
MN,cleveland,Archdiocese of Saint Paul and Minneapolis,MN
MN,clinton,Diocese of New Ulm,MN
MN,cloquet,Diocese of Duluth,MN
MN,cohasset,Diocese of Duluth,MN
MN,cokato,Archdiocese of Saint Paul and Minneapolis,MN
MN,cold spring,Diocese of Saint Cloud,MN
MN,coleraine,Diocese of Duluth,MN
MN,collegeville,Diocese of Saint Cloud,MN
MN,cologne,Archdiocese of Saint Paul and Minneapolis,MN
MN,columbia heights,Archdiocese of Saint Paul and Minneapolis,MN
MN,columbus,Archdiocese of Saint Paul and Minneapolis,MN
MN,comfrey,Diocese of New Ulm,MN
MN,cook,Diocese of Duluth,MN
MN,coon rapids,Archdiocese of Saint Paul and Minneapolis,MN
MN,corcoran,Archdiocese of Saint Paul and Minneapolis,MN
MN,cosmos,Diocese of New Ulm,MN
MN,cottage grove,Archdiocese of Saint Paul and Minneapolis,MN
MN,cottonwood,Diocese of New Ulm,MN
MN,courtland,Diocese of New Ulm,MN
MN,crookston,Diocese of Crookston,MN
MN,crosby,Diocese of Duluth,MN
MN,crosslake,Diocese of Duluth,MN
MN,crystal,Archdiocese of Saint Paul and Minneapolis,MN
MN,cuyuna,Diocese of Duluth,MN
MN,dakota,Diocese of Winona–Rochester,MN
MN,danube,Diocese of New Ulm,MN
MN,darwin,Diocese of New Ulm,MN
MN,dassel,Diocese of New Ulm,MN
MN,dawson,Diocese of New Ulm,MN
MN,dayton,Archdiocese of Saint Paul and Minneapolis,MN
MN,deephaven,Archdiocese of Saint Paul and Minneapolis,MN
MN,deer creek,Diocese of Saint Cloud,MN
MN,deer river,Diocese of Duluth,MN
MN,deerwood,Diocese of Duluth,MN
MN,delano,Archdiocese of Saint Paul and Minneapolis,MN
MN,dellwood,Archdiocese of Saint Paul and Minneapolis,MN
MN,detroit lakes,Diocese of Crookston,MN
MN,dexter,Diocese of Winona–Rochester,MN
MN,dilworth,Diocese of Crookston,MN
MN,dodge center,Diocese of Winona–Rochester,MN
MN,dover,Diocese of Winona–Rochester,MN
MN,duluth,Diocese of Duluth,MN
MN,dundas,Archdiocese of Saint Paul and Minneapolis,MN
MN,eagan,Archdiocese of Saint Paul and Minneapolis,MN
MN,eagle bend,Diocese of Saint Cloud,MN
MN,eagle lake,Diocese of Winona–Rochester,MN
MN,east bethel,Archdiocese of Saint Paul and Minneapolis,MN
MN,east grand forks,Diocese of Crookston,MN
MN,east gull lake,Diocese of Duluth,MN
MN,eden prairie,Archdiocese of Saint Paul and Minneapolis,MN
MN,eden valley,Diocese of New Ulm,MN
MN,edgerton,Diocese of Winona–Rochester,MN
MN,edina,Archdiocese of Saint Paul and Minneapolis,MN
MN,elbow lake,Diocese of Saint Cloud,MN
MN,elgin,Diocese of Winona–Rochester,MN
MN,elk river,Diocese of Saint Cloud,MN
MN,elko,Archdiocese of Saint Paul and Minneapolis,MN
MN,elko new market,Archdiocese of Saint Paul and Minneapolis,MN
MN,ellendale,Diocese of Winona–Rochester,MN
MN,ellsworth,Diocese of Winona–Rochester,MN
MN,elmore,Diocese of Winona–Rochester,MN
MN,ely,Diocese of Duluth,MN
MN,elysian,Archdiocese of Saint Paul and Minneapolis,MN
MN,emily,Diocese of Duluth,MN
MN,emmons,Diocese of Winona–Rochester,MN
MN,erskine,Diocese of Crookston,MN
MN,esko,Diocese of Duluth,MN
MN,evansville,Diocese of Saint Cloud,MN
MN,eveleth,Diocese of Duluth,MN
MN,excelsior,Archdiocese of Saint Paul and Minneapolis,MN
MN,eyota,Diocese of Winona–Rochester,MN
MN,fairfax,Diocese of New Ulm,MN
MN,fairhaven,Diocese of Saint Cloud,MN
MN,fairmont,Diocese of Winona–Rochester,MN
MN,falcon heights,Archdiocese of Saint Paul and Minneapolis,MN
MN,faribault,Archdiocese of Saint Paul and Minneapolis,MN
MN,farmington,Archdiocese of Saint Paul and Minneapolis,MN
MN,fergus falls,Diocese of Saint Cloud,MN
MN,fertile,Diocese of Crookston,MN
MN,fifty lakes,Diocese of Duluth,MN
MN,finlayson,Diocese of Duluth,MN
MN,fisher,Diocese of Crookston,MN
MN,floodwood,Diocese of Duluth,MN
MN,foley,Diocese of Saint Cloud,MN
MN,forest lake,Archdiocese of Saint Paul and Minneapolis,MN
MN,foreston,Diocese of Saint Cloud,MN
MN,fosston,Diocese of Crookston,MN
MN,fountain,Diocese of Winona–Rochester,MN
MN,franklin,Diocese of New Ulm,MN
MN,frazee,Diocese of Crookston,MN
MN,freeport,Diocese of Saint Cloud,MN
MN,fridley,Archdiocese of Saint Paul and Minneapolis,MN
MN,fulda,Diocese of Winona–Rochester,MN
MN,garfield,Diocese of Saint Cloud,MN
MN,gaylord,Diocese of New Ulm,MN
MN,gem lake,Archdiocese of Saint Paul and Minneapolis,MN
MN,geneva,Diocese of Winona–Rochester,MN
MN,ghent,Diocese of New Ulm,MN
MN,gibbon,Diocese of New Ulm,MN
MN,gilbert,Diocese of Duluth,MN
MN,glencoe,Diocese of New Ulm,MN
MN,glenville,Diocese of Winona–Rochester,MN
MN,glenwood,Diocese of Saint Cloud,MN
MN,glyndon,Diocese of Crookston,MN
MN,golden valley,Archdiocese of Saint Paul and Minneapolis,MN
MN,good thunder,Diocese of Winona–Rochester,MN
MN,goodhue,Archdiocese of Saint Paul and Minneapolis,MN
MN,goodview,Diocese of Winona–Rochester,MN
MN,graceville,Diocese of New Ulm,MN
MN,grand marais,Diocese of Duluth,MN
MN,grand meadow,Diocese of Winona–Rochester,MN
MN,grand rapids,Diocese of Duluth,MN
MN,granite falls,Diocese of New Ulm,MN
MN,grant,Archdiocese of Saint Paul and Minneapolis,MN
MN,green isle,Diocese of New Ulm,MN
MN,greenbush,Diocese of Crookston,MN
MN,greenfield,Archdiocese of Saint Paul and Minneapolis,MN
MN,greenwood,Archdiocese of Saint Paul and Minneapolis,MN
MN,grey eagle,Diocese of Saint Cloud,MN
MN,grove city,Diocese of New Ulm,MN
MN,hackensack,Diocese of Duluth,MN
MN,hallock,Diocese of Crookston,MN
MN,halstad,Diocese of Crookston,MN
MN,ham lake,Archdiocese of Saint Paul and Minneapolis,MN
MN,hamburg,Archdiocese of Saint Paul and Minneapolis,MN
MN,hampton,Archdiocese of Saint Paul and Minneapolis,MN
MN,hancock,Diocese of Saint Cloud,MN
MN,hanover,Archdiocese of Saint Paul and Minneapolis,MN
MN,hanska,Diocese of New Ulm,MN
MN,harmony,Diocese of Winona–Rochester,MN
MN,harris,Archdiocese of Saint Paul and Minneapolis,MN
MN,hartland,Diocese of Winona–Rochester,MN
MN,hastings,Archdiocese of Saint Paul and Minneapolis,MN
MN,hawley,Diocese of Crookston,MN
MN,hayfield,Diocese of Winona–Rochester,MN
MN,hector,Diocese of New Ulm,MN
MN,henderson,Diocese of New Ulm,MN
MN,hendricks,Diocese of New Ulm,MN
MN,hendrum,Diocese of Crookston,MN
MN,henning,Diocese of Saint Cloud,MN
MN,herman,Diocese of Saint Cloud,MN
MN,hermantown,Diocese of Duluth,MN
MN,heron lake,Diocese of Winona–Rochester,MN
MN,hibbing,Diocese of Duluth,MN
MN,hill city,Diocese of Duluth,MN
MN,hills,Diocese of Winona–Rochester,MN
MN,hilltop,Archdiocese of Saint Paul and Minneapolis,MN
MN,hinckley,Diocese of Duluth,MN
MN,hoffman,Diocese of Saint Cloud,MN
MN,hokah,Diocese of Winona–Rochester,MN
MN,holdingford,Diocese of Saint Cloud,MN
MN,hopkins,Archdiocese of Saint Paul and Minneapolis,MN
MN,houston,Diocese of Winona–Rochester,MN
MN,howard lake,Archdiocese of Saint Paul and Minneapolis,MN
MN,hoyt lakes,Diocese of Duluth,MN
MN,hugo,Archdiocese of Saint Paul and Minneapolis,MN
MN,hutchinson,Diocese of New Ulm,MN
MN,independence,Archdiocese of Saint Paul and Minneapolis,MN
MN,international falls,Diocese of Duluth,MN
MN,inver grove heights,Archdiocese of Saint Paul and Minneapolis,MN
MN,ironton,Diocese of Duluth,MN
MN,isanti,Diocese of Saint Cloud,MN
MN,isle,Diocese of Saint Cloud,MN
MN,ivanhoe,Diocese of New Ulm,MN
MN,jackson,Diocese of Winona–Rochester,MN
MN,janesville,Diocese of Winona–Rochester,MN
MN,jasper,Diocese of Winona–Rochester,MN
MN,jeffers,Diocese of Winona–Rochester,MN
MN,jenkins,Diocese of Duluth,MN
MN,jordan,Archdiocese of Saint Paul and Minneapolis,MN
MN,kandiyohi,Diocese of New Ulm,MN
MN,karlstad,Diocese of Crookston,MN
MN,kasota,Archdiocese of Saint Paul and Minneapolis,MN
MN,kasson,Diocese of Winona–Rochester,MN
MN,keewatin,Diocese of Duluth,MN
MN,kellogg,Diocese of Winona–Rochester,MN
MN,kenyon,Archdiocese of Saint Paul and Minneapolis,MN
MN,kerkhoven,Diocese of New Ulm,MN
MN,kiester,Diocese of Winona–Rochester,MN
MN,kimball,Diocese of Saint Cloud,MN
MN,kragnes,Diocese of Crookston,MN
MN,la crescent,Diocese of Winona–Rochester,MN
MN,la prairie,Diocese of Duluth,MN
MN,lafayette,Diocese of New Ulm,MN
MN,lake benton,Diocese of New Ulm,MN
MN,lake city,Diocese of Winona–Rochester,MN
MN,lake crystal,Diocese of Winona–Rochester,MN
MN,lake elmo,Archdiocese of Saint Paul and Minneapolis,MN
MN,lake park,Diocese of Crookston,MN
MN,lake shore,Diocese of Duluth,MN
MN,lake st croix beach,Archdiocese of Saint Paul and Minneapolis,MN
MN,lakefield,Diocese of Winona–Rochester,MN
MN,lakeland,Archdiocese of Saint Paul and Minneapolis,MN
MN,lakeland shores,Archdiocese of Saint Paul and Minneapolis,MN
MN,lakeville,Archdiocese of Saint Paul and Minneapolis,MN
MN,lamberton,Diocese of New Ulm,MN
MN,lancaster,Diocese of Crookston,MN
MN,landfall,Archdiocese of Saint Paul and Minneapolis,MN
MN,lanesboro,Diocese of Winona–Rochester,MN
MN,lauderdale,Archdiocese of Saint Paul and Minneapolis,MN
MN,le center,Archdiocese of Saint Paul and Minneapolis,MN
MN,le roy,Diocese of Winona–Rochester,MN
MN,le sueur,Archdiocese of Saint Paul and Minneapolis,MN
MN,lester prairie,Diocese of New Ulm,MN
MN,lewiston,Diocese of Winona–Rochester,MN
MN,lexington,Archdiocese of Saint Paul and Minneapolis,MN
MN,lilydale,Archdiocese of Saint Paul and Minneapolis,MN
MN,lindstrom,Archdiocese of Saint Paul and Minneapolis,MN
MN,lino lakes,Archdiocese of Saint Paul and Minneapolis,MN
MN,litchfield,Diocese of New Ulm,MN
MN,little canada,Archdiocese of Saint Paul and Minneapolis,MN
MN,little falls,Diocese of Saint Cloud,MN
MN,little rock,Diocese of Crookston,MN
MN,littlefork,Diocese of Duluth,MN
MN,long beach,Diocese of Saint Cloud,MN
MN,long lake,Archdiocese of Saint Paul and Minneapolis,MN
MN,long prairie,Diocese of Saint Cloud,MN
MN,longfellow community,Archdiocese of Saint Paul and Minneapolis,MN
MN,lonsdale,Archdiocese of Saint Paul and Minneapolis,MN
MN,loretto,Archdiocese of Saint Paul and Minneapolis,MN
MN,luella anderson subdivision,Archdiocese of Saint Paul and Minneapolis,MN
MN,luverne,Diocese of Winona–Rochester,MN
MN,lyle,Diocese of Winona–Rochester,MN
MN,lynd,Diocese of New Ulm,MN
MN,mabel,Diocese of Winona–Rochester,MN
MN,madelia,Diocese of Winona–Rochester,MN
MN,madison,Diocese of New Ulm,MN
MN,madison lake,Diocese of Winona–Rochester,MN
MN,mahnomen,Diocese of Crookston,MN
MN,mahtomedi,Archdiocese of Saint Paul and Minneapolis,MN
MN,mahtowa,Diocese of Duluth,MN
MN,mankato,Diocese of Winona–Rochester,MN
MN,mantorville,Diocese of Winona–Rochester,MN
MN,maple grove,Archdiocese of Saint Paul and Minneapolis,MN
MN,maple lake,Archdiocese of Saint Paul and Minneapolis,MN
MN,maple plain,Archdiocese of Saint Paul and Minneapolis,MN
MN,mapleton,Diocese of Winona–Rochester,MN
MN,maplewood,Archdiocese of Saint Paul and Minneapolis,MN
MN,marble,Diocese of Duluth,MN
MN,marine on st croix,Archdiocese of Saint Paul and Minneapolis,MN
MN,marshall,Diocese of New Ulm,MN
MN,martin lake,Archdiocese of Saint Paul and Minneapolis,MN
MN,mayer,Archdiocese of Saint Paul and Minneapolis,MN
MN,maynard,Diocese of New Ulm,MN
MN,mazeppa,Diocese of Winona–Rochester,MN
MN,mcgregor,Diocese of Duluth,MN
MN,mcintosh,Diocese of Crookston,MN
MN,medford,Diocese of Winona–Rochester,MN
MN,medicine lake,Archdiocese of Saint Paul and Minneapolis,MN
MN,medina,Archdiocese of Saint Paul and Minneapolis,MN
MN,melrose,Diocese of Saint Cloud,MN
MN,menahga,Diocese of Saint Cloud,MN
MN,mendota heights,Archdiocese of Saint Paul and Minneapolis,MN
MN,milaca,Diocese of Saint Cloud,MN
MN,milan,Diocese of New Ulm,MN
MN,miltona,Diocese of Saint Cloud,MN
MN,minneapolis,Archdiocese of Saint Paul and Minneapolis,MN
MN,minneota,Diocese of New Ulm,MN
MN,minnesota lake,Diocese of Winona–Rochester,MN
MN,minnetonka,Archdiocese of Saint Paul and Minneapolis,MN
MN,minnetonka beach,Archdiocese of Saint Paul and Minneapolis,MN
MN,minnetonka mills,Archdiocese of Saint Paul and Minneapolis,MN
MN,minnetrista,Archdiocese of Saint Paul and Minneapolis,MN
MN,montevideo,Diocese of New Ulm,MN
MN,montgomery,Archdiocese of Saint Paul and Minneapolis,MN
MN,monticello,Archdiocese of Saint Paul and Minneapolis,MN
MN,montrose,Archdiocese of Saint Paul and Minneapolis,MN
MN,moorhead,Diocese of Crookston,MN
MN,moose lake,Diocese of Duluth,MN
MN,mora,Diocese of Saint Cloud,MN
MN,morgan,Diocese of New Ulm,MN
MN,morris,Diocese of Saint Cloud,MN
MN,morristown,Archdiocese of Saint Paul and Minneapolis,MN
MN,morton,Diocese of New Ulm,MN
MN,motley,Diocese of Saint Cloud,MN
MN,mound,Archdiocese of Saint Paul and Minneapolis,MN
MN,mounds view,Archdiocese of Saint Paul and Minneapolis,MN
MN,mountain iron,Diocese of Duluth,MN
MN,mountain lake,Diocese of Winona–Rochester,MN
MN,nashwauk,Diocese of Duluth,MN
MN,naytahwaush,Diocese of Crookston,MN
MN,nevis,Diocese of Crookston,MN
MN,new auburn,Diocese of New Ulm,MN
MN,new brighton,Archdiocese of Saint Paul and Minneapolis,MN
MN,new germany,Archdiocese of Saint Paul and Minneapolis,MN
MN,new hope,Archdiocese of Saint Paul and Minneapolis,MN
MN,new london,Diocese of New Ulm,MN
MN,new market,Archdiocese of Saint Paul and Minneapolis,MN
MN,new munich,Diocese of Saint Cloud,MN
MN,new prague,Archdiocese of Saint Paul and Minneapolis,MN
MN,new richland,Diocese of Winona–Rochester,MN
MN,new ulm,Diocese of New Ulm,MN
MN,new york mills,Diocese of Saint Cloud,MN
MN,newfolden,Diocese of Crookston,MN
MN,newport,Archdiocese of Saint Paul and Minneapolis,MN
MN,nicollet,Diocese of New Ulm,MN
MN,nisswa,Diocese of Duluth,MN
MN,north branch,Archdiocese of Saint Paul and Minneapolis,MN
MN,north mankato,Diocese of New Ulm,MN
MN,north oaks,Archdiocese of Saint Paul and Minneapolis,MN
MN,north st paul,Archdiocese of Saint Paul and Minneapolis,MN
MN,northfield,Archdiocese of Saint Paul and Minneapolis,MN
MN,norwood young america,Archdiocese of Saint Paul and Minneapolis,MN
MN,nowthen,Archdiocese of Saint Paul and Minneapolis,MN
MN,oak grove,Archdiocese of Saint Paul and Minneapolis,MN
MN,oak park heights,Archdiocese of Saint Paul and Minneapolis,MN
MN,oakdale,Archdiocese of Saint Paul and Minneapolis,MN
MN,oakport,Diocese of Crookston,MN
MN,ogilvie,Diocese of Saint Cloud,MN
MN,oklee,Diocese of Crookston,MN
MN,olivia,Diocese of New Ulm,MN
MN,onamia,Diocese of Saint Cloud,MN
MN,orono,Archdiocese of Saint Paul and Minneapolis,MN
MN,oronoco,Diocese of Winona–Rochester,MN
MN,orr,Diocese of Duluth,MN
MN,ortonville,Diocese of New Ulm,MN
MN,osage,Diocese of Crookston,MN
MN,osakis,Diocese of Saint Cloud,MN
MN,oslo,Diocese of Crookston,MN
MN,osseo,Archdiocese of Saint Paul and Minneapolis,MN
MN,otsego,Archdiocese of Saint Paul and Minneapolis,MN
MN,ottertail,Diocese of Saint Cloud,MN
MN,owatonna,Diocese of Winona–Rochester,MN
MN,park rapids,Diocese of Crookston,MN
MN,parkers prairie,Diocese of Saint Cloud,MN
MN,parkville,Diocese of Duluth,MN
MN,paynesville,Diocese of Saint Cloud,MN
MN,pelican rapids,Diocese of Saint Cloud,MN
MN,pennock,Diocese of New Ulm,MN
MN,pequot lakes,Diocese of Duluth,MN
MN,perham,Diocese of Saint Cloud,MN
MN,pierz,Diocese of Saint Cloud,MN
MN,pillager,Diocese of Duluth,MN
MN,pine city,Diocese of Duluth,MN
MN,pine island,Archdiocese of Saint Paul and Minneapolis,MN
MN,pine point,Diocese of Crookston,MN
MN,pine river,Diocese of Duluth,MN
MN,pine springs,Archdiocese of Saint Paul and Minneapolis,MN
MN,pipestone,Diocese of Winona–Rochester,MN
MN,plainview,Diocese of Winona–Rochester,MN
MN,plato,Diocese of New Ulm,MN
MN,pleasant lake,Diocese of Saint Cloud,MN
MN,plymouth,Archdiocese of Saint Paul and Minneapolis,MN
MN,ponemah,Diocese of Crookston,MN
MN,preston,Diocese of Winona–Rochester,MN
MN,princeton,Diocese of Saint Cloud,MN
MN,prinsburg,Diocese of New Ulm,MN
MN,prior lake,Archdiocese of Saint Paul and Minneapolis,MN
MN,proctor,Diocese of Duluth,MN
MN,racine,Diocese of Winona–Rochester,MN
MN,ramsey,Archdiocese of Saint Paul and Minneapolis,MN
MN,randall,Diocese of Saint Cloud,MN
MN,randolph,Archdiocese of Saint Paul and Minneapolis,MN
MN,ranier,Diocese of Duluth,MN
MN,raymond,Diocese of New Ulm,MN
MN,red lake,Diocese of Crookston,MN
MN,red lake falls,Diocese of Crookston,MN
MN,red wing,Archdiocese of Saint Paul and Minneapolis,MN
MN,redby,Diocese of Crookston,MN
MN,redwood falls,Diocese of New Ulm,MN
MN,remer,Diocese of Duluth,MN
MN,renville,Diocese of New Ulm,MN
MN,rice,Diocese of Saint Cloud,MN
MN,richfield,Archdiocese of Saint Paul and Minneapolis,MN
MN,richmond,Diocese of Saint Cloud,MN
MN,robbinsdale,Archdiocese of Saint Paul and Minneapolis,MN
MN,rochester,Diocese of Winona–Rochester,MN
MN,rock creek,Diocese of Duluth,MN
MN,rockford,Archdiocese of Saint Paul and Minneapolis,MN
MN,rockville,Diocese of Saint Cloud,MN
MN,rogers,Archdiocese of Saint Paul and Minneapolis,MN
MN,rollingstone,Diocese of Winona–Rochester,MN
MN,rose creek,Diocese of Winona–Rochester,MN
MN,roseau,Diocese of Crookston,MN
MN,rosemount,Archdiocese of Saint Paul and Minneapolis,MN
MN,roseville,Archdiocese of Saint Paul and Minneapolis,MN
MN,rothsay,Diocese of Saint Cloud,MN
MN,round lake,Diocese of Winona–Rochester,MN
MN,royalton,Diocese of Saint Cloud,MN
MN,rush city,Archdiocese of Saint Paul and Minneapolis,MN
MN,rushford,Diocese of Winona–Rochester,MN
MN,rushford village,Diocese of Winona–Rochester,MN
MN,rushmore,Diocese of Winona–Rochester,MN
MN,russell,Diocese of New Ulm,MN
MN,sabin,Diocese of Crookston,MN
MN,sacred heart,Diocese of New Ulm,MN
MN,sanborn,Diocese of New Ulm,MN
MN,sandstone,Diocese of Duluth,MN
MN,sartell,Diocese of Saint Cloud,MN
MN,sauk centre,Diocese of Saint Cloud,MN
MN,sauk rapids,Diocese of Saint Cloud,MN
MN,savage,Archdiocese of Saint Paul and Minneapolis,MN
MN,scandia,Archdiocese of Saint Paul and Minneapolis,MN
MN,scanlon,Diocese of Duluth,MN
MN,sebeka,Diocese of Saint Cloud,MN
MN,shafer,Archdiocese of Saint Paul and Minneapolis,MN
MN,shakopee,Archdiocese of Saint Paul and Minneapolis,MN
MN,sherburn,Diocese of Winona–Rochester,MN
MN,shoreview,Archdiocese of Saint Paul and Minneapolis,MN
MN,shorewood,Archdiocese of Saint Paul and Minneapolis,MN
MN,silver bay,Diocese of Duluth,MN
MN,silver lake,Diocese of New Ulm,MN
MN,slayton,Diocese of Winona–Rochester,MN
MN,sleepy eye,Diocese of New Ulm,MN
MN,soudan,Diocese of Duluth,MN
MN,south st paul,Archdiocese of Saint Paul and Minneapolis,MN
MN,spicer,Diocese of New Ulm,MN
MN,spring grove,Diocese of Winona–Rochester,MN
MN,spring lake park,Archdiocese of Saint Paul and Minneapolis,MN
MN,spring park,Archdiocese of Saint Paul and Minneapolis,MN
MN,spring valley,Diocese of Winona–Rochester,MN
MN,springfield,Diocese of New Ulm,MN
MN,st anthony,Archdiocese of Saint Paul and Minneapolis,MN
MN,st augusta,Diocese of Saint Cloud,MN
MN,st bonifacius,Archdiocese of Saint Paul and Minneapolis,MN
MN,st charles,Diocese of Winona–Rochester,MN
MN,st clair,Diocese of Winona–Rochester,MN
MN,st cloud,Diocese of Saint Cloud,MN
MN,st francis,Archdiocese of Saint Paul and Minneapolis,MN
MN,st james,Diocese of Winona–Rochester,MN
MN,st joseph,Diocese of Saint Cloud,MN
MN,st louis park,Archdiocese of Saint Paul and Minneapolis,MN
MN,st martin,Diocese of Saint Cloud,MN
MN,st marys point,Archdiocese of Saint Paul and Minneapolis,MN
MN,st michael,Archdiocese of Saint Paul and Minneapolis,MN
MN,st paul,Archdiocese of Saint Paul and Minneapolis,MN
MN,st paul park,Archdiocese of Saint Paul and Minneapolis,MN
MN,st peter,Diocese of New Ulm,MN
MN,st stephen,Diocese of Saint Cloud,MN
MN,stacy,Archdiocese of Saint Paul and Minneapolis,MN
MN,staples,Diocese of Saint Cloud,MN
MN,starbuck,Diocese of Saint Cloud,MN
MN,stephen,Diocese of Crookston,MN
MN,stewart,Diocese of New Ulm,MN
MN,stewartville,Diocese of Winona–Rochester,MN
MN,stillwater,Archdiocese of Saint Paul and Minneapolis,MN
MN,stockton,Diocese of Winona–Rochester,MN
MN,sturgeon lake,Diocese of Duluth,MN
MN,sunfish lake,Archdiocese of Saint Paul and Minneapolis,MN
MN,swanville,Diocese of Saint Cloud,MN
MN,taconite,Diocese of Duluth,MN
MN,taylors falls,Archdiocese of Saint Paul and Minneapolis,MN
MN,the lakes,Diocese of Winona–Rochester,MN
MN,thief river falls,Diocese of Crookston,MN
MN,tonka bay,Archdiocese of Saint Paul and Minneapolis,MN
MN,tower,Diocese of Duluth,MN
MN,tracy,Diocese of New Ulm,MN
MN,trimont,Diocese of Winona–Rochester,MN
MN,truman,Diocese of Winona–Rochester,MN
MN,twin valley,Diocese of Crookston,MN
MN,two harbors,Diocese of Duluth,MN
MN,tyler,Diocese of New Ulm,MN
MN,ulen,Diocese of Crookston,MN
MN,underwood,Diocese of Saint Cloud,MN
MN,upsala,Diocese of Saint Cloud,MN
MN,vadnais heights,Archdiocese of Saint Paul and Minneapolis,MN
MN,vergas,Diocese of Saint Cloud,MN
MN,vermillion,Archdiocese of Saint Paul and Minneapolis,MN
MN,verndale,Diocese of Saint Cloud,MN
MN,vernon center,Diocese of Winona–Rochester,MN
MN,vesta,Diocese of New Ulm,MN
MN,victoria,Archdiocese of Saint Paul and Minneapolis,MN
MN,vineland,Diocese of Saint Cloud,MN
MN,virginia,Diocese of Duluth,MN
MN,wabasha,Diocese of Winona–Rochester,MN
MN,wabasso,Diocese of New Ulm,MN
MN,waconia,Archdiocese of Saint Paul and Minneapolis,MN
MN,wadena,Diocese of Saint Cloud,MN
MN,waite park,Diocese of Saint Cloud,MN
MN,walker,Diocese of Duluth,MN
MN,walnut grove,Diocese of New Ulm,MN
MN,wanamingo,Archdiocese of Saint Paul and Minneapolis,MN
MN,warren,Diocese of Crookston,MN
MN,warroad,Diocese of Crookston,MN
MN,warsaw,Archdiocese of Saint Paul and Minneapolis,MN
MN,waseca,Diocese of Winona–Rochester,MN
MN,watertown,Archdiocese of Saint Paul and Minneapolis,MN
MN,waterville,Archdiocese of Saint Paul and Minneapolis,MN
MN,watkins,Diocese of New Ulm,MN
MN,waubun,Diocese of Crookston,MN
MN,waverly,Archdiocese of Saint Paul and Minneapolis,MN
MN,wayzata,Archdiocese of Saint Paul and Minneapolis,MN
MN,welcome,Diocese of Winona–Rochester,MN
MN,wells,Diocese of Winona–Rochester,MN
MN,west concord,Diocese of Winona–Rochester,MN
MN,west coon rapids,Archdiocese of Saint Paul and Minneapolis,MN
MN,west st paul,Archdiocese of Saint Paul and Minneapolis,MN
MN,westbrook,Diocese of Winona–Rochester,MN
MN,wheaton,Diocese of Saint Cloud,MN
MN,white bear lake,Archdiocese of Saint Paul and Minneapolis,MN
MN,white earth,Diocese of Crookston,MN
MN,willernie,Archdiocese of Saint Paul and Minneapolis,MN
MN,willmar,Diocese of New Ulm,MN
MN,willow river,Diocese of Duluth,MN
MN,wilmont,Diocese of Winona–Rochester,MN
MN,windom,Diocese of Winona–Rochester,MN
MN,winnebago,Diocese of Winona–Rochester,MN
MN,winona,Diocese of Winona–Rochester,MN
MN,winsted,Diocese of New Ulm,MN
MN,winthrop,Diocese of New Ulm,MN
MN,wood lake,Diocese of New Ulm,MN
MN,woodbury,Archdiocese of Saint Paul and Minneapolis,MN
MN,woodland,Archdiocese of Saint Paul and Minneapolis,MN
MN,worthington,Diocese of Winona–Rochester,MN
MN,wrenshall,Diocese of Duluth,MN
MN,wykoff,Diocese of Winona–Rochester,MN
MN,wyoming,Archdiocese of Saint Paul and Minneapolis,MN
MN,zimmerman,Diocese of Saint Cloud,MN
MN,zumbrota,Archdiocese of Saint Paul and Minneapolis,MN
MO,adrian,Diocese of Kansas City–Saint Joseph,MO
MO,advance,Diocese of Springfield–Cape Girardeau,MO
MO,affton,Archdiocese of St. Louis,MO
MO,agency,Diocese of Kansas City–Saint Joseph,MO
MO,airport drive,Diocese of Springfield–Cape Girardeau,MO
MO,alba,Diocese of Springfield–Cape Girardeau,MO
MO,albany,Diocese of Kansas City–Saint Joseph,MO
MO,alma,Diocese of Kansas City–Saint Joseph,MO
MO,altenburg,Archdiocese of St. Louis,MO
MO,alton,Diocese of Springfield–Cape Girardeau,MO
MO,amazonia,Diocese of Kansas City–Saint Joseph,MO
MO,anderson,Diocese of Springfield–Cape Girardeau,MO
MO,annapolis,Diocese of Springfield–Cape Girardeau,MO
MO,appleton city,Diocese of Kansas City–Saint Joseph,MO
MO,arbyrd,Diocese of Springfield–Cape Girardeau,MO
MO,arcadia,Diocese of Springfield–Cape Girardeau,MO
MO,archie,Diocese of Kansas City–Saint Joseph,MO
MO,arnold,Archdiocese of St. Louis,MO
MO,ash grove,Diocese of Springfield–Cape Girardeau,MO
MO,ashland,Diocese of Jefferson City,MO
MO,atlanta,Diocese of Jefferson City,MO
MO,aurora,Diocese of Springfield–Cape Girardeau,MO
MO,auxvasse,Diocese of Jefferson City,MO
MO,ava,Diocese of Springfield–Cape Girardeau,MO
MO,avondale,Diocese of Kansas City–Saint Joseph,MO
MO,ballwin,Archdiocese of St. Louis,MO
MO,barnhart,Archdiocese of St. Louis,MO
MO,battlefield,Diocese of Springfield–Cape Girardeau,MO
MO,bell city,Diocese of Springfield–Cape Girardeau,MO
MO,bella villa,Archdiocese of St. Louis,MO
MO,belle,Diocese of Jefferson City,MO
MO,bellefontaine neighbors,Archdiocese of St. Louis,MO
MO,bellflower,Diocese of Jefferson City,MO
MO,belnor,Archdiocese of St. Louis,MO
MO,belridge,Archdiocese of St. Louis,MO
MO,berkeley,Archdiocese of St. Louis,MO
MO,bernie,Diocese of Springfield–Cape Girardeau,MO
MO,bertrand,Diocese of Springfield–Cape Girardeau,MO
MO,bethany,Diocese of Kansas City–Saint Joseph,MO
MO,beverly hills,Archdiocese of St. Louis,MO
MO,bevier,Diocese of Jefferson City,MO
MO,billings,Diocese of Springfield–Cape Girardeau,MO
MO,birch tree,Diocese of Springfield–Cape Girardeau,MO
MO,bismarck,Archdiocese of St. Louis,MO
MO,black jack,Archdiocese of St. Louis,MO
MO,bland,Diocese of Jefferson City,MO
MO,bloomfield,Diocese of Springfield–Cape Girardeau,MO
MO,bloomsdale,Archdiocese of St. Louis,MO
MO,blue springs,Diocese of Kansas City–Saint Joseph,MO
MO,bolivar,Diocese of Springfield–Cape Girardeau,MO
MO,bonne terre,Archdiocese of St. Louis,MO
MO,boonville,Diocese of Jefferson City,MO
MO,bourbon,Diocese of Jefferson City,MO
MO,bowling green,Diocese of Jefferson City,MO
MO,branson,Diocese of Springfield–Cape Girardeau,MO
MO,branson west,Diocese of Springfield–Cape Girardeau,MO
MO,braymer,Diocese of Kansas City–Saint Joseph,MO
MO,breckenridge,Diocese of Kansas City–Saint Joseph,MO
MO,breckenridge hills,Archdiocese of St. Louis,MO
MO,brentwood,Archdiocese of St. Louis,MO
MO,brewer,Archdiocese of St. Louis,MO
MO,bridgeton,Archdiocese of St. Louis,MO
MO,brookfield,Diocese of Jefferson City,MO
MO,brookline,Diocese of Springfield–Cape Girardeau,MO
MO,brunswick,Diocese of Jefferson City,MO
MO,bucklin,Diocese of Jefferson City,MO
MO,buckner,Diocese of Kansas City–Saint Joseph,MO
MO,buffalo,Diocese of Springfield–Cape Girardeau,MO
MO,bull creek,Diocese of Springfield–Cape Girardeau,MO
MO,bunceton,Diocese of Jefferson City,MO
MO,bunker,Diocese of Springfield–Cape Girardeau,MO
MO,burlington junction,Diocese of Kansas City–Saint Joseph,MO
MO,butler,Diocese of Kansas City–Saint Joseph,MO
MO,butterfield,Diocese of Springfield–Cape Girardeau,MO
MO,byrnes mill,Archdiocese of St. Louis,MO
MO,cabool,Diocese of Springfield–Cape Girardeau,MO
MO,calhoun,Diocese of Kansas City–Saint Joseph,MO
MO,california,Diocese of Jefferson City,MO
MO,calverton park,Archdiocese of St. Louis,MO
MO,camden point,Diocese of Kansas City–Saint Joseph,MO
MO,camdenton,Diocese of Jefferson City,MO
MO,cameron,Diocese of Kansas City–Saint Joseph,MO
MO,campbell,Diocese of Springfield–Cape Girardeau,MO
MO,canalou,Diocese of Springfield–Cape Girardeau,MO
MO,canton,Diocese of Jefferson City,MO
MO,cape girardeau,Diocese of Springfield–Cape Girardeau,MO
MO,cardwell,Diocese of Springfield–Cape Girardeau,MO
MO,carl junction,Diocese of Springfield–Cape Girardeau,MO
MO,carrollton,Diocese of Kansas City–Saint Joseph,MO
MO,carterville,Diocese of Springfield–Cape Girardeau,MO
MO,carthage,Diocese of Springfield–Cape Girardeau,MO
MO,caruthersville,Diocese of Springfield–Cape Girardeau,MO
MO,cassville,Diocese of Springfield–Cape Girardeau,MO
MO,castle point,Archdiocese of St. Louis,MO
MO,cedar hill,Archdiocese of St. Louis,MO
MO,center,Diocese of Jefferson City,MO
MO,centralia,Diocese of Jefferson City,MO
MO,chaffee,Diocese of Springfield–Cape Girardeau,MO
MO,chamois,Diocese of Jefferson City,MO
MO,charlack,Archdiocese of St. Louis,MO
MO,charleston,Diocese of Springfield–Cape Girardeau,MO
MO,chesterfield,Archdiocese of St. Louis,MO
MO,chilhowee,Diocese of Kansas City–Saint Joseph,MO
MO,chillicothe,Diocese of Kansas City–Saint Joseph,MO
MO,clarence,Diocese of Jefferson City,MO
MO,clarksburg,Diocese of Jefferson City,MO
MO,clarkson valley,Archdiocese of St. Louis,MO
MO,clarksville,Diocese of Jefferson City,MO
MO,clarkton,Diocese of Springfield–Cape Girardeau,MO
MO,claycomo,Diocese of Kansas City–Saint Joseph,MO
MO,clayton,Archdiocese of St. Louis,MO
MO,cleveland,Diocese of Kansas City–Saint Joseph,MO
MO,clever,Diocese of Springfield–Cape Girardeau,MO
MO,clinton,Diocese of Kansas City–Saint Joseph,MO
MO,cole camp,Diocese of Jefferson City,MO
MO,columbia,Diocese of Jefferson City,MO
MO,concord,Archdiocese of St. Louis,MO
MO,concordia,Diocese of Kansas City–Saint Joseph,MO
MO,conway,Diocese of Springfield–Cape Girardeau,MO
MO,cool valley,Archdiocese of St. Louis,MO
MO,cooter,Diocese of Springfield–Cape Girardeau,MO
MO,corder,Diocese of Kansas City–Saint Joseph,MO
MO,cottleville,Archdiocese of St. Louis,MO
MO,country club hills,Archdiocese of St. Louis,MO
MO,country club village,Diocese of Kansas City–Saint Joseph,MO
MO,crane,Diocese of Springfield–Cape Girardeau,MO
MO,creighton,Diocese of Kansas City–Saint Joseph,MO
MO,crestwood,Archdiocese of St. Louis,MO
MO,creve coeur,Archdiocese of St. Louis,MO
MO,crocker,Diocese of Jefferson City,MO
MO,crystal city,Archdiocese of St. Louis,MO
MO,crystal lake park,Archdiocese of St. Louis,MO
MO,crystal lakes,Diocese of Kansas City–Saint Joseph,MO
MO,cuba,Diocese of Jefferson City,MO
MO,dardenne prairie,Archdiocese of St. Louis,MO
MO,de soto,Archdiocese of St. Louis,MO
MO,dearborn,Diocese of Kansas City–Saint Joseph,MO
MO,deepwater,Diocese of Kansas City–Saint Joseph,MO
MO,dellwood,Archdiocese of St. Louis,MO
MO,delta,Diocese of Springfield–Cape Girardeau,MO
MO,des peres,Archdiocese of St. Louis,MO
MO,desloge,Archdiocese of St. Louis,MO
MO,dexter,Diocese of Springfield–Cape Girardeau,MO
MO,diamond,Diocese of Springfield–Cape Girardeau,MO
MO,diggins,Diocese of Springfield–Cape Girardeau,MO
MO,dixon,Diocese of Jefferson City,MO
MO,doe run,Archdiocese of St. Louis,MO
MO,doniphan,Diocese of Springfield–Cape Girardeau,MO
MO,doolittle,Diocese of Jefferson City,MO
MO,downing,Diocese of Jefferson City,MO
MO,drexel,Diocese of Kansas City–Saint Joseph,MO
MO,duenweg,Diocese of Springfield–Cape Girardeau,MO
MO,duquesne,Diocese of Springfield–Cape Girardeau,MO
MO,eagleville,Diocese of Kansas City–Saint Joseph,MO
MO,east lynne,Diocese of Kansas City–Saint Joseph,MO
MO,east prairie,Diocese of Springfield–Cape Girardeau,MO
MO,edgerton,Diocese of Kansas City–Saint Joseph,MO
MO,edina,Diocese of Jefferson City,MO
MO,edmundson,Archdiocese of St. Louis,MO
MO,el dorado springs,Diocese of Springfield–Cape Girardeau,MO
MO,eldon,Diocese of Jefferson City,MO
MO,ellington,Diocese of Springfield–Cape Girardeau,MO
MO,ellisville,Archdiocese of St. Louis,MO
MO,ellsinore,Diocese of Springfield–Cape Girardeau,MO
MO,elsberry,Archdiocese of St. Louis,MO
MO,elvins,Archdiocese of St. Louis,MO
MO,eminence,Diocese of Springfield–Cape Girardeau,MO
MO,eolia,Diocese of Jefferson City,MO
MO,essex,Diocese of Springfield–Cape Girardeau,MO
MO,esther,Archdiocese of St. Louis,MO
MO,eureka,Archdiocese of St. Louis,MO
MO,everton,Diocese of Springfield–Cape Girardeau,MO
MO,ewing,Diocese of Jefferson City,MO
MO,excelsior springs,Diocese of Kansas City–Saint Joseph,MO
MO,exeter,Diocese of Springfield–Cape Girardeau,MO
MO,fair grove,Diocese of Springfield–Cape Girardeau,MO
MO,fair play,Diocese of Springfield–Cape Girardeau,MO
MO,fairdealing,Diocese of Springfield–Cape Girardeau,MO
MO,fairfax,Diocese of Kansas City–Saint Joseph,MO
MO,fairview,Diocese of Springfield–Cape Girardeau,MO
MO,farber,Diocese of Jefferson City,MO
MO,farmington,Archdiocese of St. Louis,MO
MO,fayette,Diocese of Jefferson City,MO
MO,fenton,Archdiocese of St. Louis,MO
MO,ferguson,Archdiocese of St. Louis,MO
MO,ferrelview,Diocese of Kansas City–Saint Joseph,MO
MO,festus,Archdiocese of St. Louis,MO
MO,fisk,Diocese of Springfield–Cape Girardeau,MO
MO,flat river,Archdiocese of St. Louis,MO
MO,flint hill,Archdiocese of St. Louis,MO
MO,flordell hills,Archdiocese of St. Louis,MO
MO,florissant,Archdiocese of St. Louis,MO
MO,fordland,Diocese of Springfield–Cape Girardeau,MO
MO,foristell,Archdiocese of St. Louis,MO
MO,forsyth,Diocese of Springfield–Cape Girardeau,MO
MO,fort leonard wood,Diocese of Jefferson City,MO
MO,four seasons,Diocese of Jefferson City,MO
MO,frankford,Diocese of Jefferson City,MO
MO,fredericktown,Diocese of Springfield–Cape Girardeau,MO
MO,freeburg,Diocese of Jefferson City,MO
MO,freeman,Diocese of Kansas City–Saint Joseph,MO
MO,fremont hills,Diocese of Springfield–Cape Girardeau,MO
MO,frontenac,Archdiocese of St. Louis,MO
MO,fulton,Diocese of Jefferson City,MO
MO,gainesville,Diocese of Springfield–Cape Girardeau,MO
MO,galena,Diocese of Springfield–Cape Girardeau,MO
MO,gallatin,Diocese of Kansas City–Saint Joseph,MO
MO,garden city,Diocese of Kansas City–Saint Joseph,MO
MO,gerald,Archdiocese of St. Louis,MO
MO,gideon,Diocese of Springfield–Cape Girardeau,MO
MO,gilman city,Diocese of Kansas City–Saint Joseph,MO
MO,gladstone,Diocese of Kansas City–Saint Joseph,MO
MO,glasgow,Diocese of Jefferson City,MO
MO,glasgow village,Archdiocese of St. Louis,MO
MO,glenaire,Diocese of Kansas City–Saint Joseph,MO
MO,glendale,Archdiocese of St. Louis,MO
MO,golden city,Diocese of Springfield–Cape Girardeau,MO
MO,goodman,Diocese of Springfield–Cape Girardeau,MO
MO,gordonville,Diocese of Springfield–Cape Girardeau,MO
MO,gower,Diocese of Kansas City–Saint Joseph,MO
MO,grain valley,Diocese of Kansas City–Saint Joseph,MO
MO,granby,Diocese of Springfield–Cape Girardeau,MO
MO,grandview,Diocese of Kansas City–Saint Joseph,MO
MO,grant city,Diocese of Kansas City–Saint Joseph,MO
MO,grantwood village,Archdiocese of St. Louis,MO
MO,gray summit,Archdiocese of St. Louis,MO
MO,green city,Diocese of Jefferson City,MO
MO,green park,Archdiocese of St. Louis,MO
MO,green ridge,Diocese of Jefferson City,MO
MO,greendale,Archdiocese of St. Louis,MO
MO,greenfield,Diocese of Springfield–Cape Girardeau,MO
MO,greentop,Diocese of Jefferson City,MO
MO,greenville,Diocese of Springfield–Cape Girardeau,MO
MO,greenwood,Diocese of Kansas City–Saint Joseph,MO
MO,hale,Diocese of Kansas City–Saint Joseph,MO
MO,hallsville,Diocese of Jefferson City,MO
MO,hamilton,Diocese of Kansas City–Saint Joseph,MO
MO,hanley hills,Archdiocese of St. Louis,MO
MO,hannibal,Diocese of Jefferson City,MO
MO,hardin,Diocese of Kansas City–Saint Joseph,MO
MO,harrisonville,Diocese of Kansas City–Saint Joseph,MO
MO,hartville,Diocese of Springfield–Cape Girardeau,MO
MO,hawk point,Archdiocese of St. Louis,MO
MO,hayti,Diocese of Springfield–Cape Girardeau,MO
MO,hayti heights,Diocese of Springfield–Cape Girardeau,MO
MO,hazelwood,Archdiocese of St. Louis,MO
MO,henrietta,Diocese of Kansas City–Saint Joseph,MO
MO,herculaneum,Archdiocese of St. Louis,MO
MO,hermann,Diocese of Jefferson City,MO
MO,hermitage,Diocese of Jefferson City,MO
MO,higbee,Diocese of Jefferson City,MO
MO,higginsville,Diocese of Kansas City–Saint Joseph,MO
MO,high ridge,Archdiocese of St. Louis,MO
MO,highlandville,Diocese of Springfield–Cape Girardeau,MO
MO,hillsboro,Archdiocese of St. Louis,MO
MO,hillsdale,Archdiocese of St. Louis,MO
MO,holcomb,Diocese of Springfield–Cape Girardeau,MO
MO,holden,Diocese of Kansas City–Saint Joseph,MO
MO,hollister,Diocese of Springfield–Cape Girardeau,MO
MO,holt,Diocese of Kansas City–Saint Joseph,MO
MO,holts summit,Diocese of Jefferson City,MO
MO,hopkins,Diocese of Kansas City–Saint Joseph,MO
MO,horine,Archdiocese of St. Louis,MO
MO,hornersville,Diocese of Springfield–Cape Girardeau,MO
MO,houston,Diocese of Springfield–Cape Girardeau,MO
MO,howardville,Diocese of Springfield–Cape Girardeau,MO
MO,humansville,Diocese of Springfield–Cape Girardeau,MO
MO,hume,Diocese of Kansas City–Saint Joseph,MO
MO,huntleigh,Archdiocese of St. Louis,MO
MO,huntsville,Diocese of Jefferson City,MO
MO,iberia,Diocese of Jefferson City,MO
MO,imperial,Archdiocese of St. Louis,MO
MO,independence,Diocese of Kansas City–Saint Joseph,MO
MO,indian point,Diocese of Springfield–Cape Girardeau,MO
MO,innsbrook,Archdiocese of St. Louis,MO
MO,iron gates,Diocese of Springfield–Cape Girardeau,MO
MO,iron mountain lake,Archdiocese of St. Louis,MO
MO,irondale,Archdiocese of St. Louis,MO
MO,ironton,Diocese of Springfield–Cape Girardeau,MO
MO,jackson,Diocese of Springfield–Cape Girardeau,MO
MO,jamesport,Diocese of Kansas City–Saint Joseph,MO
MO,jamestown,Diocese of Jefferson City,MO
MO,jasper,Diocese of Springfield–Cape Girardeau,MO
MO,jefferson city,Diocese of Jefferson City,MO
MO,jennings,Archdiocese of St. Louis,MO
MO,jonesburg,Diocese of Jefferson City,MO
MO,joplin,Diocese of Springfield–Cape Girardeau,MO
MO,josephville,Archdiocese of St. Louis,MO
MO,junction city,Diocese of Springfield–Cape Girardeau,MO
MO,kahoka,Diocese of Jefferson City,MO
MO,kaiser,Diocese of Jefferson City,MO
MO,kansas city,Diocese of Kansas City–Saint Joseph,MO
MO,kearney,Diocese of Kansas City–Saint Joseph,MO
MO,kelso,Diocese of Springfield–Cape Girardeau,MO
MO,kennett,Diocese of Springfield–Cape Girardeau,MO
MO,keytesville,Diocese of Jefferson City,MO
MO,kidder,Diocese of Kansas City–Saint Joseph,MO
MO,kimberling city,Diocese of Springfield–Cape Girardeau,MO
MO,king city,Diocese of Kansas City–Saint Joseph,MO
MO,kingston,Diocese of Kansas City–Saint Joseph,MO
MO,kirksville,Diocese of Jefferson City,MO
MO,kirkwood,Archdiocese of St. Louis,MO
MO,kissee mills,Diocese of Springfield–Cape Girardeau,MO
MO,knob noster,Diocese of Kansas City–Saint Joseph,MO
MO,la belle,Diocese of Jefferson City,MO
MO,la grange,Diocese of Jefferson City,MO
MO,la monte,Diocese of Jefferson City,MO
MO,la plata,Diocese of Jefferson City,MO
MO,labarque creek,Archdiocese of St. Louis,MO
MO,laclede,Diocese of Jefferson City,MO
MO,laddonia,Diocese of Jefferson City,MO
MO,ladue,Archdiocese of St. Louis,MO
MO,lake lafayette,Diocese of Kansas City–Saint Joseph,MO
MO,lake lotawana,Diocese of Kansas City–Saint Joseph,MO
MO,lake mykee town,Diocese of Jefferson City,MO
MO,lake ozark,Diocese of Jefferson City,MO
MO,lake st louis,Archdiocese of St. Louis,MO
MO,lake tapawingo,Diocese of Kansas City–Saint Joseph,MO
MO,lake waukomis,Diocese of Kansas City–Saint Joseph,MO
MO,lake winnebago,Diocese of Kansas City–Saint Joseph,MO
MO,lakeland,Diocese of Jefferson City,MO
MO,lakeshire,Archdiocese of St. Louis,MO
MO,lamar,Diocese of Springfield–Cape Girardeau,MO
MO,lanagan,Diocese of Springfield–Cape Girardeau,MO
MO,lancaster,Diocese of Jefferson City,MO
MO,lathrop,Diocese of Kansas City–Saint Joseph,MO
MO,laurie,Diocese of Jefferson City,MO
MO,lawson,Diocese of Kansas City–Saint Joseph,MO
MO,leadington,Archdiocese of St. Louis,MO
MO,leadwood,Archdiocese of St. Louis,MO
MO,leasburg,Diocese of Jefferson City,MO
MO,leawood,Diocese of Springfield–Cape Girardeau,MO
MO,lebanon,Diocese of Springfield–Cape Girardeau,MO
MO,lees summit,Diocese of Kansas City–Saint Joseph,MO
MO,leeton,Diocese of Kansas City–Saint Joseph,MO
MO,lemay,Archdiocese of St. Louis,MO
MO,lewistown,Diocese of Jefferson City,MO
MO,lexington,Diocese of Kansas City–Saint Joseph,MO
MO,liberal,Diocese of Springfield–Cape Girardeau,MO
MO,liberty,Diocese of Kansas City–Saint Joseph,MO
MO,licking,Diocese of Springfield–Cape Girardeau,MO
MO,lilbourn,Diocese of Springfield–Cape Girardeau,MO
MO,lincoln,Diocese of Jefferson City,MO
MO,linn,Diocese of Jefferson City,MO
MO,loch lloyd,Diocese of Kansas City–Saint Joseph,MO
MO,lockwood,Diocese of Springfield–Cape Girardeau,MO
MO,loma linda,Diocese of Springfield–Cape Girardeau,MO
MO,lone jack,Diocese of Kansas City–Saint Joseph,MO
MO,louisiana,Diocese of Jefferson City,MO
MO,lowry city,Diocese of Kansas City–Saint Joseph,MO
MO,macon,Diocese of Jefferson City,MO
MO,madison,Diocese of Jefferson City,MO
MO,maitland,Diocese of Kansas City–Saint Joseph,MO
MO,malden,Diocese of Springfield–Cape Girardeau,MO
MO,manchester,Archdiocese of St. Louis,MO
MO,mansfield,Diocese of Springfield–Cape Girardeau,MO
MO,maplewood,Archdiocese of St. Louis,MO
MO,marble hill,Diocese of Springfield–Cape Girardeau,MO
MO,marceline,Diocese of Jefferson City,MO
MO,marionville,Diocese of Springfield–Cape Girardeau,MO
MO,marlborough,Archdiocese of St. Louis,MO
MO,marshall,Diocese of Jefferson City,MO
MO,marshfield,Diocese of Springfield–Cape Girardeau,MO
MO,marston,Diocese of Springfield–Cape Girardeau,MO
MO,marthasville,Archdiocese of St. Louis,MO
MO,martinsburg,Diocese of Jefferson City,MO
MO,maryland heights,Archdiocese of St. Louis,MO
MO,maryville,Diocese of Kansas City–Saint Joseph,MO
MO,matthews,Diocese of Springfield–Cape Girardeau,MO
MO,maysville,Diocese of Kansas City–Saint Joseph,MO
MO,meadville,Diocese of Jefferson City,MO
MO,mehlville,Archdiocese of St. Louis,MO
MO,memphis,Diocese of Jefferson City,MO
MO,mercer,Diocese of Kansas City–Saint Joseph,MO
MO,merriam woods,Diocese of Springfield–Cape Girardeau,MO
MO,mexico,Diocese of Jefferson City,MO
MO,milan,Diocese of Jefferson City,MO
MO,miller,Diocese of Springfield–Cape Girardeau,MO
MO,mindenmines,Diocese of Springfield–Cape Girardeau,MO
MO,mine la motte,Diocese of Springfield–Cape Girardeau,MO
MO,miner,Diocese of Springfield–Cape Girardeau,MO
MO,mineral point,Archdiocese of St. Louis,MO
MO,moberly,Diocese of Jefferson City,MO
MO,moline acres,Archdiocese of St. Louis,MO
MO,monett,Diocese of Springfield–Cape Girardeau,MO
MO,monroe city,Diocese of Jefferson City,MO
MO,montgomery city,Diocese of Jefferson City,MO
MO,montrose,Diocese of Kansas City–Saint Joseph,MO
MO,morehouse,Diocese of Springfield–Cape Girardeau,MO
MO,morley,Diocese of Springfield–Cape Girardeau,MO
MO,morrisville,Diocese of Springfield–Cape Girardeau,MO
MO,moscow mills,Archdiocese of St. Louis,MO
MO,mound city,Diocese of Kansas City–Saint Joseph,MO
MO,mount vernon,Diocese of Springfield–Cape Girardeau,MO
MO,mountain grove,Diocese of Springfield–Cape Girardeau,MO
MO,mountain view,Diocese of Springfield–Cape Girardeau,MO
MO,murphy,Archdiocese of St. Louis,MO
MO,naylor,Diocese of Springfield–Cape Girardeau,MO
MO,neelyville,Diocese of Springfield–Cape Girardeau,MO
MO,neosho,Diocese of Springfield–Cape Girardeau,MO
MO,nevada,Diocese of Kansas City–Saint Joseph,MO
MO,new bloomfield,Diocese of Jefferson City,MO
MO,new florence,Diocese of Jefferson City,MO
MO,new franklin,Diocese of Jefferson City,MO
MO,new haven,Archdiocese of St. Louis,MO
MO,new london,Diocese of Jefferson City,MO
MO,new madrid,Diocese of Springfield–Cape Girardeau,MO
MO,new melle,Archdiocese of St. Louis,MO
MO,newburg,Diocese of Jefferson City,MO
MO,niangua,Diocese of Springfield–Cape Girardeau,MO
MO,nixa,Diocese of Springfield–Cape Girardeau,MO
MO,noel,Diocese of Springfield–Cape Girardeau,MO
MO,norborne,Diocese of Kansas City–Saint Joseph,MO
MO,normandy,Archdiocese of St. Louis,MO
MO,north kansas city,Diocese of Kansas City–Saint Joseph,MO
MO,northmoor,Diocese of Kansas City–Saint Joseph,MO
MO,northwoods,Archdiocese of St. Louis,MO
MO,norwood,Diocese of Springfield–Cape Girardeau,MO
MO,norwood court,Archdiocese of St. Louis,MO
MO,novinger,Diocese of Jefferson City,MO
MO,oak grove,Diocese of Kansas City–Saint Joseph,MO
MO,oak grove village,Archdiocese of St. Louis,MO
MO,oakland,Archdiocese of St. Louis,MO
MO,oakview,Diocese of Kansas City–Saint Joseph,MO
MO,oakville,Archdiocese of St. Louis,MO
MO,odessa,Diocese of Kansas City–Saint Joseph,MO
MO,ofallon,Archdiocese of St. Louis,MO
MO,old jamestown,Archdiocese of St. Louis,MO
MO,olivette,Archdiocese of St. Louis,MO
MO,olympian village,Archdiocese of St. Louis,MO
MO,oran,Diocese of Springfield–Cape Girardeau,MO
MO,oregon,Diocese of Kansas City–Saint Joseph,MO
MO,oronogo,Diocese of Springfield–Cape Girardeau,MO
MO,orrick,Diocese of Kansas City–Saint Joseph,MO
MO,osage beach,Diocese of Jefferson City,MO
MO,osborn,Diocese of Kansas City–Saint Joseph,MO
MO,osceola,Diocese of Kansas City–Saint Joseph,MO
MO,otterville,Diocese of Jefferson City,MO
MO,overland,Archdiocese of St. Louis,MO
MO,owensville,Diocese of Jefferson City,MO
MO,ozark,Diocese of Springfield–Cape Girardeau,MO
MO,pacific,Archdiocese of St. Louis,MO
MO,pagedale,Archdiocese of St. Louis,MO
MO,palmyra,Diocese of Jefferson City,MO
MO,paris,Diocese of Jefferson City,MO
MO,park hills,Archdiocese of St. Louis,MO
MO,parkville,Diocese of Kansas City–Saint Joseph,MO
MO,parkway,Archdiocese of St. Louis,MO
MO,parma,Diocese of Springfield–Cape Girardeau,MO
MO,pasadena hills,Archdiocese of St. Louis,MO
MO,pasadena park,Archdiocese of St. Louis,MO
MO,pattonsburg,Diocese of Kansas City–Saint Joseph,MO
MO,peculiar,Diocese of Kansas City–Saint Joseph,MO
MO,perry,Diocese of Jefferson City,MO
MO,perryville,Archdiocese of St. Louis,MO
MO,pevely,Archdiocese of St. Louis,MO
MO,piedmont,Diocese of Springfield–Cape Girardeau,MO
MO,pierce city,Diocese of Springfield–Cape Girardeau,MO
MO,pilot grove,Diocese of Jefferson City,MO
MO,pilot knob,Diocese of Springfield–Cape Girardeau,MO
MO,pine lawn,Archdiocese of St. Louis,MO
MO,pineville,Diocese of Springfield–Cape Girardeau,MO
MO,platte city,Diocese of Kansas City–Saint Joseph,MO
MO,platte woods,Diocese of Kansas City–Saint Joseph,MO
MO,plattsburg,Diocese of Kansas City–Saint Joseph,MO
MO,pleasant hill,Diocese of Kansas City–Saint Joseph,MO
MO,pleasant hope,Diocese of Springfield–Cape Girardeau,MO
MO,pleasant valley,Diocese of Kansas City–Saint Joseph,MO
MO,polo,Diocese of Kansas City–Saint Joseph,MO
MO,pomona,Diocese of Springfield–Cape Girardeau,MO
MO,poplar bluff,Diocese of Springfield–Cape Girardeau,MO
MO,portage des sioux,Archdiocese of St. Louis,MO
MO,portageville,Diocese of Springfield–Cape Girardeau,MO
MO,potosi,Archdiocese of St. Louis,MO
MO,princeton,Diocese of Kansas City–Saint Joseph,MO
MO,purcell,Diocese of Springfield–Cape Girardeau,MO
MO,purdy,Diocese of Springfield–Cape Girardeau,MO
MO,puxico,Diocese of Springfield–Cape Girardeau,MO
MO,queen city,Diocese of Jefferson City,MO
MO,qulin,Diocese of Springfield–Cape Girardeau,MO
MO,ravenwood,Diocese of Kansas City–Saint Joseph,MO
MO,raymondville,Diocese of Springfield–Cape Girardeau,MO
MO,raymore,Diocese of Kansas City–Saint Joseph,MO
MO,raytown,Diocese of Kansas City–Saint Joseph,MO
MO,reeds spring,Diocese of Springfield–Cape Girardeau,MO
MO,republic,Diocese of Springfield–Cape Girardeau,MO
MO,rich hill,Diocese of Kansas City–Saint Joseph,MO
MO,richland,Diocese of Jefferson City,MO
MO,richmond,Diocese of Kansas City–Saint Joseph,MO
MO,richmond heights,Archdiocese of St. Louis,MO
MO,ridgeway,Diocese of Kansas City–Saint Joseph,MO
MO,risco,Diocese of Springfield–Cape Girardeau,MO
MO,rivermines,Archdiocese of St. Louis,MO
MO,rock hill,Archdiocese of St. Louis,MO
MO,rock port,Diocese of Kansas City–Saint Joseph,MO
MO,rockaway beach,Diocese of Springfield–Cape Girardeau,MO
MO,rogersville,Diocese of Springfield–Cape Girardeau,MO
MO,rolla,Diocese of Jefferson City,MO
MO,rosebud,Diocese of Jefferson City,MO
MO,russellville,Diocese of Jefferson City,MO
MO,saginaw,Diocese of Springfield–Cape Girardeau,MO
MO,sainte genevieve,Archdiocese of St. Louis,MO
MO,salem,Diocese of Springfield–Cape Girardeau,MO
MO,salisbury,Diocese of Jefferson City,MO
MO,sappington,Archdiocese of St. Louis,MO
MO,sarcoxie,Diocese of Springfield–Cape Girardeau,MO
MO,savannah,Diocese of Kansas City–Saint Joseph,MO
MO,scott city,Diocese of Springfield–Cape Girardeau,MO
MO,sedalia,Diocese of Jefferson City,MO
MO,seligman,Diocese of Springfield–Cape Girardeau,MO
MO,senath,Diocese of Springfield–Cape Girardeau,MO
MO,seneca,Diocese of Springfield–Cape Girardeau,MO
MO,seymour,Diocese of Springfield–Cape Girardeau,MO
MO,shelbina,Diocese of Jefferson City,MO
MO,shelbyville,Diocese of Jefferson City,MO
MO,sheldon,Diocese of Kansas City–Saint Joseph,MO
MO,shell knob,Diocese of Springfield–Cape Girardeau,MO
MO,shoal creek drive,Diocese of Springfield–Cape Girardeau,MO
MO,shrewsbury,Archdiocese of St. Louis,MO
MO,sibley,Diocese of Kansas City–Saint Joseph,MO
MO,sikeston,Diocese of Springfield–Cape Girardeau,MO
MO,silver creek,Diocese of Springfield–Cape Girardeau,MO
MO,slater,Diocese of Jefferson City,MO
MO,smithton,Diocese of Jefferson City,MO
MO,smithville,Diocese of Kansas City–Saint Joseph,MO
MO,south van buren,Diocese of Springfield–Cape Girardeau,MO
MO,south west city,Diocese of Springfield–Cape Girardeau,MO
MO,spanish lake,Archdiocese of St. Louis,MO
MO,sparta,Diocese of Springfield–Cape Girardeau,MO
MO,springfield,Diocese of Springfield–Cape Girardeau,MO
MO,st ann,Archdiocese of St. Louis,MO
MO,st charles,Archdiocese of St. Louis,MO
MO,st clair,Archdiocese of St. Louis,MO
MO,st elizabeth,Diocese of Jefferson City,MO
MO,st george,Archdiocese of St. Louis,MO
MO,st james,Diocese of Jefferson City,MO
MO,st john,Archdiocese of St. Louis,MO
MO,st johns,Archdiocese of St. Louis,MO
MO,st joseph,Diocese of Kansas City–Saint Joseph,MO
MO,st louis,Archdiocese of St. Louis,MO
MO,st martins,Diocese of Jefferson City,MO
MO,st mary,Archdiocese of St. Louis,MO
MO,st paul,Archdiocese of St. Louis,MO
MO,st peters,Archdiocese of St. Louis,MO
MO,st robert,Diocese of Jefferson City,MO
MO,stanberry,Diocese of Kansas City–Saint Joseph,MO
MO,steele,Diocese of Springfield–Cape Girardeau,MO
MO,steelville,Diocese of Jefferson City,MO
MO,stewartsville,Diocese of Kansas City–Saint Joseph,MO
MO,stockton,Diocese of Springfield–Cape Girardeau,MO
MO,stover,Diocese of Jefferson City,MO
MO,strafford,Diocese of Springfield–Cape Girardeau,MO
MO,sturgeon,Diocese of Jefferson City,MO
MO,sugar creek,Diocese of Kansas City–Saint Joseph,MO
MO,sullivan,Archdiocese of St. Louis,MO
MO,summersville,Diocese of Springfield–Cape Girardeau,MO
MO,sunrise beach,Diocese of Jefferson City,MO
MO,sunset hills,Archdiocese of St. Louis,MO
MO,sweet springs,Diocese of Jefferson City,MO
MO,sycamore hills,Archdiocese of St. Louis,MO
MO,taneyville,Diocese of Springfield–Cape Girardeau,MO
MO,taos,Diocese of Jefferson City,MO
MO,tarkio,Diocese of Kansas City–Saint Joseph,MO
MO,terre du lac,Archdiocese of St. Louis,MO
MO,terre haute,Diocese of Jefferson City,MO
MO,thayer,Diocese of Springfield–Cape Girardeau,MO
MO,tipton,Diocese of Jefferson City,MO
MO,town and country,Archdiocese of St. Louis,MO
MO,trenton,Diocese of Kansas City–Saint Joseph,MO
MO,trimble,Diocese of Kansas City–Saint Joseph,MO
MO,troy,Archdiocese of St. Louis,MO
MO,truesdale,Archdiocese of St. Louis,MO
MO,twin oaks,Archdiocese of St. Louis,MO
MO,union,Archdiocese of St. Louis,MO
MO,union star,Diocese of Kansas City–Saint Joseph,MO
MO,unionville,Diocese of Jefferson City,MO
MO,university city,Archdiocese of St. Louis,MO
MO,uplands park,Archdiocese of St. Louis,MO
MO,urbana,Diocese of Springfield–Cape Girardeau,MO
MO,urich,Diocese of Kansas City–Saint Joseph,MO
MO,valley park,Archdiocese of St. Louis,MO
MO,van buren,Diocese of Springfield–Cape Girardeau,MO
MO,vandalia,Diocese of Jefferson City,MO
MO,velda village,Archdiocese of St. Louis,MO
MO,velda village hills,Archdiocese of St. Louis,MO
MO,verona,Diocese of Springfield–Cape Girardeau,MO
MO,versailles,Diocese of Jefferson City,MO
MO,viburnum,Diocese of Springfield–Cape Girardeau,MO
MO,vienna,Diocese of Jefferson City,MO
MO,villa ridge,Archdiocese of St. Louis,MO
MO,vinita park,Archdiocese of St. Louis,MO
MO,walnut grove,Diocese of Springfield–Cape Girardeau,MO
MO,wardell,Diocese of Springfield–Cape Girardeau,MO
MO,wardsville,Diocese of Jefferson City,MO
MO,warrensburg,Diocese of Kansas City–Saint Joseph,MO
MO,warrenton,Archdiocese of St. Louis,MO
MO,warsaw,Diocese of Jefferson City,MO
MO,warson woods,Archdiocese of St. Louis,MO
MO,washburn,Diocese of Springfield–Cape Girardeau,MO
MO,washington,Archdiocese of St. Louis,MO
MO,waverly,Diocese of Kansas City–Saint Joseph,MO
MO,wayland,Diocese of Jefferson City,MO
MO,waynesville,Diocese of Jefferson City,MO
MO,weatherby lake,Diocese of Kansas City–Saint Joseph,MO
MO,weaubleau,Diocese of Jefferson City,MO
MO,webb city,Diocese of Springfield–Cape Girardeau,MO
MO,webster groves,Archdiocese of St. Louis,MO
MO,weldon spring,Archdiocese of St. Louis,MO
MO,wellington,Diocese of Kansas City–Saint Joseph,MO
MO,wellston,Archdiocese of St. Louis,MO
MO,wellsville,Diocese of Jefferson City,MO
MO,wentzville,Archdiocese of St. Louis,MO
MO,west alton,Archdiocese of St. Louis,MO
MO,west plains,Diocese of Springfield–Cape Girardeau,MO
MO,weston,Diocese of Kansas City–Saint Joseph,MO
MO,westphalia,Diocese of Jefferson City,MO
MO,wheatland,Diocese of Jefferson City,MO
MO,wheaton,Diocese of Springfield–Cape Girardeau,MO
MO,whiteman air force base,Diocese of Kansas City–Saint Joseph,MO
MO,wilbur park,Archdiocese of St. Louis,MO
MO,wildwood,Archdiocese of St. Louis,MO
MO,willard,Diocese of Springfield–Cape Girardeau,MO
MO,williamsville,Diocese of Springfield–Cape Girardeau,MO
MO,willow springs,Diocese of Springfield–Cape Girardeau,MO
MO,winchester,Archdiocese of St. Louis,MO
MO,windsor,Diocese of Kansas City–Saint Joseph,MO
MO,windsor place,Diocese of Jefferson City,MO
MO,winfield,Archdiocese of St. Louis,MO
MO,winona,Diocese of Springfield–Cape Girardeau,MO
MO,wood heights,Diocese of Kansas City–Saint Joseph,MO
MO,woodson terrace,Archdiocese of St. Louis,MO
MO,wright city,Archdiocese of St. Louis,MO
MO,wyatt,Diocese of Springfield–Cape Girardeau,MO
MS,abbeville,Diocese of Jackson,MS
MS,aberdeen,Diocese of Jackson,MS
MS,ackerman,Diocese of Jackson,MS
MS,algoma,Diocese of Jackson,MS
MS,amory,Diocese of Jackson,MS
MS,anguilla,Diocese of Jackson,MS
MS,arcola,Diocese of Jackson,MS
MS,arnold line,Diocese of Biloxi,MS
MS,artesia,Diocese of Jackson,MS
MS,ashland,Diocese of Jackson,MS
MS,baldwyn,Diocese of Jackson,MS
MS,batesville,Diocese of Jackson,MS
MS,bay springs,Diocese of Jackson,MS
MS,bay st louis,Diocese of Biloxi,MS
MS,beaumont,Diocese of Biloxi,MS
MS,beauregard,Diocese of Jackson,MS
MS,beechwood,Diocese of Jackson,MS
MS,belzoni,Diocese of Jackson,MS
MS,benoit,Diocese of Jackson,MS
MS,bentonia,Diocese of Jackson,MS
MS,beulah,Diocese of Jackson,MS
MS,big point,Diocese of Biloxi,MS
MS,biloxi,Diocese of Biloxi,MS
MS,blue mountain,Diocese of Jackson,MS
MS,bogue chitto,Diocese of Jackson,MS
MS,bolton,Diocese of Jackson,MS
MS,booneville,Diocese of Jackson,MS
MS,boyle,Diocese of Jackson,MS
MS,brandon,Diocese of Jackson,MS
MS,brookhaven,Diocese of Jackson,MS
MS,brooksville,Diocese of Jackson,MS
MS,bruce,Diocese of Jackson,MS
MS,buckatunna,Diocese of Biloxi,MS
MS,bude,Diocese of Jackson,MS
MS,burnsville,Diocese of Jackson,MS
MS,byhalia,Diocese of Jackson,MS
MS,byram,Diocese of Jackson,MS
MS,caledonia,Diocese of Jackson,MS
MS,calhoun city,Diocese of Jackson,MS
MS,canton,Diocese of Jackson,MS
MS,carriere,Diocese of Biloxi,MS
MS,carthage,Diocese of Jackson,MS
MS,centreville,Diocese of Jackson,MS
MS,charleston,Diocese of Jackson,MS
MS,chunky,Diocese of Jackson,MS
MS,clara,Diocese of Biloxi,MS
MS,clarksdale,Diocese of Jackson,MS
MS,cleary,Diocese of Jackson,MS
MS,cleveland,Diocese of Jackson,MS
MS,clinton,Diocese of Jackson,MS
MS,cloverdale,Diocese of Jackson,MS
MS,coahoma,Diocese of Jackson,MS
MS,coffeeville,Diocese of Jackson,MS
MS,coldwater,Diocese of Jackson,MS
MS,collins,Diocese of Biloxi,MS
MS,collinsville,Diocese of Jackson,MS
MS,columbia,Diocese of Biloxi,MS
MS,columbus,Diocese of Jackson,MS
MS,columbus air force base,Diocese of Jackson,MS
MS,como,Diocese of Jackson,MS
MS,conehatta,Diocese of Jackson,MS
MS,corinth,Diocese of Jackson,MS
MS,courtland,Diocese of Jackson,MS
MS,crawford,Diocese of Jackson,MS
MS,crenshaw,Diocese of Jackson,MS
MS,crowder,Diocese of Jackson,MS
MS,cruger,Diocese of Jackson,MS
MS,crystal springs,Diocese of Jackson,MS
MS,de kalb,Diocese of Jackson,MS
MS,de lisle,Diocese of Biloxi,MS
MS,decatur,Diocese of Jackson,MS
MS,deemer,Diocese of Jackson,MS
MS,derma,Diocese of Jackson,MS
MS,diamondhead,Diocese of Biloxi,MS
MS,diberville,Diocese of Biloxi,MS
MS,dlo,Diocese of Jackson,MS
MS,drew,Diocese of Jackson,MS
MS,duck hill,Diocese of Jackson,MS
MS,dumas,Diocese of Jackson,MS
MS,duncan,Diocese of Jackson,MS
MS,durant,Diocese of Jackson,MS
MS,ecru,Diocese of Jackson,MS
MS,edwards,Diocese of Jackson,MS
MS,elliott,Diocese of Jackson,MS
MS,ellisville,Diocese of Biloxi,MS
MS,enterprise,Diocese of Jackson,MS
MS,escatawpa,Diocese of Biloxi,MS
MS,ethel,Diocese of Jackson,MS
MS,eupora,Diocese of Jackson,MS
MS,falkner,Diocese of Jackson,MS
MS,farmington,Diocese of Jackson,MS
MS,fayette,Diocese of Jackson,MS
MS,flora,Diocese of Jackson,MS
MS,florence,Diocese of Jackson,MS
MS,flowood,Diocese of Jackson,MS
MS,forest,Diocese of Jackson,MS
MS,foxworth,Diocese of Biloxi,MS
MS,friars point,Diocese of Jackson,MS
MS,fulton,Diocese of Jackson,MS
MS,gautier,Diocese of Biloxi,MS
MS,glendale,Diocese of Biloxi,MS
MS,gloster,Diocese of Jackson,MS
MS,goodman,Diocese of Jackson,MS
MS,greenville,Diocese of Jackson,MS
MS,greenwood,Diocese of Jackson,MS
MS,grenada,Diocese of Jackson,MS
MS,gulf hills,Diocese of Biloxi,MS
MS,gulf park estates,Diocese of Biloxi,MS
MS,gulfport,Diocese of Biloxi,MS
MS,gunnison,Diocese of Jackson,MS
MS,guntown,Diocese of Jackson,MS
MS,hamilton,Diocese of Jackson,MS
MS,hatley,Diocese of Jackson,MS
MS,hattiesburg,Diocese of Biloxi,MS
MS,hazlehurst,Diocese of Jackson,MS
MS,heidelberg,Diocese of Jackson,MS
MS,helena,Diocese of Biloxi,MS
MS,hermanville,Diocese of Jackson,MS
MS,hernando,Diocese of Jackson,MS
MS,hickory,Diocese of Jackson,MS
MS,hickory flat,Diocese of Jackson,MS
MS,hickory hills,Diocese of Biloxi,MS
MS,hideaway lake,Diocese of Biloxi,MS
MS,hillsboro,Diocese of Jackson,MS
MS,holcomb,Diocese of Jackson,MS
MS,hollandale,Diocese of Jackson,MS
MS,horn lake,Diocese of Jackson,MS
MS,houlka,Diocese of Jackson,MS
MS,houston,Diocese of Jackson,MS
MS,hurley,Diocese of Biloxi,MS
MS,indianola,Diocese of Jackson,MS
MS,inverness,Diocese of Jackson,MS
MS,isola,Diocese of Jackson,MS
MS,itta bena,Diocese of Jackson,MS
MS,iuka,Diocese of Jackson,MS
MS,jackson,Diocese of Jackson,MS
MS,jonestown,Diocese of Jackson,MS
MS,jumpertown,Diocese of Jackson,MS
MS,kearney park,Diocese of Jackson,MS
MS,kilmichael,Diocese of Jackson,MS
MS,kiln,Diocese of Biloxi,MS
MS,kosciusko,Diocese of Jackson,MS
MS,lake,Diocese of Jackson,MS
MS,lambert,Diocese of Jackson,MS
MS,latimer,Diocese of Biloxi,MS
MS,lauderdale,Diocese of Jackson,MS
MS,laurel,Diocese of Biloxi,MS
MS,leakesville,Diocese of Biloxi,MS
MS,leland,Diocese of Jackson,MS
MS,lexington,Diocese of Jackson,MS
MS,liberty,Diocese of Jackson,MS
MS,long beach,Diocese of Biloxi,MS
MS,louisville,Diocese of Jackson,MS
MS,lucedale,Diocese of Biloxi,MS
MS,lumberton,Diocese of Biloxi,MS
MS,lyman,Diocese of Biloxi,MS
MS,lynchburg,Diocese of Jackson,MS
MS,lyon,Diocese of Jackson,MS
MS,maben,Diocese of Jackson,MS
MS,macon,Diocese of Jackson,MS
MS,madison,Diocese of Jackson,MS
MS,magee,Diocese of Jackson,MS
MS,magnolia,Diocese of Jackson,MS
MS,mantachie,Diocese of Jackson,MS
MS,marion,Diocese of Jackson,MS
MS,marks,Diocese of Jackson,MS
MS,mathiston,Diocese of Jackson,MS
MS,mayersville,Diocese of Jackson,MS
MS,mccomb,Diocese of Jackson,MS
MS,mclain,Diocese of Biloxi,MS
MS,meadville,Diocese of Jackson,MS
MS,mendenhall,Diocese of Jackson,MS
MS,meridian,Diocese of Jackson,MS
MS,meridian station,Diocese of Jackson,MS
MS,merigold,Diocese of Jackson,MS
MS,metcalfe,Diocese of Jackson,MS
MS,mikoma,Diocese of Jackson,MS
MS,mize,Diocese of Jackson,MS
MS,monticello,Diocese of Biloxi,MS
MS,mooreville,Diocese of Jackson,MS
MS,moorhead,Diocese of Jackson,MS
MS,morgantown,Diocese of Jackson,MS
MS,morton,Diocese of Jackson,MS
MS,moss point,Diocese of Biloxi,MS
MS,mound bayou,Diocese of Jackson,MS
MS,mount olive,Diocese of Biloxi,MS
MS,myrtle,Diocese of Jackson,MS
MS,natchez,Diocese of Jackson,MS
MS,nellieburg,Diocese of Jackson,MS
MS,nettleton,Diocese of Jackson,MS
MS,new albany,Diocese of Jackson,MS
MS,new augusta,Diocese of Biloxi,MS
MS,new hamilton,Diocese of Jackson,MS
MS,new hebron,Diocese of Biloxi,MS
MS,new hope,Diocese of Jackson,MS
MS,newton,Diocese of Jackson,MS
MS,nicholson,Diocese of Biloxi,MS
MS,north carrollton,Diocese of Jackson,MS
MS,north tunica,Diocese of Jackson,MS
MS,noxapater,Diocese of Jackson,MS
MS,oakland,Diocese of Jackson,MS
MS,ocean springs,Diocese of Biloxi,MS
MS,okolona,Diocese of Jackson,MS
MS,olive branch,Diocese of Jackson,MS
MS,osyka,Diocese of Jackson,MS
MS,oxford,Diocese of Jackson,MS
MS,pascagoula,Diocese of Biloxi,MS
MS,pass christian,Diocese of Biloxi,MS
MS,pearl,Diocese of Jackson,MS
MS,pearl river,Diocese of Jackson,MS
MS,pearlington,Diocese of Biloxi,MS
MS,pelahatchie,Diocese of Jackson,MS
MS,petal,Diocese of Biloxi,MS
MS,philadelphia,Diocese of Jackson,MS
MS,picayune,Diocese of Biloxi,MS
MS,pickens,Diocese of Jackson,MS
MS,plantersville,Diocese of Jackson,MS
MS,polkville,Diocese of Jackson,MS
MS,pontotoc,Diocese of Jackson,MS
MS,poplarville,Diocese of Biloxi,MS
MS,port gibson,Diocese of Jackson,MS
MS,potts camp,Diocese of Jackson,MS
MS,prentiss,Diocese of Biloxi,MS
MS,puckett,Diocese of Jackson,MS
MS,purvis,Diocese of Biloxi,MS
MS,quitman,Diocese of Jackson,MS
MS,raleigh,Diocese of Jackson,MS
MS,rawls springs,Diocese of Biloxi,MS
MS,raymond,Diocese of Jackson,MS
MS,redwater,Diocese of Jackson,MS
MS,renova,Diocese of Jackson,MS
MS,richland,Diocese of Jackson,MS
MS,richton,Diocese of Biloxi,MS
MS,ridgeland,Diocese of Jackson,MS
MS,rienzi,Diocese of Jackson,MS
MS,ripley,Diocese of Jackson,MS
MS,rolling fork,Diocese of Jackson,MS
MS,rosedale,Diocese of Jackson,MS
MS,roxie,Diocese of Jackson,MS
MS,ruleville,Diocese of Jackson,MS
MS,saltillo,Diocese of Jackson,MS
MS,sandersville,Diocese of Biloxi,MS
MS,sardis,Diocese of Jackson,MS
MS,saucier,Diocese of Biloxi,MS
MS,scooba,Diocese of Jackson,MS
MS,seminary,Diocese of Biloxi,MS
MS,senatobia,Diocese of Jackson,MS
MS,shannon,Diocese of Jackson,MS
MS,sharon,Diocese of Biloxi,MS
MS,shaw,Diocese of Jackson,MS
MS,shelby,Diocese of Jackson,MS
MS,sherman,Diocese of Jackson,MS
MS,shubuta,Diocese of Jackson,MS
MS,shuqualak,Diocese of Jackson,MS
MS,sidon,Diocese of Jackson,MS
MS,silver city,Diocese of Jackson,MS
MS,sledge,Diocese of Jackson,MS
MS,smithville,Diocese of Jackson,MS
MS,soso,Diocese of Biloxi,MS
MS,southaven,Diocese of Jackson,MS
MS,st martin,Diocese of Biloxi,MS
MS,standing pine,Diocese of Jackson,MS
MS,starkville,Diocese of Jackson,MS
MS,state line,Diocese of Biloxi,MS
MS,stonewall,Diocese of Jackson,MS
MS,summit,Diocese of Jackson,MS
MS,sumner,Diocese of Jackson,MS
MS,sumrall,Diocese of Biloxi,MS
MS,sunflower,Diocese of Jackson,MS
MS,taylor,Diocese of Jackson,MS
MS,taylorsville,Diocese of Jackson,MS
MS,tchula,Diocese of Jackson,MS
MS,terry,Diocese of Jackson,MS
MS,thaxton,Diocese of Jackson,MS
MS,tishomingo,Diocese of Jackson,MS
MS,toomsuba,Diocese of Jackson,MS
MS,tremont,Diocese of Jackson,MS
MS,tucker,Diocese of Jackson,MS
MS,tunica,Diocese of Jackson,MS
MS,tunica resorts,Diocese of Jackson,MS
MS,tupelo,Diocese of Jackson,MS
MS,tutwiler,Diocese of Jackson,MS
MS,tylertown,Diocese of Biloxi,MS
MS,union,Diocese of Jackson,MS
MS,utica,Diocese of Jackson,MS
MS,vaiden,Diocese of Jackson,MS
MS,vancleave,Diocese of Biloxi,MS
MS,vardaman,Diocese of Jackson,MS
MS,verona,Diocese of Jackson,MS
MS,vicksburg,Diocese of Jackson,MS
MS,wade,Diocese of Biloxi,MS
MS,walls,Diocese of Jackson,MS
MS,walnut,Diocese of Jackson,MS
MS,walnut grove,Diocese of Jackson,MS
MS,water valley,Diocese of Jackson,MS
MS,waveland,Diocese of Biloxi,MS
MS,waynesboro,Diocese of Biloxi,MS
MS,webb,Diocese of Jackson,MS
MS,weir,Diocese of Jackson,MS
MS,wesson,Diocese of Jackson,MS
MS,west gulfport,Diocese of Biloxi,MS
MS,west hattiesburg,Diocese of Biloxi,MS
MS,west point,Diocese of Jackson,MS
MS,white oak,Diocese of Jackson,MS
MS,wiggins,Diocese of Biloxi,MS
MS,winona,Diocese of Jackson,MS
MS,woodville,Diocese of Jackson,MS
MS,yazoo city,Diocese of Jackson,MS
MT,absarokee,Diocese of Great Falls–Billings,MT
MT,agency,Diocese of Helena,MT
MT,alberton,Diocese of Helena,MT
MT,anaconda,Diocese of Helena,MT
MT,arlee,Diocese of Helena,MT
MT,ashland,Diocese of Great Falls–Billings,MT
MT,augusta,Diocese of Helena,MT
MT,bainville,Diocese of Great Falls–Billings,MT
MT,baker,Diocese of Great Falls–Billings,MT
MT,ballantine,Diocese of Great Falls–Billings,MT
MT,batavia,Diocese of Helena,MT
MT,belt,Diocese of Great Falls–Billings,MT
MT,big sandy,Diocese of Great Falls–Billings,MT
MT,big timber,Diocese of Great Falls–Billings,MT
MT,bigfork,Diocese of Helena,MT
MT,billings,Diocese of Great Falls–Billings,MT
MT,black eagle,Diocese of Great Falls–Billings,MT
MT,boneau,Diocese of Great Falls–Billings,MT
MT,bonnerwest riverside,Diocese of Helena,MT
MT,boulder,Diocese of Helena,MT
MT,bridger,Diocese of Great Falls–Billings,MT
MT,broadus,Diocese of Great Falls–Billings,MT
MT,browning,Diocese of Helena,MT
MT,busby,Diocese of Great Falls–Billings,MT
MT,butte,Diocese of Helena,MT
MT,carlton,Diocese of Helena,MT
MT,cascade,Diocese of Great Falls–Billings,MT
MT,charlo,Diocese of Helena,MT
MT,chester,Diocese of Great Falls–Billings,MT
MT,chinook,Diocese of Great Falls–Billings,MT
MT,circle,Diocese of Great Falls–Billings,MT
MT,clancy,Diocese of Helena,MT
MT,clinton,Diocese of Helena,MT
MT,colstrip,Diocese of Great Falls–Billings,MT
MT,columbia falls,Diocese of Helena,MT
MT,columbus,Diocese of Great Falls–Billings,MT
MT,condon,Diocese of Helena,MT
MT,conrad,Diocese of Helena,MT
MT,coram,Diocese of Helena,MT
MT,corvallis,Diocese of Helena,MT
MT,crow agency,Diocese of Great Falls–Billings,MT
MT,culbertson,Diocese of Great Falls–Billings,MT
MT,cut bank,Diocese of Helena,MT
MT,darby,Diocese of Helena,MT
MT,deer lodge,Diocese of Helena,MT
MT,dillon,Diocese of Helena,MT
MT,drummond,Diocese of Helena,MT
MT,east glacier park village,Diocese of Helena,MT
MT,east helena,Diocese of Helena,MT
MT,east missoula,Diocese of Helena,MT
MT,ekalaka,Diocese of Great Falls–Billings,MT
MT,ennis,Diocese of Helena,MT
MT,eureka,Diocese of Helena,MT
MT,evaro,Diocese of Helena,MT
MT,evergreen,Diocese of Helena,MT
MT,fairview,Diocese of Great Falls–Billings,MT
MT,finley point,Diocese of Helena,MT
MT,florence,Diocese of Helena,MT
MT,forsyth,Diocese of Great Falls–Billings,MT
MT,fort belknap agency,Diocese of Great Falls–Billings,MT
MT,fort benton,Diocese of Great Falls–Billings,MT
MT,fortine,Diocese of Helena,MT
MT,frazer,Diocese of Great Falls–Billings,MT
MT,frenchtown,Diocese of Helena,MT
MT,fromberg,Diocese of Great Falls–Billings,MT
MT,glasgow,Diocese of Great Falls–Billings,MT
MT,glendive,Diocese of Great Falls–Billings,MT
MT,great falls,Diocese of Great Falls–Billings,MT
MT,hamilton,Diocese of Helena,MT
MT,hardin,Diocese of Great Falls–Billings,MT
MT,harlem,Diocese of Great Falls–Billings,MT
MT,harlowton,Diocese of Helena,MT
MT,havre,Diocese of Great Falls–Billings,MT
MT,havre north,Diocese of Great Falls–Billings,MT
MT,hays,Diocese of Great Falls–Billings,MT
MT,heart butte,Diocese of Helena,MT
MT,helena,Diocese of Helena,MT
MT,helena valley northeast,Diocese of Helena,MT
MT,helena valley northwest,Diocese of Helena,MT
MT,helena valley southeast,Diocese of Helena,MT
MT,helena valley west central,Diocese of Helena,MT
MT,helena west side,Diocese of Helena,MT
MT,hot springs,Diocese of Helena,MT
MT,hungry horse,Diocese of Helena,MT
MT,huntley,Diocese of Great Falls–Billings,MT
MT,hysham,Diocese of Great Falls–Billings,MT
MT,jefferson city,Diocese of Helena,MT
MT,joliet,Diocese of Great Falls–Billings,MT
MT,jordan,Diocese of Great Falls–Billings,MT
MT,kalispell,Diocese of Helena,MT
MT,kila,Diocese of Helena,MT
MT,knife river,Diocese of Great Falls–Billings,MT
MT,lakeside,Diocese of Helena,MT
MT,lame deer,Diocese of Great Falls–Billings,MT
MT,laurel,Diocese of Great Falls–Billings,MT
MT,lewistown,Diocese of Great Falls–Billings,MT
MT,lewistown heights,Diocese of Great Falls–Billings,MT
MT,libby,Diocese of Helena,MT
MT,lincoln,Diocese of Helena,MT
MT,lockwood,Diocese of Great Falls–Billings,MT
MT,lodge grass,Diocese of Great Falls–Billings,MT
MT,lolo,Diocese of Helena,MT
MT,malmstrom air force base,Diocese of Great Falls–Billings,MT
MT,malta,Diocese of Great Falls–Billings,MT
MT,marion,Diocese of Helena,MT
MT,martin city,Diocese of Helena,MT
MT,midvale,Diocese of Helena,MT
MT,miles city,Diocese of Great Falls–Billings,MT
MT,missoula,Diocese of Helena,MT
MT,montana city,Diocese of Helena,MT
MT,muddy,Diocese of Great Falls–Billings,MT
MT,north browning,Diocese of Helena,MT
MT,orchard homes,Diocese of Helena,MT
MT,pablo,Diocese of Helena,MT
MT,park city,Diocese of Great Falls–Billings,MT
MT,parker school,Diocese of Great Falls–Billings,MT
MT,philipsburg,Diocese of Helena,MT
MT,piltzville,Diocese of Helena,MT
MT,pinesdale,Diocese of Helena,MT
MT,pioneer junction,Diocese of Helena,MT
MT,plains,Diocese of Helena,MT
MT,plentywood,Diocese of Great Falls–Billings,MT
MT,polson,Diocese of Helena,MT
MT,poplar,Diocese of Great Falls–Billings,MT
MT,pryor,Diocese of Great Falls–Billings,MT
MT,red lodge,Diocese of Great Falls–Billings,MT
MT,riverbend,Diocese of Helena,MT
MT,roberts,Diocese of Great Falls–Billings,MT
MT,rocky boys agency,Diocese of Great Falls–Billings,MT
MT,ronan,Diocese of Helena,MT
MT,roundup,Diocese of Great Falls–Billings,MT
MT,sangrey,Diocese of Great Falls–Billings,MT
MT,scobey,Diocese of Great Falls–Billings,MT
MT,seeley lake,Diocese of Helena,MT
MT,shepherd,Diocese of Great Falls–Billings,MT
MT,sheridan,Diocese of Helena,MT
MT,sidney,Diocese of Great Falls–Billings,MT
MT,simms,Diocese of Great Falls–Billings,MT
MT,somers,Diocese of Helena,MT
MT,south browning,Diocese of Helena,MT
MT,south hills,Diocese of Helena,MT
MT,st ignatius,Diocese of Helena,MT
MT,st pierre,Diocese of Great Falls–Billings,MT
MT,st regis,Diocese of Helena,MT
MT,stanford,Diocese of Great Falls–Billings,MT
MT,stevensville,Diocese of Helena,MT
MT,sun prairie,Diocese of Great Falls–Billings,MT
MT,superior,Diocese of Helena,MT
MT,terry,Diocese of Great Falls–Billings,MT
MT,the silos,Diocese of Helena,MT
MT,thompson falls,Diocese of Helena,MT
MT,townsend,Diocese of Helena,MT
MT,trego,Diocese of Helena,MT
MT,troy,Diocese of Helena,MT
MT,turah,Diocese of Helena,MT
MT,twin bridges,Diocese of Helena,MT
MT,ulm,Diocese of Great Falls–Billings,MT
MT,valier,Diocese of Helena,MT
MT,vaughn,Diocese of Great Falls–Billings,MT
MT,victor,Diocese of Helena,MT
MT,walkerville,Diocese of Helena,MT
MT,warm springs,Diocese of Helena,MT
MT,west glendive,Diocese of Great Falls–Billings,MT
MT,west havre,Diocese of Great Falls–Billings,MT
MT,west kootenai,Diocese of Helena,MT
MT,white haven,Diocese of Helena,MT
MT,white sulphur springs,Diocese of Helena,MT
MT,whitefish,Diocese of Helena,MT
MT,whitehall,Diocese of Helena,MT
MT,wibaux,Diocese of Great Falls–Billings,MT
MT,wolf point,Diocese of Great Falls–Billings,MT
MT,woods bay,Diocese of Helena,MT
MT,worden,Diocese of Great Falls–Billings,MT
MT,wye,Diocese of Helena,MT
NC,aberdeen,Diocese of Raleigh,NC
NC,advance,Diocese of Charlotte,NC
NC,ahoskie,Diocese of Raleigh,NC
NC,alamance,Diocese of Raleigh,NC
NC,albemarle,Diocese of Charlotte,NC
NC,alexander mills,Diocese of Charlotte,NC
NC,alliance,Diocese of Raleigh,NC
NC,altamahaw,Diocese of Raleigh,NC
NC,andrews,Diocese of Charlotte,NC
NC,angier,Diocese of Raleigh,NC
NC,ansonville,Diocese of Charlotte,NC
NC,apex,Diocese of Raleigh,NC
NC,aquadale,Diocese of Charlotte,NC
NC,arapahoe,Diocese of Raleigh,NC
NC,archdale,Diocese of Charlotte,NC
NC,archer lodge,Diocese of Raleigh,NC
NC,arlington,Diocese of Charlotte,NC
NC,asheboro,Diocese of Charlotte,NC
NC,asheville,Diocese of Charlotte,NC
NC,ashley heights,Diocese of Raleigh,NC
NC,atkinson,Diocese of Raleigh,NC
NC,atlantic,Diocese of Raleigh,NC
NC,atlantic beach,Diocese of Raleigh,NC
NC,aulander,Diocese of Raleigh,NC
NC,aurora,Diocese of Raleigh,NC
NC,avery creek,Diocese of Charlotte,NC
NC,avon,Diocese of Raleigh,NC
NC,ayden,Diocese of Raleigh,NC
NC,badin,Diocese of Charlotte,NC
NC,bailey,Diocese of Raleigh,NC
NC,bakersville,Diocese of Charlotte,NC
NC,balfour,Diocese of Charlotte,NC
NC,banner elk,Diocese of Charlotte,NC
NC,barker heights,Diocese of Charlotte,NC
NC,barker ten mile,Diocese of Raleigh,NC
NC,battleboro,Diocese of Raleigh,NC
NC,bayboro,Diocese of Raleigh,NC
NC,bayshore,Diocese of Raleigh,NC
NC,bayview,Diocese of Raleigh,NC
NC,beaufort,Diocese of Raleigh,NC
NC,beech mountain,Diocese of Charlotte,NC
NC,belhaven,Diocese of Raleigh,NC
NC,bell arthur,Diocese of Raleigh,NC
NC,belmont,Diocese of Charlotte,NC
NC,belville,Diocese of Raleigh,NC
NC,belvoir,Diocese of Raleigh,NC
NC,belwood,Diocese of Charlotte,NC
NC,benson,Diocese of Raleigh,NC
NC,bent creek,Diocese of Charlotte,NC
NC,bermuda run,Diocese of Charlotte,NC
NC,bessemer city,Diocese of Charlotte,NC
NC,bethania,Diocese of Charlotte,NC
NC,bethel,Diocese of Raleigh,NC
NC,bethlehem,Diocese of Charlotte,NC
NC,beulaville,Diocese of Raleigh,NC
NC,biltmore forest,Diocese of Charlotte,NC
NC,biscoe,Diocese of Charlotte,NC
NC,black creek,Diocese of Raleigh,NC
NC,black mountain,Diocese of Charlotte,NC
NC,bladenboro,Diocese of Raleigh,NC
NC,blowing rock,Diocese of Charlotte,NC
NC,boger city,Diocese of Charlotte,NC
NC,bogue,Diocese of Raleigh,NC
NC,boiling spring lakes,Diocese of Raleigh,NC
NC,boiling springs,Diocese of Charlotte,NC
NC,bolton,Diocese of Raleigh,NC
NC,bonnetsville,Diocese of Raleigh,NC
NC,boone,Diocese of Charlotte,NC
NC,boonville,Diocese of Charlotte,NC
NC,bostic,Diocese of Charlotte,NC
NC,brevard,Diocese of Charlotte,NC
NC,briar chapel,Diocese of Raleigh,NC
NC,brices creek,Diocese of Raleigh,NC
NC,bridgeton,Diocese of Raleigh,NC
NC,broad creek,Diocese of Raleigh,NC
NC,broadway,Diocese of Raleigh,NC
NC,brogden,Diocese of Raleigh,NC
NC,brookford,Diocese of Charlotte,NC
NC,brunswick,Diocese of Raleigh,NC
NC,bryson city,Diocese of Charlotte,NC
NC,buies creek,Diocese of Raleigh,NC
NC,bunn,Diocese of Raleigh,NC
NC,bunnlevel,Diocese of Raleigh,NC
NC,burgaw,Diocese of Raleigh,NC
NC,burlington,Diocese of Raleigh,NC
NC,burnsville,Diocese of Charlotte,NC
NC,butner,Diocese of Raleigh,NC
NC,buxton,Diocese of Raleigh,NC
NC,cajahs mountain,Diocese of Charlotte,NC
NC,calabash,Diocese of Raleigh,NC
NC,calypso,Diocese of Raleigh,NC
NC,camden,Diocese of Raleigh,NC
NC,candor,Diocese of Charlotte,NC
NC,canton,Diocese of Charlotte,NC
NC,cape carteret,Diocese of Raleigh,NC
NC,caroleen,Diocese of Charlotte,NC
NC,carolina beach,Diocese of Raleigh,NC
NC,carolina shores,Diocese of Raleigh,NC
NC,carrboro,Diocese of Raleigh,NC
NC,carthage,Diocese of Raleigh,NC
NC,cary,Diocese of Raleigh,NC
NC,castle hayne,Diocese of Raleigh,NC
NC,caswell beach,Diocese of Raleigh,NC
NC,catawba,Diocese of Charlotte,NC
NC,cedar point,Diocese of Raleigh,NC
NC,chadbourn,Diocese of Raleigh,NC
NC,chapel hill,Diocese of Raleigh,NC
NC,charlotte,Diocese of Charlotte,NC
NC,cherokee,Diocese of Charlotte,NC
NC,cherryville,Diocese of Charlotte,NC
NC,china grove,Diocese of Charlotte,NC
NC,chocowinity,Diocese of Raleigh,NC
NC,claremont,Diocese of Charlotte,NC
NC,clarkton,Diocese of Raleigh,NC
NC,clayton,Diocese of Raleigh,NC
NC,clemmons,Diocese of Charlotte,NC
NC,cleveland,Diocese of Charlotte,NC
NC,cliffside,Diocese of Charlotte,NC
NC,clinton,Diocese of Raleigh,NC
NC,clyde,Diocese of Charlotte,NC
NC,coats,Diocese of Raleigh,NC
NC,cofield,Diocese of Raleigh,NC
NC,coinjock,Diocese of Raleigh,NC
NC,columbia,Diocese of Raleigh,NC
NC,columbus,Diocese of Charlotte,NC
NC,concord,Diocese of Charlotte,NC
NC,connelly springs,Diocese of Charlotte,NC
NC,conover,Diocese of Charlotte,NC
NC,conway,Diocese of Raleigh,NC
NC,cooleemee,Diocese of Charlotte,NC
NC,cordova,Diocese of Charlotte,NC
NC,cornelius,Diocese of Charlotte,NC
NC,cove city,Diocese of Raleigh,NC
NC,cove creek,Diocese of Charlotte,NC
NC,cramerton,Diocese of Charlotte,NC
NC,creedmoor,Diocese of Raleigh,NC
NC,cricket,Diocese of Charlotte,NC
NC,cullowhee,Diocese of Charlotte,NC
NC,dallas,Diocese of Charlotte,NC
NC,dana,Diocese of Charlotte,NC
NC,davidson,Diocese of Charlotte,NC
NC,davis,Diocese of Raleigh,NC
NC,delco,Diocese of Raleigh,NC
NC,denton,Diocese of Charlotte,NC
NC,denver,Diocese of Charlotte,NC
NC,dobbins heights,Diocese of Charlotte,NC
NC,dobson,Diocese of Charlotte,NC
NC,dortches,Diocese of Raleigh,NC
NC,dover,Diocese of Raleigh,NC
NC,drexel,Diocese of Charlotte,NC
NC,dublin,Diocese of Raleigh,NC
NC,duck,Diocese of Raleigh,NC
NC,dunn,Diocese of Raleigh,NC
NC,durham,Diocese of Raleigh,NC
NC,east arcadia,Diocese of Raleigh,NC
NC,east bend,Diocese of Charlotte,NC
NC,east flat rock,Diocese of Charlotte,NC
NC,east laurinburg,Diocese of Raleigh,NC
NC,east rockingham,Diocese of Charlotte,NC
NC,east spencer,Diocese of Charlotte,NC
NC,eastover,Diocese of Raleigh,NC
NC,eden,Diocese of Charlotte,NC
NC,edenton,Diocese of Raleigh,NC
NC,edneyville,Diocese of Charlotte,NC
NC,efland,Diocese of Raleigh,NC
NC,elizabeth city,Diocese of Raleigh,NC
NC,elizabethtown,Diocese of Raleigh,NC
NC,elk park,Diocese of Charlotte,NC
NC,elkin,Diocese of Charlotte,NC
NC,ellenboro,Diocese of Charlotte,NC
NC,ellerbe,Diocese of Charlotte,NC
NC,elm city,Diocese of Raleigh,NC
NC,elon,Diocese of Raleigh,NC
NC,elrod,Diocese of Raleigh,NC
NC,elroy,Diocese of Raleigh,NC
NC,emerald isle,Diocese of Raleigh,NC
NC,enfield,Diocese of Raleigh,NC
NC,engelhard,Diocese of Raleigh,NC
NC,enochville,Diocese of Charlotte,NC
NC,erwin,Diocese of Raleigh,NC
NC,etowah,Diocese of Charlotte,NC
NC,evergreen,Diocese of Raleigh,NC
NC,fair bluff,Diocese of Raleigh,NC
NC,fairfield harbour,Diocese of Raleigh,NC
NC,fairmont,Diocese of Raleigh,NC
NC,fairplains,Diocese of Charlotte,NC
NC,fairview,Diocese of Charlotte,NC
NC,faison,Diocese of Raleigh,NC
NC,faith,Diocese of Charlotte,NC
NC,fallston,Diocese of Charlotte,NC
NC,farmville,Diocese of Raleigh,NC
NC,fayetteville,Diocese of Raleigh,NC
NC,fearrington,Diocese of Raleigh,NC
NC,fearrington village,Diocese of Raleigh,NC
NC,five points,Diocese of Raleigh,NC
NC,flat rock,Diocese of Charlotte,NC
NC,fletcher,Diocese of Charlotte,NC
NC,forest city,Diocese of Charlotte,NC
NC,forest oaks,Diocese of Charlotte,NC
NC,fort bragg,Diocese of Raleigh,NC
NC,foscoe,Diocese of Charlotte,NC
NC,fountain,Diocese of Raleigh,NC
NC,four oaks,Diocese of Raleigh,NC
NC,foxfire,Diocese of Raleigh,NC
NC,franklin,Diocese of Charlotte,NC
NC,franklinton,Diocese of Raleigh,NC
NC,franklinville,Diocese of Charlotte,NC
NC,fremont,Diocese of Raleigh,NC
NC,fruitland,Diocese of Charlotte,NC
NC,fuquayvarina,Diocese of Raleigh,NC
NC,gamewell,Diocese of Charlotte,NC
NC,garland,Diocese of Raleigh,NC
NC,garner,Diocese of Raleigh,NC
NC,garysburg,Diocese of Raleigh,NC
NC,gaston,Diocese of Raleigh,NC
NC,gastonia,Diocese of Charlotte,NC
NC,gatesville,Diocese of Raleigh,NC
NC,germanton,Diocese of Charlotte,NC
NC,gibson,Diocese of Raleigh,NC
NC,gibsonville,Diocese of Charlotte,NC
NC,glen alpine,Diocese of Charlotte,NC
NC,glen raven,Diocese of Raleigh,NC
NC,gloucester,Diocese of Raleigh,NC
NC,goldsboro,Diocese of Raleigh,NC
NC,goldston,Diocese of Raleigh,NC
NC,gorman,Diocese of Raleigh,NC
NC,graham,Diocese of Raleigh,NC
NC,granite falls,Diocese of Charlotte,NC
NC,granite quarry,Diocese of Charlotte,NC
NC,grantsboro,Diocese of Raleigh,NC
NC,green level,Diocese of Raleigh,NC
NC,greenevers,Diocese of Raleigh,NC
NC,greensboro,Diocese of Charlotte,NC
NC,greenville,Diocese of Raleigh,NC
NC,grifton,Diocese of Raleigh,NC
NC,grimesland,Diocese of Raleigh,NC
NC,grover,Diocese of Charlotte,NC
NC,half moon,Diocese of Raleigh,NC
NC,hallsboro,Diocese of Raleigh,NC
NC,hamilton,Diocese of Raleigh,NC
NC,hamlet,Diocese of Charlotte,NC
NC,hampstead,Diocese of Raleigh,NC
NC,harkers island,Diocese of Raleigh,NC
NC,harmony,Diocese of Charlotte,NC
NC,harrisburg,Diocese of Charlotte,NC
NC,hatteras,Diocese of Raleigh,NC
NC,havelock,Diocese of Raleigh,NC
NC,haw river,Diocese of Raleigh,NC
NC,hayesville,Diocese of Charlotte,NC
NC,hays,Diocese of Charlotte,NC
NC,hazelwood,Diocese of Charlotte,NC
NC,hemby bridge,Diocese of Charlotte,NC
NC,henderson,Diocese of Raleigh,NC
NC,hendersonville,Diocese of Charlotte,NC
NC,henrietta,Diocese of Charlotte,NC
NC,hertford,Diocese of Raleigh,NC
NC,hickory,Diocese of Charlotte,NC
NC,hiddenite,Diocese of Charlotte,NC
NC,high point,Diocese of Charlotte,NC
NC,high shoals,Diocese of Charlotte,NC
NC,highlands,Diocese of Charlotte,NC
NC,hightsville,Diocese of Raleigh,NC
NC,hildebran,Diocese of Charlotte,NC
NC,hillsborough,Diocese of Raleigh,NC
NC,hillsdale,Diocese of Charlotte,NC
NC,hobgood,Diocese of Raleigh,NC
NC,hoffman,Diocese of Charlotte,NC
NC,holden beach,Diocese of Raleigh,NC
NC,hollister,Diocese of Raleigh,NC
NC,holly ridge,Diocese of Raleigh,NC
NC,holly springs,Diocese of Raleigh,NC
NC,hookerton,Diocese of Raleigh,NC
NC,hoopers creek,Diocese of Charlotte,NC
NC,hope mills,Diocese of Raleigh,NC
NC,horse shoe,Diocese of Charlotte,NC
NC,hot springs,Diocese of Charlotte,NC
NC,hudson,Diocese of Charlotte,NC
NC,huntersville,Diocese of Charlotte,NC
NC,icard,Diocese of Charlotte,NC
NC,indian trail,Diocese of Charlotte,NC
NC,ingold,Diocese of Raleigh,NC
NC,iron station,Diocese of Charlotte,NC
NC,jaars,Diocese of Charlotte,NC
NC,jackson,Diocese of Raleigh,NC
NC,jacksonville,Diocese of Raleigh,NC
NC,james city,Diocese of Raleigh,NC
NC,jamestown,Diocese of Charlotte,NC
NC,jamesville,Diocese of Raleigh,NC
NC,jefferson,Diocese of Charlotte,NC
NC,jonesville,Diocese of Charlotte,NC
NC,kannapolis,Diocese of Charlotte,NC
NC,keener,Diocese of Raleigh,NC
NC,kelly,Diocese of Raleigh,NC
NC,kenansville,Diocese of Raleigh,NC
NC,kenly,Diocese of Raleigh,NC
NC,kernersville,Diocese of Charlotte,NC
NC,kill devil hills,Diocese of Raleigh,NC
NC,king,Diocese of Charlotte,NC
NC,kings grant,Diocese of Raleigh,NC
NC,kings mountain,Diocese of Charlotte,NC
NC,kingstown,Diocese of Charlotte,NC
NC,kinston,Diocese of Raleigh,NC
NC,kirkland,Diocese of Raleigh,NC
NC,kittrell,Diocese of Raleigh,NC
NC,kitty hawk,Diocese of Raleigh,NC
NC,knightdale,Diocese of Raleigh,NC
NC,kure beach,Diocese of Raleigh,NC
NC,la grange,Diocese of Raleigh,NC
NC,lake junaluska,Diocese of Charlotte,NC
NC,lake lure,Diocese of Charlotte,NC
NC,lake norman of catawba,Diocese of Charlotte,NC
NC,lake park,Diocese of Charlotte,NC
NC,lake waccamaw,Diocese of Raleigh,NC
NC,landis,Diocese of Charlotte,NC
NC,lattimore,Diocese of Charlotte,NC
NC,laurel hill,Diocese of Raleigh,NC
NC,laurel park,Diocese of Charlotte,NC
NC,laurinburg,Diocese of Raleigh,NC
NC,lawndale,Diocese of Charlotte,NC
NC,leland,Diocese of Raleigh,NC
NC,lenoir,Diocese of Charlotte,NC
NC,lewiston woodville,Diocese of Raleigh,NC
NC,lewisville,Diocese of Charlotte,NC
NC,lexington,Diocese of Charlotte,NC
NC,liberty,Diocese of Charlotte,NC
NC,light oak,Diocese of Charlotte,NC
NC,lilesville,Diocese of Charlotte,NC
NC,lillington,Diocese of Raleigh,NC
NC,lincolnton,Diocese of Charlotte,NC
NC,littleton,Diocese of Raleigh,NC
NC,locust,Diocese of Charlotte,NC
NC,long beach,Diocese of Raleigh,NC
NC,longview,Diocese of Charlotte,NC
NC,louisburg,Diocese of Raleigh,NC
NC,lowell,Diocese of Charlotte,NC
NC,lowesville,Diocese of Charlotte,NC
NC,lowgap,Diocese of Charlotte,NC
NC,lucama,Diocese of Raleigh,NC
NC,lumberton,Diocese of Raleigh,NC
NC,macclesfield,Diocese of Raleigh,NC
NC,madison,Diocese of Charlotte,NC
NC,maggie valley,Diocese of Charlotte,NC
NC,magnolia,Diocese of Raleigh,NC
NC,maiden,Diocese of Charlotte,NC
NC,mamers,Diocese of Raleigh,NC
NC,manns harbor,Diocese of Raleigh,NC
NC,manteo,Diocese of Raleigh,NC
NC,marble,Diocese of Charlotte,NC
NC,marion,Diocese of Charlotte,NC
NC,marmac,Diocese of Raleigh,NC
NC,mars hill,Diocese of Charlotte,NC
NC,marshall,Diocese of Charlotte,NC
NC,marshallberg,Diocese of Raleigh,NC
NC,marshville,Diocese of Charlotte,NC
NC,marvin,Diocese of Charlotte,NC
NC,masonboro,Diocese of Raleigh,NC
NC,matthews,Diocese of Charlotte,NC
NC,maury,Diocese of Raleigh,NC
NC,maxton,Diocese of Raleigh,NC
NC,mayodan,Diocese of Charlotte,NC
NC,maysville,Diocese of Raleigh,NC
NC,mcadenville,Diocese of Charlotte,NC
NC,mcleansville,Diocese of Charlotte,NC
NC,mebane,Diocese of Raleigh,NC
NC,micro,Diocese of Raleigh,NC
NC,middlesex,Diocese of Raleigh,NC
NC,midland,Diocese of Charlotte,NC
NC,midway,Diocese of Charlotte,NC
NC,millers creek,Diocese of Charlotte,NC
NC,millingport,Diocese of Charlotte,NC
NC,mills river,Diocese of Charlotte,NC
NC,mineral springs,Diocese of Charlotte,NC
NC,minnesott beach,Diocese of Raleigh,NC
NC,mint hill,Diocese of Charlotte,NC
NC,misenheimer,Diocese of Charlotte,NC
NC,mocksville,Diocese of Charlotte,NC
NC,moncure,Diocese of Raleigh,NC
NC,monroe,Diocese of Charlotte,NC
NC,montreat,Diocese of Charlotte,NC
NC,mooresboro,Diocese of Charlotte,NC
NC,mooresville,Diocese of Charlotte,NC
NC,moravian falls,Diocese of Charlotte,NC
NC,morehead city,Diocese of Raleigh,NC
NC,morganton,Diocese of Charlotte,NC
NC,morrisville,Diocese of Raleigh,NC
NC,morven,Diocese of Charlotte,NC
NC,mount airy,Diocese of Charlotte,NC
NC,mount gilead,Diocese of Charlotte,NC
NC,mount holly,Diocese of Charlotte,NC
NC,mount olive,Diocese of Raleigh,NC
NC,mount pleasant,Diocese of Charlotte,NC
NC,mountain home,Diocese of Charlotte,NC
NC,mountain view,Diocese of Charlotte,NC
NC,moyock,Diocese of Raleigh,NC
NC,mulberry,Diocese of Charlotte,NC
NC,murfreesboro,Diocese of Raleigh,NC
NC,murphy,Diocese of Charlotte,NC
NC,murraysville,Diocese of Raleigh,NC
NC,myrtle grove,Diocese of Raleigh,NC
NC,nags head,Diocese of Raleigh,NC
NC,nashville,Diocese of Raleigh,NC
NC,navassa,Diocese of Raleigh,NC
NC,neuse forest,Diocese of Raleigh,NC
NC,new bern,Diocese of Raleigh,NC
NC,new london,Diocese of Charlotte,NC
NC,newland,Diocese of Charlotte,NC
NC,newport,Diocese of Raleigh,NC
NC,newton,Diocese of Charlotte,NC
NC,newton grove,Diocese of Raleigh,NC
NC,norlina,Diocese of Raleigh,NC
NC,north topsail beach,Diocese of Raleigh,NC
NC,north wilkesboro,Diocese of Charlotte,NC
NC,northchase,Diocese of Raleigh,NC
NC,northlakes,Diocese of Charlotte,NC
NC,northwest,Diocese of Raleigh,NC
NC,norwood,Diocese of Charlotte,NC
NC,oak city,Diocese of Raleigh,NC
NC,oak island,Diocese of Raleigh,NC
NC,oak ridge,Diocese of Charlotte,NC
NC,oakboro,Diocese of Charlotte,NC
NC,ocean isle beach,Diocese of Raleigh,NC
NC,ocracoke,Diocese of Raleigh,NC
NC,ogden,Diocese of Raleigh,NC
NC,old fort,Diocese of Charlotte,NC
NC,oriental,Diocese of Raleigh,NC
NC,ossipee,Diocese of Raleigh,NC
NC,oxford,Diocese of Raleigh,NC
NC,parkton,Diocese of Raleigh,NC
NC,patterson springs,Diocese of Charlotte,NC
NC,peachland,Diocese of Charlotte,NC
NC,peletier,Diocese of Raleigh,NC
NC,pembroke,Diocese of Raleigh,NC
NC,pikeville,Diocese of Raleigh,NC
NC,pilot mountain,Diocese of Charlotte,NC
NC,pine knoll shores,Diocese of Raleigh,NC
NC,pine level,Diocese of Raleigh,NC
NC,pinebluff,Diocese of Raleigh,NC
NC,pinehurst,Diocese of Raleigh,NC
NC,pinetops,Diocese of Raleigh,NC
NC,pineville,Diocese of Charlotte,NC
NC,piney green,Diocese of Raleigh,NC
NC,pink hill,Diocese of Raleigh,NC
NC,pinnacle,Diocese of Charlotte,NC
NC,pittsboro,Diocese of Raleigh,NC
NC,plain view,Diocese of Raleigh,NC
NC,pleasant garden,Diocese of Charlotte,NC
NC,plymouth,Diocese of Raleigh,NC
NC,polkton,Diocese of Charlotte,NC
NC,polkville,Diocese of Charlotte,NC
NC,pollocksville,Diocese of Raleigh,NC
NC,pope air force base historical,Diocese of Raleigh,NC
NC,potters hill,Diocese of Raleigh,NC
NC,princeton,Diocese of Raleigh,NC
NC,princeville,Diocese of Raleigh,NC
NC,prospect,Diocese of Raleigh,NC
NC,raeford,Diocese of Raleigh,NC
NC,raleigh,Diocese of Raleigh,NC
NC,ramseur,Diocese of Charlotte,NC
NC,randleman,Diocese of Charlotte,NC
NC,ranlo,Diocese of Charlotte,NC
NC,red cross,Diocese of Charlotte,NC
NC,red oak,Diocese of Raleigh,NC
NC,red springs,Diocese of Raleigh,NC
NC,reidsville,Diocese of Charlotte,NC
NC,rennert,Diocese of Raleigh,NC
NC,rhodhiss,Diocese of Charlotte,NC
NC,rich square,Diocese of Raleigh,NC
NC,richfield,Diocese of Charlotte,NC
NC,richlands,Diocese of Raleigh,NC
NC,riegelwood,Diocese of Raleigh,NC
NC,river bend,Diocese of Raleigh,NC
NC,river road,Diocese of Raleigh,NC
NC,roanoke rapids,Diocese of Raleigh,NC
NC,robbins,Diocese of Raleigh,NC
NC,robbinsville,Diocese of Charlotte,NC
NC,robersonville,Diocese of Raleigh,NC
NC,rockfish,Diocese of Raleigh,NC
NC,rockingham,Diocese of Charlotte,NC
NC,rockwell,Diocese of Charlotte,NC
NC,rocky mount,Diocese of Raleigh,NC
NC,rocky point,Diocese of Raleigh,NC
NC,rolesville,Diocese of Raleigh,NC
NC,ronda,Diocese of Charlotte,NC
NC,roper,Diocese of Raleigh,NC
NC,rose hill,Diocese of Raleigh,NC
NC,roseboro,Diocese of Raleigh,NC
NC,rosman,Diocese of Charlotte,NC
NC,rougemont,Diocese of Raleigh,NC
NC,rowland,Diocese of Raleigh,NC
NC,roxboro,Diocese of Raleigh,NC
NC,royal pines,Diocese of Charlotte,NC
NC,ruffin,Diocese of Charlotte,NC
NC,rural hall,Diocese of Charlotte,NC
NC,ruth,Diocese of Charlotte,NC
NC,rutherford college,Diocese of Charlotte,NC
NC,rutherfordton,Diocese of Charlotte,NC
NC,salem,Diocese of Charlotte,NC
NC,salemburg,Diocese of Raleigh,NC
NC,salisbury,Diocese of Charlotte,NC
NC,saluda,Diocese of Charlotte,NC
NC,sandyfield,Diocese of Raleigh,NC
NC,sanford,Diocese of Raleigh,NC
NC,saratoga,Diocese of Raleigh,NC
NC,sawmills,Diocese of Charlotte,NC
NC,saxapahaw,Diocese of Raleigh,NC
NC,scotland neck,Diocese of Raleigh,NC
NC,sea breeze,Diocese of Raleigh,NC
NC,seaboard,Diocese of Raleigh,NC
NC,seagate,Diocese of Raleigh,NC
NC,sedalia,Diocese of Charlotte,NC
NC,selma,Diocese of Raleigh,NC
NC,seven lakes,Diocese of Raleigh,NC
NC,shallotte,Diocese of Raleigh,NC
NC,sharpsburg,Diocese of Raleigh,NC
NC,shelby,Diocese of Charlotte,NC
NC,sherrills ford,Diocese of Charlotte,NC
NC,siler city,Diocese of Raleigh,NC
NC,silver city,Diocese of Raleigh,NC
NC,silver lake,Diocese of Raleigh,NC
NC,simpson,Diocese of Raleigh,NC
NC,skippers corner,Diocese of Raleigh,NC
NC,smithfield,Diocese of Raleigh,NC
NC,sneads ferry,Diocese of Raleigh,NC
NC,snow hill,Diocese of Raleigh,NC
NC,south gastonia,Diocese of Charlotte,NC
NC,south henderson,Diocese of Raleigh,NC
NC,south mills,Diocese of Raleigh,NC
NC,south rosemary,Diocese of Raleigh,NC
NC,south weldon,Diocese of Raleigh,NC
NC,southern pines,Diocese of Raleigh,NC
NC,southern shores,Diocese of Raleigh,NC
NC,southmont,Diocese of Charlotte,NC
NC,southport,Diocese of Raleigh,NC
NC,sparta,Diocese of Charlotte,NC
NC,spencer,Diocese of Charlotte,NC
NC,spindale,Diocese of Charlotte,NC
NC,spiveys corner,Diocese of Raleigh,NC
NC,spring hope,Diocese of Raleigh,NC
NC,spring lake,Diocese of Raleigh,NC
NC,spruce pine,Diocese of Charlotte,NC
NC,st helena,Diocese of Raleigh,NC
NC,st james,Diocese of Raleigh,NC
NC,st pauls,Diocese of Raleigh,NC
NC,st stephens,Diocese of Charlotte,NC
NC,staley,Diocese of Charlotte,NC
NC,stallings,Diocese of Charlotte,NC
NC,stanfield,Diocese of Charlotte,NC
NC,stanley,Diocese of Charlotte,NC
NC,stantonsburg,Diocese of Raleigh,NC
NC,star,Diocese of Charlotte,NC
NC,statesville,Diocese of Charlotte,NC
NC,stedman,Diocese of Raleigh,NC
NC,stem,Diocese of Raleigh,NC
NC,stokes,Diocese of Raleigh,NC
NC,stokesdale,Diocese of Charlotte,NC
NC,stoneville,Diocese of Charlotte,NC
NC,stony point,Diocese of Charlotte,NC
NC,stovall,Diocese of Raleigh,NC
NC,summerfield,Diocese of Charlotte,NC
NC,sunset beach,Diocese of Raleigh,NC
NC,surf city,Diocese of Raleigh,NC
NC,swannanoa,Diocese of Charlotte,NC
NC,swanquarter,Diocese of Raleigh,NC
NC,swansboro,Diocese of Raleigh,NC
NC,swepsonville,Diocese of Raleigh,NC
NC,sylva,Diocese of Charlotte,NC
NC,tabor city,Diocese of Raleigh,NC
NC,tarboro,Diocese of Raleigh,NC
NC,taylorsville,Diocese of Charlotte,NC
NC,taylortown,Diocese of Raleigh,NC
NC,teachey,Diocese of Raleigh,NC
NC,thomasville,Diocese of Charlotte,NC
NC,thurmond,Diocese of Charlotte,NC
NC,toast,Diocese of Charlotte,NC
NC,tobaccoville,Diocese of Charlotte,NC
NC,topsail beach,Diocese of Raleigh,NC
NC,trent woods,Diocese of Raleigh,NC
NC,trinity,Diocese of Charlotte,NC
NC,troutman,Diocese of Charlotte,NC
NC,troy,Diocese of Charlotte,NC
NC,tryon,Diocese of Charlotte,NC
NC,tyro,Diocese of Charlotte,NC
NC,unionville,Diocese of Charlotte,NC
NC,valdese,Diocese of Charlotte,NC
NC,valle crucis,Diocese of Charlotte,NC
NC,valley hill,Diocese of Charlotte,NC
NC,vanceboro,Diocese of Raleigh,NC
NC,vander,Diocese of Raleigh,NC
NC,vann crossroads,Diocese of Raleigh,NC
NC,varnamtown,Diocese of Raleigh,NC
NC,vass,Diocese of Raleigh,NC
NC,waco,Diocese of Charlotte,NC
NC,wade,Diocese of Raleigh,NC
NC,wadesboro,Diocese of Charlotte,NC
NC,wagram,Diocese of Raleigh,NC
NC,wake forest,Diocese of Raleigh,NC
NC,wallace,Diocese of Raleigh,NC
NC,wallburg,Diocese of Charlotte,NC
NC,walnut cove,Diocese of Charlotte,NC
NC,walnut creek,Diocese of Raleigh,NC
NC,wanchese,Diocese of Raleigh,NC
NC,warrenton,Diocese of Raleigh,NC
NC,warsaw,Diocese of Raleigh,NC
NC,washington,Diocese of Raleigh,NC
NC,waxhaw,Diocese of Charlotte,NC
NC,waynesville,Diocese of Charlotte,NC
NC,weaverville,Diocese of Charlotte,NC
NC,webster,Diocese of Charlotte,NC
NC,weddington,Diocese of Charlotte,NC
NC,welcome,Diocese of Charlotte,NC
NC,weldon,Diocese of Raleigh,NC
NC,wendell,Diocese of Raleigh,NC
NC,wentworth,Diocese of Charlotte,NC
NC,wesley chapel,Diocese of Charlotte,NC
NC,west canton,Diocese of Charlotte,NC
NC,west jefferson,Diocese of Charlotte,NC
NC,west marion,Diocese of Charlotte,NC
NC,westport,Diocese of Charlotte,NC
NC,whispering pines,Diocese of Raleigh,NC
NC,whitakers,Diocese of Raleigh,NC
NC,white lake,Diocese of Raleigh,NC
NC,white oak,Diocese of Raleigh,NC
NC,white plains,Diocese of Charlotte,NC
NC,whiteville,Diocese of Raleigh,NC
NC,whitsett,Diocese of Charlotte,NC
NC,wilkesboro,Diocese of Charlotte,NC
NC,williamston,Diocese of Raleigh,NC
NC,wilmington,Diocese of Raleigh,NC
NC,wilson,Diocese of Raleigh,NC
NC,wilsons mills,Diocese of Raleigh,NC
NC,windsor,Diocese of Raleigh,NC
NC,winfall,Diocese of Raleigh,NC
NC,wingate,Diocese of Charlotte,NC
NC,winstonsalem,Diocese of Charlotte,NC
NC,winterville,Diocese of Raleigh,NC
NC,winton,Diocese of Raleigh,NC
NC,woodfin,Diocese of Charlotte,NC
NC,woodland,Diocese of Raleigh,NC
NC,woodlawn,Diocese of Raleigh,NC
NC,wrightsboro,Diocese of Raleigh,NC
NC,wrightsville beach,Diocese of Raleigh,NC
NC,yadkinville,Diocese of Charlotte,NC
NC,yanceyville,Diocese of Raleigh,NC
NC,yaupon beach,Diocese of Raleigh,NC
NC,youngsville,Diocese of Raleigh,NC
NC,zebulon,Diocese of Raleigh,NC
ND,argusville,Diocese of Fargo,ND
ND,arthur,Diocese of Fargo,ND
ND,arvilla,Diocese of Fargo,ND
ND,ashley,Diocese of Fargo,ND
ND,baldwin,Diocese of Bismarck,ND
ND,beach,Diocese of Bismarck,ND
ND,belcourt,Diocese of Fargo,ND
ND,belfield,Diocese of Bismarck,ND
ND,berthold,Diocese of Bismarck,ND
ND,beulah,Diocese of Bismarck,ND
ND,bismarck,Diocese of Bismarck,ND
ND,bowbells,Diocese of Bismarck,ND
ND,bowman,Diocese of Bismarck,ND
ND,burlington,Diocese of Bismarck,ND
ND,buxton,Diocese of Fargo,ND
ND,cando,Diocese of Fargo,ND
ND,cannon ball,Diocese of Bismarck,ND
ND,carrington,Diocese of Fargo,ND
ND,casselton,Diocese of Fargo,ND
ND,cavalier,Diocese of Fargo,ND
ND,center,Diocese of Bismarck,ND
ND,cooperstown,Diocese of Fargo,ND
ND,crosby,Diocese of Bismarck,ND
ND,devils lake,Diocese of Fargo,ND
ND,dickinson,Diocese of Bismarck,ND
ND,drayton,Diocese of Fargo,ND
ND,dunseith,Diocese of Fargo,ND
ND,east dunseith,Diocese of Fargo,ND
ND,edgeley,Diocese of Fargo,ND
ND,elgin,Diocese of Bismarck,ND
ND,ellendale,Diocese of Fargo,ND
ND,emerado,Diocese of Fargo,ND
ND,enderlin,Diocese of Fargo,ND
ND,fairmount,Diocese of Fargo,ND
ND,fargo,Diocese of Fargo,ND
ND,fessenden,Diocese of Fargo,ND
ND,finley,Diocese of Fargo,ND
ND,forman,Diocese of Fargo,ND
ND,fort totten,Diocese of Fargo,ND
ND,four bears village,Diocese of Bismarck,ND
ND,garrison,Diocese of Bismarck,ND
ND,gladstone,Diocese of Bismarck,ND
ND,glen ullin,Diocese of Bismarck,ND
ND,glenburn,Diocese of Bismarck,ND
ND,grafton,Diocese of Fargo,ND
ND,grand forks,Diocese of Fargo,ND
ND,grand forks air force base,Diocese of Fargo,ND
ND,green acres,Diocese of Fargo,ND
ND,gwinner,Diocese of Fargo,ND
ND,hankinson,Diocese of Fargo,ND
ND,harvey,Diocese of Fargo,ND
ND,harwood,Diocese of Fargo,ND
ND,hatton,Diocese of Fargo,ND
ND,hazen,Diocese of Bismarck,ND
ND,hebron,Diocese of Bismarck,ND
ND,hettinger,Diocese of Bismarck,ND
ND,hillsboro,Diocese of Fargo,ND
ND,horace,Diocese of Fargo,ND
ND,jamestown,Diocese of Fargo,ND
ND,kenmare,Diocese of Bismarck,ND
ND,killdeer,Diocese of Bismarck,ND
ND,kindred,Diocese of Fargo,ND
ND,kulm,Diocese of Fargo,ND
ND,lakota,Diocese of Fargo,ND
ND,lamoure,Diocese of Fargo,ND
ND,langdon,Diocese of Fargo,ND
ND,larimore,Diocese of Fargo,ND
ND,leeds,Diocese of Fargo,ND
ND,lidgerwood,Diocese of Fargo,ND
ND,lincoln,Diocese of Bismarck,ND
ND,linton,Diocese of Bismarck,ND
ND,lisbon,Diocese of Fargo,ND
ND,maddock,Diocese of Fargo,ND
ND,mandan,Diocese of Bismarck,ND
ND,mandaree,Diocese of Bismarck,ND
ND,manvel,Diocese of Fargo,ND
ND,mapleton,Diocese of Fargo,ND
ND,max,Diocese of Bismarck,ND
ND,mayville,Diocese of Fargo,ND
ND,mcclusky,Diocese of Fargo,ND
ND,mcville,Diocese of Fargo,ND
ND,medina,Diocese of Fargo,ND
ND,michigan,Diocese of Fargo,ND
ND,milnor,Diocese of Fargo,ND
ND,minot,Diocese of Bismarck,ND
ND,minot air force base,Diocese of Bismarck,ND
ND,minto,Diocese of Fargo,ND
ND,mohall,Diocese of Bismarck,ND
ND,mott,Diocese of Bismarck,ND
ND,napoleon,Diocese of Fargo,ND
ND,neche,Diocese of Fargo,ND
ND,new england,Diocese of Bismarck,ND
ND,new rockford,Diocese of Fargo,ND
ND,new salem,Diocese of Bismarck,ND
ND,new town,Diocese of Bismarck,ND
ND,northwood,Diocese of Fargo,ND
ND,oakes,Diocese of Fargo,ND
ND,oxbow,Diocese of Fargo,ND
ND,park river,Diocese of Fargo,ND
ND,parshall,Diocese of Bismarck,ND
ND,pembina,Diocese of Fargo,ND
ND,portland,Diocese of Fargo,ND
ND,powers lake,Diocese of Bismarck,ND
ND,ray,Diocese of Bismarck,ND
ND,reiles acres,Diocese of Fargo,ND
ND,reynolds,Diocese of Fargo,ND
ND,richardton,Diocese of Bismarck,ND
ND,rolette,Diocese of Fargo,ND
ND,rolla,Diocese of Fargo,ND
ND,rugby,Diocese of Fargo,ND
ND,sawyer,Diocese of Bismarck,ND
ND,shell valley,Diocese of Fargo,ND
ND,south heart,Diocese of Bismarck,ND
ND,st john,Diocese of Fargo,ND
ND,st thomas,Diocese of Fargo,ND
ND,stanley,Diocese of Bismarck,ND
ND,stanton,Diocese of Bismarck,ND
ND,steele,Diocese of Fargo,ND
ND,strasburg,Diocese of Bismarck,ND
ND,surrey,Diocese of Bismarck,ND
ND,thompson,Diocese of Fargo,ND
ND,tioga,Diocese of Bismarck,ND
ND,towner,Diocese of Fargo,ND
ND,turtle lake,Diocese of Bismarck,ND
ND,underwood,Diocese of Bismarck,ND
ND,valley city,Diocese of Fargo,ND
ND,velva,Diocese of Fargo,ND
ND,wahpeton,Diocese of Fargo,ND
ND,walhalla,Diocese of Fargo,ND
ND,washburn,Diocese of Bismarck,ND
ND,watford city,Diocese of Bismarck,ND
ND,west fargo,Diocese of Fargo,ND
ND,white shield,Diocese of Bismarck,ND
ND,williston,Diocese of Bismarck,ND
ND,wilton,Diocese of Bismarck,ND
ND,wishek,Diocese of Fargo,ND
ND,wyndmere,Diocese of Fargo,ND
NE,adams,Diocese of Lincoln,NE
NE,ainsworth,Diocese of Grand Island,NE
NE,albion,Archdiocese of Omaha,NE
NE,allen,Archdiocese of Omaha,NE
NE,alliance,Diocese of Grand Island,NE
NE,alma,Diocese of Lincoln,NE
NE,ansley,Diocese of Grand Island,NE
NE,arapahoe,Diocese of Lincoln,NE
NE,arcadia,Diocese of Grand Island,NE
NE,arlington,Archdiocese of Omaha,NE
NE,arnold,Diocese of Grand Island,NE
NE,ashland,Diocese of Lincoln,NE
NE,atkinson,Archdiocese of Omaha,NE
NE,auburn,Diocese of Lincoln,NE
NE,aurora,Diocese of Lincoln,NE
NE,axtell,Diocese of Lincoln,NE
NE,bancroft,Archdiocese of Omaha,NE
NE,bassett,Diocese of Grand Island,NE
NE,battle creek,Archdiocese of Omaha,NE
NE,bayard,Diocese of Grand Island,NE
NE,beatrice,Diocese of Lincoln,NE
NE,beaver city,Diocese of Lincoln,NE
NE,beaver crossing,Diocese of Lincoln,NE
NE,beemer,Archdiocese of Omaha,NE
NE,bellevue,Archdiocese of Omaha,NE
NE,bellwood,Diocese of Lincoln,NE
NE,benkelman,Diocese of Lincoln,NE
NE,bennet,Diocese of Lincoln,NE
NE,bennington,Archdiocese of Omaha,NE
NE,bertrand,Diocese of Lincoln,NE
NE,blair,Archdiocese of Omaha,NE
NE,bloomfield,Archdiocese of Omaha,NE
NE,blue hill,Diocese of Lincoln,NE
NE,blue springs,Diocese of Lincoln,NE
NE,boys town,Archdiocese of Omaha,NE
NE,brainard,Diocese of Lincoln,NE
NE,bridgeport,Diocese of Grand Island,NE
NE,broken bow,Diocese of Grand Island,NE
NE,burwell,Diocese of Grand Island,NE
NE,butte,Archdiocese of Omaha,NE
NE,callaway,Diocese of Grand Island,NE
NE,cambridge,Diocese of Lincoln,NE
NE,campbell,Diocese of Lincoln,NE
NE,cedar bluffs,Diocese of Lincoln,NE
NE,cedar creek,Diocese of Lincoln,NE
NE,cedar rapids,Archdiocese of Omaha,NE
NE,central city,Archdiocese of Omaha,NE
NE,ceresco,Diocese of Lincoln,NE
NE,chadron,Diocese of Grand Island,NE
NE,chalco,Archdiocese of Omaha,NE
NE,clarks,Archdiocese of Omaha,NE
NE,clarkson,Archdiocese of Omaha,NE
NE,clay center,Diocese of Lincoln,NE
NE,clearwater,Archdiocese of Omaha,NE
NE,coleridge,Archdiocese of Omaha,NE
NE,columbus,Archdiocese of Omaha,NE
NE,cook,Diocese of Lincoln,NE
NE,cortland,Diocese of Lincoln,NE
NE,crawford,Diocese of Grand Island,NE
NE,creighton,Archdiocese of Omaha,NE
NE,crete,Diocese of Lincoln,NE
NE,crofton,Archdiocese of Omaha,NE
NE,culbertson,Diocese of Lincoln,NE
NE,curtis,Diocese of Lincoln,NE
NE,dakota city,Archdiocese of Omaha,NE
NE,dalton,Diocese of Grand Island,NE
NE,dannebrog,Diocese of Grand Island,NE
NE,david city,Diocese of Lincoln,NE
NE,de witt,Diocese of Lincoln,NE
NE,decatur,Archdiocese of Omaha,NE
NE,deshler,Diocese of Lincoln,NE
NE,dodge,Archdiocese of Omaha,NE
NE,dorchester,Diocese of Lincoln,NE
NE,duncan,Archdiocese of Omaha,NE
NE,eagle,Diocese of Lincoln,NE
NE,edgar,Diocese of Lincoln,NE
NE,elgin,Archdiocese of Omaha,NE
NE,elkhorn,Archdiocese of Omaha,NE
NE,elm creek,Diocese of Grand Island,NE
NE,elmwood,Diocese of Lincoln,NE
NE,elwood,Diocese of Lincoln,NE
NE,emerson,Archdiocese of Omaha,NE
NE,eustis,Diocese of Lincoln,NE
NE,ewing,Archdiocese of Omaha,NE
NE,exeter,Diocese of Lincoln,NE
NE,fairbury,Diocese of Lincoln,NE
NE,fairfield,Diocese of Lincoln,NE
NE,fairmont,Diocese of Lincoln,NE
NE,falls city,Diocese of Lincoln,NE
NE,firth,Diocese of Lincoln,NE
NE,fort calhoun,Archdiocese of Omaha,NE
NE,franklin,Diocese of Lincoln,NE
NE,fremont,Archdiocese of Omaha,NE
NE,friend,Diocese of Lincoln,NE
NE,fullerton,Archdiocese of Omaha,NE
NE,geneva,Diocese of Lincoln,NE
NE,genoa,Archdiocese of Omaha,NE
NE,gering,Diocese of Grand Island,NE
NE,gibbon,Diocese of Grand Island,NE
NE,giltner,Diocese of Lincoln,NE
NE,gordon,Diocese of Grand Island,NE
NE,grant,Diocese of Lincoln,NE
NE,greeley,Diocese of Grand Island,NE
NE,greenwood,Diocese of Lincoln,NE
NE,gretna,Archdiocese of Omaha,NE
NE,hadar,Archdiocese of Omaha,NE
NE,hampton,Diocese of Lincoln,NE
NE,hartington,Archdiocese of Omaha,NE
NE,harvard,Diocese of Lincoln,NE
NE,hastings,Diocese of Lincoln,NE
NE,hay springs,Diocese of Grand Island,NE
NE,hebron,Diocese of Lincoln,NE
NE,hemingford,Diocese of Grand Island,NE
NE,henderson,Diocese of Lincoln,NE
NE,hickman,Diocese of Lincoln,NE
NE,hildreth,Diocese of Lincoln,NE
NE,hillsborough,Archdiocese of Omaha,NE
NE,holdrege,Diocese of Lincoln,NE
NE,homer,Archdiocese of Omaha,NE
NE,hooper,Archdiocese of Omaha,NE
NE,howells,Archdiocese of Omaha,NE
NE,humboldt,Diocese of Lincoln,NE
NE,humphrey,Archdiocese of Omaha,NE
NE,imperial,Diocese of Lincoln,NE
NE,indianola,Diocese of Lincoln,NE
NE,inglewood,Archdiocese of Omaha,NE
NE,johnson,Diocese of Lincoln,NE
NE,juniata,Diocese of Lincoln,NE
NE,kearney,Diocese of Grand Island,NE
NE,kenesaw,Diocese of Lincoln,NE
NE,kennard,Archdiocese of Omaha,NE
NE,kimball,Diocese of Grand Island,NE
NE,la vista,Archdiocese of Omaha,NE
NE,laurel,Archdiocese of Omaha,NE
NE,leigh,Archdiocese of Omaha,NE
NE,lincoln,Diocese of Lincoln,NE
NE,lodgepole,Diocese of Grand Island,NE
NE,loomis,Diocese of Lincoln,NE
NE,louisville,Diocese of Lincoln,NE
NE,loup city,Diocese of Grand Island,NE
NE,lyman,Diocese of Grand Island,NE
NE,lyons,Archdiocese of Omaha,NE
NE,macy,Archdiocese of Omaha,NE
NE,madison,Archdiocese of Omaha,NE
NE,malcolm,Diocese of Lincoln,NE
NE,mccook,Diocese of Lincoln,NE
NE,mccool junction,Diocese of Lincoln,NE
NE,mead,Diocese of Lincoln,NE
NE,meadow grove,Archdiocese of Omaha,NE
NE,merna,Diocese of Grand Island,NE
NE,milford,Diocese of Lincoln,NE
NE,minatare,Diocese of Grand Island,NE
NE,minden,Diocese of Lincoln,NE
NE,mitchell,Diocese of Grand Island,NE
NE,morrill,Diocese of Grand Island,NE
NE,mullen,Diocese of Grand Island,NE
NE,murray,Diocese of Lincoln,NE
NE,nebraska city,Diocese of Lincoln,NE
NE,neligh,Archdiocese of Omaha,NE
NE,nelson,Diocese of Lincoln,NE
NE,newcastle,Archdiocese of Omaha,NE
NE,newman grove,Archdiocese of Omaha,NE
NE,nickerson,Archdiocese of Omaha,NE
NE,niobrara,Archdiocese of Omaha,NE
NE,norfolk,Archdiocese of Omaha,NE
NE,north bend,Archdiocese of Omaha,NE
NE,oakland,Archdiocese of Omaha,NE
NE,odell,Diocese of Lincoln,NE
NE,offutt air force base,Archdiocese of Omaha,NE
NE,omaha,Archdiocese of Omaha,NE
NE,oneill,Archdiocese of Omaha,NE
NE,orchard,Archdiocese of Omaha,NE
NE,ord,Diocese of Grand Island,NE
NE,orleans,Diocese of Lincoln,NE
NE,osceola,Diocese of Lincoln,NE
NE,oshkosh,Diocese of Grand Island,NE
NE,osmond,Archdiocese of Omaha,NE
NE,oxford,Diocese of Lincoln,NE
NE,palisade,Diocese of Lincoln,NE
NE,palmer,Archdiocese of Omaha,NE
NE,palmyra,Diocese of Lincoln,NE
NE,papillion,Archdiocese of Omaha,NE
NE,pawnee city,Diocese of Lincoln,NE
NE,pender,Archdiocese of Omaha,NE
NE,peru,Diocese of Lincoln,NE
NE,petersburg,Archdiocese of Omaha,NE
NE,pierce,Archdiocese of Omaha,NE
NE,pilger,Archdiocese of Omaha,NE
NE,plainview,Archdiocese of Omaha,NE
NE,platte center,Archdiocese of Omaha,NE
NE,plattsmouth,Diocese of Lincoln,NE
NE,pleasanton,Diocese of Grand Island,NE
NE,plymouth,Diocese of Lincoln,NE
NE,polk,Diocese of Lincoln,NE
NE,ponca,Archdiocese of Omaha,NE
NE,potter,Diocese of Grand Island,NE
NE,ralston,Archdiocese of Omaha,NE
NE,randolph,Archdiocese of Omaha,NE
NE,ravenna,Diocese of Grand Island,NE
NE,red cloud,Diocese of Lincoln,NE
NE,rising city,Diocese of Lincoln,NE
NE,rushville,Diocese of Grand Island,NE
NE,santee,Archdiocese of Omaha,NE
NE,sargent,Diocese of Grand Island,NE
NE,schuyler,Archdiocese of Omaha,NE
NE,scottsbluff,Diocese of Grand Island,NE
NE,scribner,Archdiocese of Omaha,NE
NE,seward,Diocese of Lincoln,NE
NE,shelby,Diocese of Lincoln,NE
NE,shelton,Diocese of Grand Island,NE
NE,shickley,Diocese of Lincoln,NE
NE,sidney,Diocese of Grand Island,NE
NE,silver creek,Archdiocese of Omaha,NE
NE,south sioux city,Archdiocese of Omaha,NE
NE,spalding,Diocese of Grand Island,NE
NE,spencer,Archdiocese of Omaha,NE
NE,springfield,Archdiocese of Omaha,NE
NE,st edward,Archdiocese of Omaha,NE
NE,st paul,Diocese of Grand Island,NE
NE,stanton,Archdiocese of Omaha,NE
NE,stapleton,Diocese of Grand Island,NE
NE,sterling,Diocese of Lincoln,NE
NE,stratton,Diocese of Lincoln,NE
NE,stromsburg,Diocese of Lincoln,NE
NE,stuart,Archdiocese of Omaha,NE
NE,superior,Diocese of Lincoln,NE
NE,sutton,Diocese of Lincoln,NE
NE,syracuse,Diocese of Lincoln,NE
NE,tecumseh,Diocese of Lincoln,NE
NE,tekamah,Archdiocese of Omaha,NE
NE,terrytown,Diocese of Grand Island,NE
NE,tilden,Archdiocese of Omaha,NE
NE,trenton,Diocese of Lincoln,NE
NE,unadilla,Diocese of Lincoln,NE
NE,utica,Diocese of Lincoln,NE
NE,valentine,Diocese of Grand Island,NE
NE,valley,Archdiocese of Omaha,NE
NE,valparaiso,Diocese of Lincoln,NE
NE,verdigre,Archdiocese of Omaha,NE
NE,wahoo,Diocese of Lincoln,NE
NE,wakefield,Archdiocese of Omaha,NE
NE,walthill,Archdiocese of Omaha,NE
NE,walton,Diocese of Lincoln,NE
NE,waterloo,Archdiocese of Omaha,NE
NE,wauneta,Diocese of Lincoln,NE
NE,wausa,Archdiocese of Omaha,NE
NE,waverly,Diocese of Lincoln,NE
NE,wayne,Archdiocese of Omaha,NE
NE,weeping water,Diocese of Lincoln,NE
NE,west point,Archdiocese of Omaha,NE
NE,weston,Diocese of Lincoln,NE
NE,wilber,Diocese of Lincoln,NE
NE,wilcox,Diocese of Lincoln,NE
NE,winnebago,Archdiocese of Omaha,NE
NE,winside,Archdiocese of Omaha,NE
NE,wisner,Archdiocese of Omaha,NE
NE,wymore,Diocese of Lincoln,NE
NE,york,Diocese of Lincoln,NE
NE,yutan,Diocese of Lincoln,NE
NH,acworth,Diocese of Manchester,NH
NH,albany,Diocese of Manchester,NH
NH,alexandria,Diocese of Manchester,NH
NH,alstead,Diocese of Manchester,NH
NH,alton,Diocese of Manchester,NH
NH,amherst,Diocese of Manchester,NH
NH,andover,Diocese of Manchester,NH
NH,antrim,Diocese of Manchester,NH
NH,ashland,Diocese of Manchester,NH
NH,atkinson,Diocese of Manchester,NH
NH,auburn,Diocese of Manchester,NH
NH,barnstead,Diocese of Manchester,NH
NH,barrington,Diocese of Manchester,NH
NH,bartlett,Diocese of Manchester,NH
NH,bath,Diocese of Manchester,NH
NH,bedford,Diocese of Manchester,NH
NH,belmont,Diocese of Manchester,NH
NH,bennington,Diocese of Manchester,NH
NH,benton,Diocese of Manchester,NH
NH,berlin,Diocese of Manchester,NH
NH,bethlehem,Diocese of Manchester,NH
NH,boscawen,Diocese of Manchester,NH
NH,bow bog,Diocese of Manchester,NH
NH,bradford,Diocese of Manchester,NH
NH,brentwood,Diocese of Manchester,NH
NH,bridgewater,Diocese of Manchester,NH
NH,bristol,Diocese of Manchester,NH
NH,brookfield,Diocese of Manchester,NH
NH,brookline,Diocese of Manchester,NH
NH,canaan,Diocese of Manchester,NH
NH,candia,Diocese of Manchester,NH
NH,canterbury,Diocese of Manchester,NH
NH,carroll,Diocese of Manchester,NH
NH,center harbor,Diocese of Manchester,NH
NH,center ossipee,Diocese of Manchester,NH
NH,charlestown,Diocese of Manchester,NH
NH,chester,Diocese of Manchester,NH
NH,chesterfield,Diocese of Manchester,NH
NH,chichester,Diocese of Manchester,NH
NH,claremont,Diocese of Manchester,NH
NH,colebrook,Diocese of Manchester,NH
NH,columbia,Diocese of Manchester,NH
NH,concord,Diocese of Manchester,NH
NH,contoocook,Diocese of Manchester,NH
NH,conway,Diocese of Manchester,NH
NH,croydon,Diocese of Manchester,NH
NH,dalton,Diocese of Manchester,NH
NH,danbury,Diocese of Manchester,NH
NH,danville,Diocese of Manchester,NH
NH,deerfield,Diocese of Manchester,NH
NH,deering,Diocese of Manchester,NH
NH,derry,Diocese of Manchester,NH
NH,derry village,Diocese of Manchester,NH
NH,dorchester,Diocese of Manchester,NH
NH,dover,Diocese of Manchester,NH
NH,dublin,Diocese of Manchester,NH
NH,dummer,Diocese of Manchester,NH
NH,durham,Diocese of Manchester,NH
NH,east concord,Diocese of Manchester,NH
NH,east kingston,Diocese of Manchester,NH
NH,east merrimack,Diocese of Manchester,NH
NH,effingham,Diocese of Manchester,NH
NH,enfield,Diocese of Manchester,NH
NH,epping,Diocese of Manchester,NH
NH,epsom,Diocese of Manchester,NH
NH,errol,Diocese of Manchester,NH
NH,exeter,Diocese of Manchester,NH
NH,farmington,Diocese of Manchester,NH
NH,fitzwilliam,Diocese of Manchester,NH
NH,francestown,Diocese of Manchester,NH
NH,franconia,Diocese of Manchester,NH
NH,franklin,Diocese of Manchester,NH
NH,freedom,Diocese of Manchester,NH
NH,fremont,Diocese of Manchester,NH
NH,gilford,Diocese of Manchester,NH
NH,gilmanton,Diocese of Manchester,NH
NH,gilsum,Diocese of Manchester,NH
NH,goffstown,Diocese of Manchester,NH
NH,gorham,Diocese of Manchester,NH
NH,goshen,Diocese of Manchester,NH
NH,grafton,Diocese of Manchester,NH
NH,grantham,Diocese of Manchester,NH
NH,greenfield,Diocese of Manchester,NH
NH,greenland,Diocese of Manchester,NH
NH,greenville,Diocese of Manchester,NH
NH,groton,Diocese of Manchester,NH
NH,groveton,Diocese of Manchester,NH
NH,hampstead,Diocese of Manchester,NH
NH,hampton,Diocese of Manchester,NH
NH,hampton beach,Diocese of Manchester,NH
NH,hampton falls,Diocese of Manchester,NH
NH,hanover,Diocese of Manchester,NH
NH,harrisville,Diocese of Manchester,NH
NH,haverhill,Diocese of Manchester,NH
NH,hebron,Diocese of Manchester,NH
NH,henniker,Diocese of Manchester,NH
NH,hill,Diocese of Manchester,NH
NH,hillsborough,Diocese of Manchester,NH
NH,hinsdale,Diocese of Manchester,NH
NH,holderness,Diocese of Manchester,NH
NH,hollis,Diocese of Manchester,NH
NH,hooksett,Diocese of Manchester,NH
NH,hopkinton,Diocese of Manchester,NH
NH,hudson,Diocese of Manchester,NH
NH,jackson,Diocese of Manchester,NH
NH,jaffrey,Diocese of Manchester,NH
NH,jefferson,Diocese of Manchester,NH
NH,keene,Diocese of Manchester,NH
NH,kensington,Diocese of Manchester,NH
NH,kingston,Diocese of Manchester,NH
NH,laconia,Diocese of Manchester,NH
NH,lancaster,Diocese of Manchester,NH
NH,langdon,Diocese of Manchester,NH
NH,lebanon,Diocese of Manchester,NH
NH,lee,Diocese of Manchester,NH
NH,lempster,Diocese of Manchester,NH
NH,lincoln,Diocese of Manchester,NH
NH,lisbon,Diocese of Manchester,NH
NH,litchfield,Diocese of Manchester,NH
NH,littleton,Diocese of Manchester,NH
NH,londonderry,Diocese of Manchester,NH
NH,loudon,Diocese of Manchester,NH
NH,lyme,Diocese of Manchester,NH
NH,lyndeborough,Diocese of Manchester,NH
NH,madbury,Diocese of Manchester,NH
NH,madison,Diocese of Manchester,NH
NH,manchester,Diocese of Manchester,NH
NH,marlborough,Diocese of Manchester,NH
NH,marlow,Diocese of Manchester,NH
NH,mason,Diocese of Manchester,NH
NH,meredith,Diocese of Manchester,NH
NH,merrimack,Diocese of Manchester,NH
NH,milan,Diocese of Manchester,NH
NH,milford,Diocese of Manchester,NH
NH,milton,Diocese of Manchester,NH
NH,monroe,Diocese of Manchester,NH
NH,mont vernon,Diocese of Manchester,NH
NH,moultonborough,Diocese of Manchester,NH
NH,mountain lakes,Diocese of Manchester,NH
NH,nashua,Diocese of Manchester,NH
NH,nelson,Diocese of Manchester,NH
NH,new boston,Diocese of Manchester,NH
NH,new castle,Diocese of Manchester,NH
NH,new durham,Diocese of Manchester,NH
NH,new hampton,Diocese of Manchester,NH
NH,new ipswich,Diocese of Manchester,NH
NH,new london,Diocese of Manchester,NH
NH,newbury,Diocese of Manchester,NH
NH,newfields,Diocese of Manchester,NH
NH,newington,Diocese of Manchester,NH
NH,newmarket,Diocese of Manchester,NH
NH,newport,Diocese of Manchester,NH
NH,newton,Diocese of Manchester,NH
NH,north conway,Diocese of Manchester,NH
NH,north hampton,Diocese of Manchester,NH
NH,north walpole,Diocese of Manchester,NH
NH,north woodstock,Diocese of Manchester,NH
NH,northfield,Diocese of Manchester,NH
NH,northumberland,Diocese of Manchester,NH
NH,northwood,Diocese of Manchester,NH
NH,nottingham,Diocese of Manchester,NH
NH,orange,Diocese of Manchester,NH
NH,orford,Diocese of Manchester,NH
NH,ossipee,Diocese of Manchester,NH
NH,pelham,Diocese of Manchester,NH
NH,pembroke,Diocese of Manchester,NH
NH,peterborough,Diocese of Manchester,NH
NH,piermont,Diocese of Manchester,NH
NH,pinardville,Diocese of Manchester,NH
NH,pittsburg,Diocese of Manchester,NH
NH,pittsfield,Diocese of Manchester,NH
NH,plaistow,Diocese of Manchester,NH
NH,plymouth,Diocese of Manchester,NH
NH,portsmouth,Diocese of Manchester,NH
NH,randolph,Diocese of Manchester,NH
NH,raymond,Diocese of Manchester,NH
NH,richmond,Diocese of Manchester,NH
NH,rindge,Diocese of Manchester,NH
NH,rochester,Diocese of Manchester,NH
NH,rollinsford,Diocese of Manchester,NH
NH,rumney,Diocese of Manchester,NH
NH,rye,Diocese of Manchester,NH
NH,salem,Diocese of Manchester,NH
NH,salisbury,Diocese of Manchester,NH
NH,sanbornton,Diocese of Manchester,NH
NH,sanbornville,Diocese of Manchester,NH
NH,sandown,Diocese of Manchester,NH
NH,sandwich,Diocese of Manchester,NH
NH,seabrook,Diocese of Manchester,NH
NH,seabrook beach,Diocese of Manchester,NH
NH,sharon,Diocese of Manchester,NH
NH,shelburne,Diocese of Manchester,NH
NH,somersworth,Diocese of Manchester,NH
NH,south hampton,Diocese of Manchester,NH
NH,south hooksett,Diocese of Manchester,NH
NH,springfield,Diocese of Manchester,NH
NH,stark,Diocese of Manchester,NH
NH,stewartstown,Diocese of Manchester,NH
NH,stoddard,Diocese of Manchester,NH
NH,strafford,Diocese of Manchester,NH
NH,stratford,Diocese of Manchester,NH
NH,stratham station,Diocese of Manchester,NH
NH,sugar hill,Diocese of Manchester,NH
NH,sullivan,Diocese of Manchester,NH
NH,sunapee,Diocese of Manchester,NH
NH,suncook,Diocese of Manchester,NH
NH,surry,Diocese of Manchester,NH
NH,sutton,Diocese of Manchester,NH
NH,swanzey,Diocese of Manchester,NH
NH,tamworth,Diocese of Manchester,NH
NH,temple,Diocese of Manchester,NH
NH,thornton,Diocese of Manchester,NH
NH,tilton,Diocese of Manchester,NH
NH,tiltonnorthfield,Diocese of Manchester,NH
NH,troy,Diocese of Manchester,NH
NH,tuftonboro,Diocese of Manchester,NH
NH,unity,Diocese of Manchester,NH
NH,wakefield,Diocese of Manchester,NH
NH,walpole,Diocese of Manchester,NH
NH,warner,Diocese of Manchester,NH
NH,warren,Diocese of Manchester,NH
NH,washington,Diocese of Manchester,NH
NH,waterville valley,Diocese of Manchester,NH
NH,weare,Diocese of Manchester,NH
NH,webster,Diocese of Manchester,NH
NH,wentworth,Diocese of Manchester,NH
NH,west stewartstown,Diocese of Manchester,NH
NH,west swanzey,Diocese of Manchester,NH
NH,westmoreland,Diocese of Manchester,NH
NH,whitefield,Diocese of Manchester,NH
NH,wilmot,Diocese of Manchester,NH
NH,wilton,Diocese of Manchester,NH
NH,winchester,Diocese of Manchester,NH
NH,windham,Diocese of Manchester,NH
NH,wolfeboro,Diocese of Manchester,NH
NH,woodstock,Diocese of Manchester,NH
NH,woodsville,Diocese of Manchester,NH
NJ,absecon,Diocese of Camden,NJ
NJ,allendale,Archdiocese of Newark,NJ
NJ,allenhurst,Diocese of Trenton,NJ
NJ,allentown,Diocese of Trenton,NJ
NJ,allenwood,Diocese of Trenton,NJ
NJ,alloway,Diocese of Camden,NJ
NJ,alpha,Diocese of Metuchen,NJ
NJ,alpine,Archdiocese of Newark,NJ
NJ,anderson,Diocese of Metuchen,NJ
NJ,andover,Diocese of Paterson,NJ
NJ,annandale,Diocese of Metuchen,NJ
NJ,asbury park,Diocese of Trenton,NJ
NJ,ashland,Diocese of Camden,NJ
NJ,atco,Diocese of Camden,NJ
NJ,atlantic city,Diocese of Camden,NJ
NJ,atlantic highlands,Diocese of Trenton,NJ
NJ,audubon,Diocese of Camden,NJ
NJ,audubon park,Diocese of Camden,NJ
NJ,avalon,Diocese of Camden,NJ
NJ,avenel,Diocese of Metuchen,NJ
NJ,avonbythesea,Diocese of Trenton,NJ
NJ,barnegat,Diocese of Trenton,NJ
NJ,barnegat light,Diocese of Trenton,NJ
NJ,barrington,Diocese of Camden,NJ
NJ,basking ridge,Diocese of Metuchen,NJ
NJ,bay head,Diocese of Trenton,NJ
NJ,bayonne,Archdiocese of Newark,NJ
NJ,bayville,Diocese of Trenton,NJ
NJ,beach haven,Diocese of Trenton,NJ
NJ,beach haven west,Diocese of Trenton,NJ
NJ,beachwood,Diocese of Trenton,NJ
NJ,beattystown,Diocese of Metuchen,NJ
NJ,beckett,Diocese of Camden,NJ
NJ,bedminster,Diocese of Metuchen,NJ
NJ,belford,Diocese of Trenton,NJ
NJ,belleplain,Diocese of Camden,NJ
NJ,belleville,Archdiocese of Newark,NJ
NJ,bellmawr,Diocese of Camden,NJ
NJ,belmar,Diocese of Trenton,NJ
NJ,belvidere,Diocese of Metuchen,NJ
NJ,bergenfield,Archdiocese of Newark,NJ
NJ,berkeley heights,Archdiocese of Newark,NJ
NJ,berlin,Diocese of Camden,NJ
NJ,bernardsville,Diocese of Metuchen,NJ
NJ,beverly,Diocese of Trenton,NJ
NJ,blackwells mills,Diocese of Metuchen,NJ
NJ,blackwood,Diocese of Camden,NJ
NJ,blairstown,Diocese of Metuchen,NJ
NJ,bloomfield,Archdiocese of Newark,NJ
NJ,bloomsbury,Diocese of Metuchen,NJ
NJ,bogota,Archdiocese of Newark,NJ
NJ,boonton,Diocese of Paterson,NJ
NJ,bordentown,Diocese of Trenton,NJ
NJ,borough of far hills,Diocese of Metuchen,NJ
NJ,bound brook,Diocese of Metuchen,NJ
NJ,bradley beach,Diocese of Trenton,NJ
NJ,bradley gardens,Diocese of Metuchen,NJ
NJ,branchville,Diocese of Paterson,NJ
NJ,brass castle,Diocese of Metuchen,NJ
NJ,brick,Diocese of Trenton,NJ
NJ,bridgeton,Diocese of Camden,NJ
NJ,bridgewater,Diocese of Metuchen,NJ
NJ,brielle,Diocese of Trenton,NJ
NJ,brigantine,Diocese of Camden,NJ
NJ,brookdale,Archdiocese of Newark,NJ
NJ,brooklawn,Diocese of Camden,NJ
NJ,browns mills,Diocese of Trenton,NJ
NJ,brownville,Diocese of Metuchen,NJ
NJ,budd lake,Diocese of Paterson,NJ
NJ,buena,Diocese of Camden,NJ
NJ,burleigh,Diocese of Camden,NJ
NJ,burlington,Diocese of Trenton,NJ
NJ,butler,Diocese of Paterson,NJ
NJ,caldwell,Archdiocese of Newark,NJ
NJ,califon,Diocese of Metuchen,NJ
NJ,camden,Diocese of Camden,NJ
NJ,cape may,Diocese of Camden,NJ
NJ,cape may court house,Diocese of Camden,NJ
NJ,carlstadt,Archdiocese of Newark,NJ
NJ,carneys point,Diocese of Camden,NJ
NJ,carteret,Diocese of Metuchen,NJ
NJ,cedar glen lakes,Diocese of Trenton,NJ
NJ,cedar glen west,Diocese of Trenton,NJ
NJ,cedar grove,Archdiocese of Newark,NJ
NJ,cedar knolls,Diocese of Paterson,NJ
NJ,cedarville,Diocese of Camden,NJ
NJ,chatham,Diocese of Paterson,NJ
NJ,cherry hill,Diocese of Camden,NJ
NJ,cherry hill mall,Diocese of Camden,NJ
NJ,chesilhurst,Diocese of Camden,NJ
NJ,chester,Diocese of Paterson,NJ
NJ,cinnaminson,Diocese of Trenton,NJ
NJ,clark,Archdiocese of Newark,NJ
NJ,clayton,Diocese of Camden,NJ
NJ,clearbrook park,Diocese of Metuchen,NJ
NJ,clementon,Diocese of Camden,NJ
NJ,cliffside park,Archdiocese of Newark,NJ
NJ,cliffwood beach,Diocese of Trenton,NJ
NJ,clifton,Diocese of Paterson,NJ
NJ,clinton,Diocese of Metuchen,NJ
NJ,closter,Archdiocese of Newark,NJ
NJ,collings lakes,Diocese of Camden,NJ
NJ,collingswood,Diocese of Camden,NJ
NJ,colonia,Diocese of Metuchen,NJ
NJ,colts neck,Diocese of Trenton,NJ
NJ,columbus,Diocese of Trenton,NJ
NJ,concordia,Diocese of Metuchen,NJ
NJ,corbin city,Diocese of Camden,NJ
NJ,country lake estates,Diocese of Trenton,NJ
NJ,cranbury,Diocese of Metuchen,NJ
NJ,crandon lakes,Diocese of Paterson,NJ
NJ,cranford,Archdiocese of Newark,NJ
NJ,cresskill,Archdiocese of Newark,NJ
NJ,crestwood village,Diocese of Trenton,NJ
NJ,dayton,Diocese of Metuchen,NJ
NJ,deal,Diocese of Trenton,NJ
NJ,delanco,Diocese of Trenton,NJ
NJ,demarest,Archdiocese of Newark,NJ
NJ,denville,Diocese of Paterson,NJ
NJ,dover,Diocese of Paterson,NJ
NJ,dover beaches north,Diocese of Trenton,NJ
NJ,dover beaches south,Diocese of Trenton,NJ
NJ,dumont,Archdiocese of Newark,NJ
NJ,dunellen,Diocese of Metuchen,NJ
NJ,east brunswick,Diocese of Metuchen,NJ
NJ,east franklin,Diocese of Metuchen,NJ
NJ,east freehold,Diocese of Trenton,NJ
NJ,east hanover,Diocese of Paterson,NJ
NJ,east millstone,Diocese of Metuchen,NJ
NJ,east newark,Archdiocese of Newark,NJ
NJ,east orange,Archdiocese of Newark,NJ
NJ,east rocky hill,Diocese of Metuchen,NJ
NJ,east rutherford,Archdiocese of Newark,NJ
NJ,eatontown,Diocese of Trenton,NJ
NJ,echelon,Diocese of Camden,NJ
NJ,edgewater,Archdiocese of Newark,NJ
NJ,edgewater park,Diocese of Trenton,NJ
NJ,edison,Diocese of Metuchen,NJ
NJ,egg harbor city,Diocese of Camden,NJ
NJ,elizabeth,Archdiocese of Newark,NJ
NJ,ellisburg,Diocese of Camden,NJ
NJ,elmer,Diocese of Camden,NJ
NJ,elmwood park,Archdiocese of Newark,NJ
NJ,elwood,Diocese of Camden,NJ
NJ,emerson,Archdiocese of Newark,NJ
NJ,englewood,Archdiocese of Newark,NJ
NJ,englewood cliffs,Archdiocese of Newark,NJ
NJ,englishtown,Diocese of Trenton,NJ
NJ,erma,Diocese of Camden,NJ
NJ,essex fells,Archdiocese of Newark,NJ
NJ,estell manor,Diocese of Camden,NJ
NJ,ewing,Diocese of Trenton,NJ
NJ,fair haven,Diocese of Trenton,NJ
NJ,fair lawn,Archdiocese of Newark,NJ
NJ,fairfield,Archdiocese of Newark,NJ
NJ,fairton,Diocese of Camden,NJ
NJ,fanwood,Archdiocese of Newark,NJ
NJ,far hills,Diocese of Metuchen,NJ
NJ,farmingdale,Diocese of Trenton,NJ
NJ,fieldsboro,Diocese of Trenton,NJ
NJ,finderne,Diocese of Metuchen,NJ
NJ,flemington,Diocese of Metuchen,NJ
NJ,florham park,Diocese of Paterson,NJ
NJ,folsom,Diocese of Camden,NJ
NJ,fords,Diocese of Metuchen,NJ
NJ,forked river,Diocese of Trenton,NJ
NJ,fort dix,Diocese of Trenton,NJ
NJ,fort lee,Archdiocese of Newark,NJ
NJ,franklin,Diocese of Paterson,NJ
NJ,franklin center,Diocese of Metuchen,NJ
NJ,franklin lakes,Archdiocese of Newark,NJ
NJ,franklin park,Diocese of Metuchen,NJ
NJ,freehold,Diocese of Trenton,NJ
NJ,frenchtown,Diocese of Metuchen,NJ
NJ,garfield,Archdiocese of Newark,NJ
NJ,garwood,Archdiocese of Newark,NJ
NJ,gibbsboro,Diocese of Camden,NJ
NJ,gibbstown,Diocese of Camden,NJ
NJ,gladstone,Diocese of Metuchen,NJ
NJ,glassboro,Diocese of Camden,NJ
NJ,glen gardner,Diocese of Metuchen,NJ
NJ,glen ridge,Archdiocese of Newark,NJ
NJ,glen rock,Archdiocese of Newark,NJ
NJ,glendora,Diocese of Camden,NJ
NJ,gloucester city,Diocese of Camden,NJ
NJ,golden triangle,Diocese of Camden,NJ
NJ,great meadows,Diocese of Metuchen,NJ
NJ,green knoll,Diocese of Metuchen,NJ
NJ,greentree,Diocese of Camden,NJ
NJ,griggstown,Diocese of Metuchen,NJ
NJ,groveville,Diocese of Trenton,NJ
NJ,guttenberg,Archdiocese of Newark,NJ
NJ,hackensack,Archdiocese of Newark,NJ
NJ,hackettstown,Diocese of Metuchen,NJ
NJ,haddon heights,Diocese of Camden,NJ
NJ,haddonfield,Diocese of Camden,NJ
NJ,haledon,Diocese of Paterson,NJ
NJ,hamburg,Diocese of Paterson,NJ
NJ,hamilton square,Diocese of Trenton,NJ
NJ,hammonton,Diocese of Camden,NJ
NJ,hampton,Diocese of Metuchen,NJ
NJ,hanover,Diocese of Paterson,NJ
NJ,hardwick,Diocese of Metuchen,NJ
NJ,harmony,Diocese of Metuchen,NJ
NJ,harrington park,Archdiocese of Newark,NJ
NJ,harrison,Archdiocese of Newark,NJ
NJ,harvey cedars,Diocese of Trenton,NJ
NJ,hasbrouck heights,Archdiocese of Newark,NJ
NJ,haskell,Diocese of Paterson,NJ
NJ,haworth,Archdiocese of Newark,NJ
NJ,hawthorne,Diocese of Paterson,NJ
NJ,heathcote,Diocese of Metuchen,NJ
NJ,helmetta,Diocese of Metuchen,NJ
NJ,high bridge,Diocese of Metuchen,NJ
NJ,highland lake,Diocese of Paterson,NJ
NJ,highland park,Diocese of Metuchen,NJ
NJ,highlands,Diocese of Trenton,NJ
NJ,hightstown,Diocese of Trenton,NJ
NJ,hillsborough,Diocese of Metuchen,NJ
NJ,hillsdale,Archdiocese of Newark,NJ
NJ,hillside,Archdiocese of Newark,NJ
NJ,hinella,Diocese of Camden,NJ
NJ,hoboken,Archdiocese of Newark,NJ
NJ,hohokus,Archdiocese of Newark,NJ
NJ,holiday city south,Diocese of Trenton,NJ
NJ,holiday cityberkeley,Diocese of Trenton,NJ
NJ,holiday heights,Diocese of Trenton,NJ
NJ,hopatcong,Diocese of Paterson,NJ
NJ,hopatcong hills,Diocese of Paterson,NJ
NJ,hopewell,Diocese of Trenton,NJ
NJ,interlaken,Diocese of Trenton,NJ
NJ,irvington,Archdiocese of Newark,NJ
NJ,iselin,Diocese of Metuchen,NJ
NJ,island heights,Diocese of Trenton,NJ
NJ,jackson,Diocese of Camden,NJ
NJ,jamesburg,Diocese of Metuchen,NJ
NJ,jersey city,Archdiocese of Newark,NJ
NJ,juliustown,Diocese of Trenton,NJ
NJ,keansburg,Diocese of Trenton,NJ
NJ,kearny,Archdiocese of Newark,NJ
NJ,kendall park,Diocese of Metuchen,NJ
NJ,kenilworth,Archdiocese of Newark,NJ
NJ,kenvil,Diocese of Paterson,NJ
NJ,keyport,Diocese of Trenton,NJ
NJ,kingston,Diocese of Metuchen,NJ
NJ,kingston estates,Diocese of Camden,NJ
NJ,kinnelon,Diocese of Paterson,NJ
NJ,lake como,Diocese of Trenton,NJ
NJ,lake hiawatha,Diocese of Paterson,NJ
NJ,lake hopatcong,Diocese of Paterson,NJ
NJ,lake mohawk,Diocese of Paterson,NJ
NJ,lake telemark,Diocese of Paterson,NJ
NJ,lakehurst,Diocese of Trenton,NJ
NJ,lakewood,Diocese of Trenton,NJ
NJ,lambertville,Diocese of Metuchen,NJ
NJ,landing,Diocese of Paterson,NJ
NJ,laurel lake,Diocese of Camden,NJ
NJ,laurel springs,Diocese of Camden,NJ
NJ,laurence harbor,Diocese of Metuchen,NJ
NJ,lavallette,Diocese of Trenton,NJ
NJ,lawnside,Diocese of Camden,NJ
NJ,lawrenceville,Diocese of Trenton,NJ
NJ,lebanon,Diocese of Metuchen,NJ
NJ,leisure knoll,Diocese of Trenton,NJ
NJ,leisure village,Diocese of Trenton,NJ
NJ,leisure village east,Diocese of Trenton,NJ
NJ,leisure village westpine lake park,Diocese of Trenton,NJ
NJ,leisuretowne,Diocese of Trenton,NJ
NJ,leonardo,Diocese of Trenton,NJ
NJ,leonia,Archdiocese of Newark,NJ
NJ,lincoln park,Diocese of Paterson,NJ
NJ,lincroft,Diocese of Trenton,NJ
NJ,linden,Archdiocese of Newark,NJ
NJ,lindenwold,Diocese of Camden,NJ
NJ,linwood,Diocese of Camden,NJ
NJ,little falls,Diocese of Paterson,NJ
NJ,little ferry,Archdiocese of Newark,NJ
NJ,little silver,Diocese of Trenton,NJ
NJ,livingston,Archdiocese of Newark,NJ
NJ,lodi,Archdiocese of Newark,NJ
NJ,long branch,Diocese of Trenton,NJ
NJ,long valley,Diocese of Paterson,NJ
NJ,longport,Diocese of Camden,NJ
NJ,lopatcong overlook,Diocese of Metuchen,NJ
NJ,lumberton,Diocese of Trenton,NJ
NJ,lyndhurst,Archdiocese of Newark,NJ
NJ,madison,Diocese of Paterson,NJ
NJ,madison park,Diocese of Metuchen,NJ
NJ,mahwah,Archdiocese of Newark,NJ
NJ,manahawkin,Diocese of Trenton,NJ
NJ,manasquan,Diocese of Trenton,NJ
NJ,manville,Diocese of Metuchen,NJ
NJ,maple shade,Diocese of Trenton,NJ
NJ,maplewood,Archdiocese of Newark,NJ
NJ,margate city,Diocese of Camden,NJ
NJ,marlboro,Diocese of Trenton,NJ
NJ,marlton,Diocese of Trenton,NJ
NJ,martinsville,Diocese of Metuchen,NJ
NJ,matawan,Diocese of Trenton,NJ
NJ,mays landing,Diocese of Camden,NJ
NJ,maywood,Archdiocese of Newark,NJ
NJ,mcguire afb,Diocese of Trenton,NJ
NJ,medford lakes,Diocese of Trenton,NJ
NJ,mendham,Diocese of Paterson,NJ
NJ,mercerville,Diocese of Trenton,NJ
NJ,mercervillehamilton square,Diocese of Trenton,NJ
NJ,merchantville,Diocese of Camden,NJ
NJ,metuchen,Diocese of Metuchen,NJ
NJ,middlebush,Diocese of Metuchen,NJ
NJ,middlesex,Diocese of Metuchen,NJ
NJ,middletown,Diocese of Trenton,NJ
NJ,midland park,Archdiocese of Newark,NJ
NJ,milford,Diocese of Metuchen,NJ
NJ,millburn,Archdiocese of Newark,NJ
NJ,millstone,Diocese of Metuchen,NJ
NJ,milltown,Diocese of Metuchen,NJ
NJ,millville,Diocese of Camden,NJ
NJ,monmouth beach,Diocese of Trenton,NJ
NJ,monmouth junction,Diocese of Metuchen,NJ
NJ,montclair,Archdiocese of Newark,NJ
NJ,montvale,Archdiocese of Newark,NJ
NJ,moonachie,Archdiocese of Newark,NJ
NJ,moorestownlenola,Diocese of Trenton,NJ
NJ,morganville,Diocese of Trenton,NJ
NJ,morris plains,Diocese of Paterson,NJ
NJ,morristown,Diocese of Paterson,NJ
NJ,mount arlington,Diocese of Paterson,NJ
NJ,mount ephraim,Diocese of Camden,NJ
NJ,mount holly,Diocese of Trenton,NJ
NJ,mount laurel,Diocese of Trenton,NJ
NJ,mountain lakes,Diocese of Paterson,NJ
NJ,mountainside,Archdiocese of Newark,NJ
NJ,mullica hill,Diocese of Camden,NJ
NJ,mystic island,Diocese of Trenton,NJ
NJ,national park,Diocese of Camden,NJ
NJ,navesink,Diocese of Trenton,NJ
NJ,neptune city,Diocese of Trenton,NJ
NJ,netcong,Diocese of Paterson,NJ
NJ,new brunswick,Diocese of Metuchen,NJ
NJ,new egypt,Diocese of Trenton,NJ
NJ,new milford,Archdiocese of Newark,NJ
NJ,new providence,Archdiocese of Newark,NJ
NJ,new village,Diocese of Metuchen,NJ
NJ,newark,Archdiocese of Newark,NJ
NJ,newfield,Diocese of Camden,NJ
NJ,newton,Diocese of Paterson,NJ
NJ,north arlington,Archdiocese of Newark,NJ
NJ,north beach haven,Diocese of Trenton,NJ
NJ,north bergen,Archdiocese of Newark,NJ
NJ,north brunswick,Diocese of Metuchen,NJ
NJ,north caldwell,Archdiocese of Newark,NJ
NJ,north cape may,Diocese of Camden,NJ
NJ,north haledon,Diocese of Paterson,NJ
NJ,north middletown,Diocese of Trenton,NJ
NJ,north plainfield,Diocese of Metuchen,NJ
NJ,north wildwood,Diocese of Camden,NJ
NJ,northvale,Archdiocese of Newark,NJ
NJ,norwood,Archdiocese of Newark,NJ
NJ,nutley,Archdiocese of Newark,NJ
NJ,oak valley,Diocese of Camden,NJ
NJ,oakhurst,Diocese of Trenton,NJ
NJ,oakland,Archdiocese of Newark,NJ
NJ,oaklyn,Diocese of Camden,NJ
NJ,ocean acres,Diocese of Trenton,NJ
NJ,ocean city,Diocese of Camden,NJ
NJ,ocean gate,Diocese of Trenton,NJ
NJ,ocean grove,Diocese of Trenton,NJ
NJ,oceanport,Diocese of Trenton,NJ
NJ,ogdensburg,Diocese of Paterson,NJ
NJ,old bridge,Diocese of Metuchen,NJ
NJ,old tappan,Archdiocese of Newark,NJ
NJ,olivet,Diocese of Camden,NJ
NJ,oradell,Archdiocese of Newark,NJ
NJ,orange,Archdiocese of Newark,NJ
NJ,oxford,Diocese of Metuchen,NJ
NJ,palisades park,Archdiocese of Newark,NJ
NJ,palmyra,Diocese of Trenton,NJ
NJ,paramus,Archdiocese of Newark,NJ
NJ,park ridge,Archdiocese of Newark,NJ
NJ,parsippany,Diocese of Paterson,NJ
NJ,passaic,Diocese of Paterson,NJ
NJ,paterson,Diocese of Paterson,NJ
NJ,paulsboro,Diocese of Camden,NJ
NJ,peapack,Diocese of Metuchen,NJ
NJ,pedricktown,Diocese of Camden,NJ
NJ,pemberton,Diocese of Trenton,NJ
NJ,pemberton heights,Diocese of Trenton,NJ
NJ,pennington,Diocese of Trenton,NJ
NJ,penns grove,Diocese of Camden,NJ
NJ,pennsauken,Diocese of Camden,NJ
NJ,pennsville,Diocese of Camden,NJ
NJ,perth amboy,Diocese of Metuchen,NJ
NJ,phillipsburg,Diocese of Metuchen,NJ
NJ,pine beach,Diocese of Trenton,NJ
NJ,pine hill,Diocese of Camden,NJ
NJ,pine lake park,Diocese of Trenton,NJ
NJ,pine ridge at crestwood,Diocese of Trenton,NJ
NJ,piscataway,Diocese of Metuchen,NJ
NJ,pitman,Diocese of Camden,NJ
NJ,plainfield,Archdiocese of Newark,NJ
NJ,plainsboro center,Diocese of Metuchen,NJ
NJ,pleasant plains,Diocese of Metuchen,NJ
NJ,pleasantville,Diocese of Camden,NJ
NJ,point pleasant,Diocese of Trenton,NJ
NJ,point pleasant beach,Diocese of Trenton,NJ
NJ,pomona,Diocese of Camden,NJ
NJ,pompton lakes,Diocese of Paterson,NJ
NJ,port monmouth,Diocese of Trenton,NJ
NJ,port norris,Diocese of Camden,NJ
NJ,port reading,Diocese of Metuchen,NJ
NJ,port republic,Diocese of Camden,NJ
NJ,presidential lakes estates,Diocese of Trenton,NJ
NJ,princeton,Diocese of Trenton,NJ
NJ,princeton junction,Diocese of Trenton,NJ
NJ,princeton meadows,Diocese of Metuchen,NJ
NJ,quinton,Diocese of Camden,NJ
NJ,rahway,Archdiocese of Newark,NJ
NJ,ramblewood,Diocese of Trenton,NJ
NJ,ramsey,Archdiocese of Newark,NJ
NJ,ramtown,Diocese of Trenton,NJ
NJ,randolph,Diocese of Paterson,NJ
NJ,raritan,Diocese of Metuchen,NJ
NJ,red bank,Diocese of Trenton,NJ
NJ,richwood,Diocese of Camden,NJ
NJ,ridgefield,Archdiocese of Newark,NJ
NJ,ridgefield park,Archdiocese of Newark,NJ
NJ,ridgewood,Archdiocese of Newark,NJ
NJ,ringwood,Diocese of Paterson,NJ
NJ,rio grande,Diocese of Camden,NJ
NJ,river edge,Archdiocese of Newark,NJ
NJ,river vale,Archdiocese of Newark,NJ
NJ,riverdale,Diocese of Paterson,NJ
NJ,riverton,Diocese of Trenton,NJ
NJ,robbinsville,Diocese of Trenton,NJ
NJ,robertsville,Diocese of Trenton,NJ
NJ,rochelle park,Archdiocese of Newark,NJ
NJ,rockaway,Diocese of Paterson,NJ
NJ,rockleigh,Archdiocese of Newark,NJ
NJ,rocky hill,Diocese of Metuchen,NJ
NJ,roebling,Diocese of Trenton,NJ
NJ,roosevelt,Diocese of Trenton,NJ
NJ,roseland,Archdiocese of Newark,NJ
NJ,roselle,Archdiocese of Newark,NJ
NJ,roselle park,Archdiocese of Newark,NJ
NJ,rosenhayn,Diocese of Camden,NJ
NJ,rossmoor,Diocese of Metuchen,NJ
NJ,rumson,Diocese of Trenton,NJ
NJ,runnemede,Diocese of Camden,NJ
NJ,rutherford,Archdiocese of Newark,NJ
NJ,saddle brook,Archdiocese of Newark,NJ
NJ,saddle river,Archdiocese of Newark,NJ
NJ,salem,Diocese of Camden,NJ
NJ,sayreville,Diocese of Metuchen,NJ
NJ,sayreville junction,Diocese of Metuchen,NJ
NJ,scotch plains,Archdiocese of Newark,NJ
NJ,sea bright,Diocese of Trenton,NJ
NJ,sea girt,Diocese of Trenton,NJ
NJ,sea isle city,Diocese of Camden,NJ
NJ,seabrook farms,Diocese of Camden,NJ
NJ,seaside heights,Diocese of Trenton,NJ
NJ,seaside park,Diocese of Trenton,NJ
NJ,secaucus,Archdiocese of Newark,NJ
NJ,sewaren,Diocese of Metuchen,NJ
NJ,sewell,Diocese of Camden,NJ
NJ,shark river hills,Diocese of Trenton,NJ
NJ,ship bottom,Diocese of Trenton,NJ
NJ,short hills,Archdiocese of Newark,NJ
NJ,shrewsbury,Diocese of Trenton,NJ
NJ,sicklerville,Diocese of Camden,NJ
NJ,silver ridge,Diocese of Trenton,NJ
NJ,singac,Diocese of Paterson,NJ
NJ,sixmile run,Diocese of Metuchen,NJ
NJ,smithville,Diocese of Camden,NJ
NJ,society hill,Diocese of Metuchen,NJ
NJ,somerdale,Diocese of Camden,NJ
NJ,somers point,Diocese of Camden,NJ
NJ,somerset,Diocese of Metuchen,NJ
NJ,somerville,Diocese of Metuchen,NJ
NJ,south amboy,Diocese of Metuchen,NJ
NJ,south belmar,Diocese of Trenton,NJ
NJ,south bound brook,Diocese of Metuchen,NJ
NJ,south hackensack,Archdiocese of Newark,NJ
NJ,south old bridge,Diocese of Metuchen,NJ
NJ,south orange,Archdiocese of Newark,NJ
NJ,south plainfield,Diocese of Metuchen,NJ
NJ,south river,Diocese of Metuchen,NJ
NJ,south toms river,Diocese of Trenton,NJ
NJ,south vineland,Diocese of Camden,NJ
NJ,sparta,Diocese of Paterson,NJ
NJ,spotswood,Diocese of Metuchen,NJ
NJ,spring lake,Diocese of Trenton,NJ
NJ,spring lake heights,Diocese of Trenton,NJ
NJ,springdale,Diocese of Camden,NJ
NJ,springfield,Archdiocese of Newark,NJ
NJ,stanhope,Diocese of Paterson,NJ
NJ,stewartsville,Diocese of Metuchen,NJ
NJ,stockton,Diocese of Metuchen,NJ
NJ,stone harbor,Diocese of Camden,NJ
NJ,stratford,Diocese of Camden,NJ
NJ,strathmore,Diocese of Trenton,NJ
NJ,succasunna,Diocese of Paterson,NJ
NJ,summit,Archdiocese of Newark,NJ
NJ,surf city,Diocese of Trenton,NJ
NJ,sussex,Diocese of Paterson,NJ
NJ,swedesboro,Diocese of Camden,NJ
NJ,teaneck,Archdiocese of Newark,NJ
NJ,ten mile run,Diocese of Metuchen,NJ
NJ,tenafly,Archdiocese of Newark,NJ
NJ,tinton falls,Diocese of Trenton,NJ
NJ,toms river,Diocese of Trenton,NJ
NJ,totowa,Diocese of Paterson,NJ
NJ,trenton,Diocese of Trenton,NJ
NJ,tuckerton,Diocese of Trenton,NJ
NJ,turnersville,Diocese of Camden,NJ
NJ,twin rivers,Diocese of Trenton,NJ
NJ,union,Archdiocese of Newark,NJ
NJ,union beach,Diocese of Trenton,NJ
NJ,union city,Archdiocese of Newark,NJ
NJ,upper montclair,Archdiocese of Newark,NJ
NJ,upper pohatcong,Diocese of Metuchen,NJ
NJ,upper saddle river,Archdiocese of Newark,NJ
NJ,ventnor city,Diocese of Camden,NJ
NJ,vernon center,Diocese of Paterson,NJ
NJ,vernon valley,Diocese of Paterson,NJ
NJ,verona,Archdiocese of Newark,NJ
NJ,victory gardens,Diocese of Paterson,NJ
NJ,victory lakes,Diocese of Camden,NJ
NJ,vienna,Diocese of Metuchen,NJ
NJ,villas,Diocese of Camden,NJ
NJ,vincentown,Diocese of Trenton,NJ
NJ,vineland,Diocese of Camden,NJ
NJ,vista center,Diocese of Trenton,NJ
NJ,voorhees,Diocese of Metuchen,NJ
NJ,waldwick,Archdiocese of Newark,NJ
NJ,wallington,Archdiocese of Newark,NJ
NJ,wanamassa,Diocese of Trenton,NJ
NJ,wanaque,Diocese of Paterson,NJ
NJ,waretown,Diocese of Trenton,NJ
NJ,warren township,Diocese of Metuchen,NJ
NJ,washington,Diocese of Metuchen,NJ
NJ,watchung,Diocese of Metuchen,NJ
NJ,wayne,Diocese of Paterson,NJ
NJ,weehawken,Archdiocese of Newark,NJ
NJ,wenonah,Diocese of Camden,NJ
NJ,west belmar,Diocese of Trenton,NJ
NJ,west cape may,Diocese of Camden,NJ
NJ,west freehold,Diocese of Trenton,NJ
NJ,west long branch,Diocese of Trenton,NJ
NJ,west milford,Diocese of Paterson,NJ
NJ,west new york,Archdiocese of Newark,NJ
NJ,west orange,Archdiocese of Newark,NJ
NJ,west wildwood,Diocese of Camden,NJ
NJ,westfield,Archdiocese of Newark,NJ
NJ,weston,Diocese of Metuchen,NJ
NJ,westwood,Archdiocese of Newark,NJ
NJ,wharton,Diocese of Paterson,NJ
NJ,whippany,Diocese of Paterson,NJ
NJ,white horse,Diocese of Trenton,NJ
NJ,white meadow lake,Diocese of Paterson,NJ
NJ,whitehouse station,Diocese of Metuchen,NJ
NJ,whitesboro,Diocese of Camden,NJ
NJ,whitesboroburleigh,Diocese of Camden,NJ
NJ,whittingham,Diocese of Metuchen,NJ
NJ,wildwood,Diocese of Camden,NJ
NJ,wildwood crest,Diocese of Camden,NJ
NJ,williamstown,Diocese of Camden,NJ
NJ,willingboro,Diocese of Trenton,NJ
NJ,winfield,Archdiocese of Newark,NJ
NJ,woodbine,Diocese of Camden,NJ
NJ,woodbridge,Diocese of Metuchen,NJ
NJ,woodbury,Diocese of Camden,NJ
NJ,woodbury heights,Diocese of Camden,NJ
NJ,woodcliff lake,Archdiocese of Newark,NJ
NJ,woodland park,Diocese of Paterson,NJ
NJ,woodlynne,Diocese of Camden,NJ
NJ,woodridge,Archdiocese of Newark,NJ
NJ,woodstown,Diocese of Camden,NJ
NJ,wrightstown,Diocese of Trenton,NJ
NJ,wyckoff,Archdiocese of Newark,NJ
NJ,yardville,Diocese of Trenton,NJ
NJ,yorketown,Diocese of Trenton,NJ
NM,acomita lake,Diocese of Gallup,NM
NM,agua fria,Archdiocese of Santa Fe,NM
NM,alamo,Archdiocese of Santa Fe,NM
NM,alamogordo,Diocese of Las Cruces,NM
NM,angel fire,Archdiocese of Santa Fe,NM
NM,anthony,Diocese of Las Cruces,NM
NM,arenas valley,Diocese of Las Cruces,NM
NM,arroyo hondo,Archdiocese of Santa Fe,NM
NM,arroyo seco,Archdiocese of Santa Fe,NM
NM,artesia,Diocese of Las Cruces,NM
NM,atoka,Diocese of Las Cruces,NM
NM,aztec,Diocese of Gallup,NM
NM,bayard,Diocese of Las Cruces,NM
NM,beclabito,Diocese of Gallup,NM
NM,berino,Diocese of Las Cruces,NM
NM,black rock,Diocese of Gallup,NM
NM,blanco,Diocese of Gallup,NM
NM,bloomfield,Diocese of Gallup,NM
NM,bluewater village,Diocese of Gallup,NM
NM,boles acres,Diocese of Las Cruces,NM
NM,canada de los alamos,Archdiocese of Santa Fe,NM
NM,cannon air force base,Archdiocese of Santa Fe,NM
NM,capitan,Diocese of Las Cruces,NM
NM,carlsbad,Diocese of Las Cruces,NM
NM,carrizozo,Diocese of Las Cruces,NM
NM,cedar grove,Archdiocese of Santa Fe,NM
NM,cedar hill,Diocese of Gallup,NM
NM,chamberino,Diocese of Las Cruces,NM
NM,chamisal,Archdiocese of Santa Fe,NM
NM,chaparral,Diocese of Las Cruces,NM
NM,chupadero,Archdiocese of Santa Fe,NM
NM,church rock,Diocese of Gallup,NM
NM,cimarron,Archdiocese of Santa Fe,NM
NM,clayton,Archdiocese of Santa Fe,NM
NM,cloudcroft,Diocese of Las Cruces,NM
NM,clovis,Archdiocese of Santa Fe,NM
NM,columbus,Diocese of Las Cruces,NM
NM,cotton city,Diocese of Las Cruces,NM
NM,crownpoint,Diocese of Gallup,NM
NM,crystal,Diocese of Gallup,NM
NM,cuartelez,Archdiocese of Santa Fe,NM
NM,cuyamungue,Archdiocese of Santa Fe,NM
NM,deming,Diocese of Las Cruces,NM
NM,dexter,Diocese of Las Cruces,NM
NM,dona ana,Diocese of Las Cruces,NM
NM,east pecos,Archdiocese of Santa Fe,NM
NM,edgewood,Archdiocese of Santa Fe,NM
NM,el rancho,Archdiocese of Santa Fe,NM
NM,el valle de arroyo seco,Archdiocese of Santa Fe,NM
NM,eldorado at santa fe,Archdiocese of Santa Fe,NM
NM,elephant butte,Diocese of Las Cruces,NM
NM,estancia,Archdiocese of Santa Fe,NM
NM,eunice,Diocese of Las Cruces,NM
NM,fairacres,Diocese of Las Cruces,NM
NM,farmington,Diocese of Gallup,NM
NM,flora vista,Diocese of Gallup,NM
NM,fort sumner,Archdiocese of Santa Fe,NM
NM,gallup,Diocese of Gallup,NM
NM,gila,Diocese of Las Cruces,NM
NM,glorieta,Archdiocese of Santa Fe,NM
NM,grants,Diocese of Gallup,NM
NM,hagerman,Diocese of Las Cruces,NM
NM,hatch,Diocese of Las Cruces,NM
NM,high rolls,Diocese of Las Cruces,NM
NM,hobbs,Diocese of Las Cruces,NM
NM,holloman air force base,Diocese of Las Cruces,NM
NM,hurley,Diocese of Las Cruces,NM
NM,indian hills,Archdiocese of Santa Fe,NM
NM,jacona,Archdiocese of Santa Fe,NM
NM,jaconita,Archdiocese of Santa Fe,NM
NM,jal,Diocese of Las Cruces,NM
NM,keeler farm,Diocese of Las Cruces,NM
NM,kirtland,Diocese of Gallup,NM
NM,la cienega,Archdiocese of Santa Fe,NM
NM,la hacienda,Diocese of Las Cruces,NM
NM,la huerta,Diocese of Las Cruces,NM
NM,la luz,Diocese of Las Cruces,NM
NM,la mesa,Diocese of Las Cruces,NM
NM,la plata,Diocese of Gallup,NM
NM,la puebla,Archdiocese of Santa Fe,NM
NM,la union,Diocese of Las Cruces,NM
NM,laguna,Diocese of Gallup,NM
NM,lake arthur,Diocese of Las Cruces,NM
NM,las cruces,Diocese of Las Cruces,NM
NM,las vegas,Archdiocese of Santa Fe,NM
NM,lemitar,Archdiocese of Santa Fe,NM
NM,livingston wheeler,Diocese of Las Cruces,NM
NM,logan,Archdiocese of Santa Fe,NM
NM,lordsburg,Diocese of Las Cruces,NM
NM,los alamos,Archdiocese of Santa Fe,NM
NM,los cerrillos,Archdiocese of Santa Fe,NM
NM,loving,Diocese of Las Cruces,NM
NM,lovington,Diocese of Las Cruces,NM
NM,magdalena,Archdiocese of Santa Fe,NM
NM,mcintosh,Archdiocese of Santa Fe,NM
NM,melrose,Archdiocese of Santa Fe,NM
NM,mescalero,Diocese of Las Cruces,NM
NM,mesilla,Diocese of Las Cruces,NM
NM,mesita,Diocese of Gallup,NM
NM,mesquite,Diocese of Las Cruces,NM
NM,midway,Diocese of Las Cruces,NM
NM,milan,Diocese of Gallup,NM
NM,mimbres,Diocese of Las Cruces,NM
NM,mora,Archdiocese of Santa Fe,NM
NM,moriarty,Archdiocese of Santa Fe,NM
NM,morningside,Diocese of Las Cruces,NM
NM,mountainair,Archdiocese of Santa Fe,NM
NM,nadine,Diocese of Las Cruces,NM
NM,nakaibito,Diocese of Gallup,NM
NM,nambe,Archdiocese of Santa Fe,NM
NM,napi headquarters,Diocese of Gallup,NM
NM,naschitti,Diocese of Gallup,NM
NM,nenahnezad,Diocese of Gallup,NM
NM,newcomb,Diocese of Gallup,NM
NM,north acomita village,Diocese of Gallup,NM
NM,north hurley,Diocese of Las Cruces,NM
NM,north light plant,Diocese of Gallup,NM
NM,ojo amarillo,Diocese of Gallup,NM
NM,organ,Diocese of Las Cruces,NM
NM,paguate,Diocese of Gallup,NM
NM,paraje,Diocese of Gallup,NM
NM,peak place,Archdiocese of Santa Fe,NM
NM,pecos,Archdiocese of Santa Fe,NM
NM,penasco,Archdiocese of Santa Fe,NM
NM,pojoaque,Archdiocese of Santa Fe,NM
NM,portales,Archdiocese of Santa Fe,NM
NM,questa,Archdiocese of Santa Fe,NM
NM,radium springs,Diocese of Las Cruces,NM
NM,ramah,Diocese of Gallup,NM
NM,ranchos de taos,Archdiocese of Santa Fe,NM
NM,raton,Archdiocese of Santa Fe,NM
NM,red river,Archdiocese of Santa Fe,NM
NM,ribera,Archdiocese of Santa Fe,NM
NM,rio lucio,Archdiocese of Santa Fe,NM
NM,rock springs,Diocese of Gallup,NM
NM,rodey,Diocese of Las Cruces,NM
NM,rosedale,Diocese of Las Cruces,NM
NM,roswell,Diocese of Las Cruces,NM
NM,rowe,Archdiocese of Santa Fe,NM
NM,ruidoso,Diocese of Las Cruces,NM
NM,ruidoso downs,Diocese of Las Cruces,NM
NM,salem,Diocese of Las Cruces,NM
NM,san ildefonso pueblo,Archdiocese of Santa Fe,NM
NM,san miguel,Diocese of Las Cruces,NM
NM,san pablo,Diocese of Las Cruces,NM
NM,san rafael,Diocese of Gallup,NM
NM,san ysidro,Diocese of Las Cruces,NM
NM,sanostee,Diocese of Gallup,NM
NM,santa clara,Diocese of Las Cruces,NM
NM,santa cruz,Archdiocese of Santa Fe,NM
NM,santa fe,Archdiocese of Santa Fe,NM
NM,santa rosa,Archdiocese of Santa Fe,NM
NM,seama,Diocese of Gallup,NM
NM,shiprock,Diocese of Gallup,NM
NM,silver city,Diocese of Las Cruces,NM
NM,skylineganipa,Diocese of Gallup,NM
NM,socorro,Archdiocese of Santa Fe,NM
NM,sombrillo,Archdiocese of Santa Fe,NM
NM,spencerville,Diocese of Gallup,NM
NM,springer,Archdiocese of Santa Fe,NM
NM,sunland park,Diocese of Las Cruces,NM
NM,sunshine,Diocese of Las Cruces,NM
NM,talpa,Archdiocese of Santa Fe,NM
NM,taos,Archdiocese of Santa Fe,NM
NM,taos pueblo,Archdiocese of Santa Fe,NM
NM,tatum,Diocese of Las Cruces,NM
NM,tesuque,Archdiocese of Santa Fe,NM
NM,texico,Archdiocese of Santa Fe,NM
NM,thoreau,Diocese of Gallup,NM
NM,timberon,Diocese of Las Cruces,NM
NM,tohatchi,Diocese of Gallup,NM
NM,truth or consequences,Diocese of Las Cruces,NM
NM,tucumcari,Archdiocese of Santa Fe,NM
NM,tularosa,Diocese of Las Cruces,NM
NM,twin lakes,Diocese of Gallup,NM
NM,tyrone,Diocese of Las Cruces,NM
NM,university park,Diocese of Las Cruces,NM
NM,upper fruitland,Diocese of Gallup,NM
NM,vado,Diocese of Las Cruces,NM
NM,vaughn,Archdiocese of Santa Fe,NM
NM,ventura,Diocese of Las Cruces,NM
NM,waterflow,Diocese of Gallup,NM
NM,west hammond,Diocese of Gallup,NM
NM,white rock,Archdiocese of Santa Fe,NM
NM,white sands,Diocese of Las Cruces,NM
NM,williamsburg,Diocese of Las Cruces,NM
NM,yahtahey,Diocese of Gallup,NM
NM,zuni pueblo,Diocese of Gallup,NM
NV,alamo,Archdiocese of Las Vegas,NV
NV,battle mountain,Diocese of Reno,NV
NV,beatty,Archdiocese of Las Vegas,NV
NV,boulder city,Archdiocese of Las Vegas,NV
NV,bunkerville,Archdiocese of Las Vegas,NV
NV,caliente,Archdiocese of Las Vegas,NV
NV,carlin,Diocese of Reno,NV
NV,carson city,Diocese of Reno,NV
NV,carter springs,Diocese of Reno,NV
NV,cold springs,Diocese of Reno,NV
NV,crescent valley,Diocese of Reno,NV
NV,crystal bay,Diocese of Reno,NV
NV,dayton,Diocese of Reno,NV
NV,east valley,Diocese of Reno,NV
NV,elko,Diocese of Reno,NV
NV,ely,Archdiocese of Las Vegas,NV
NV,enterprise,Archdiocese of Las Vegas,NV
NV,eureka,Diocese of Reno,NV
NV,fallon,Diocese of Reno,NV
NV,fallon station,Diocese of Reno,NV
NV,fernley,Diocese of Reno,NV
NV,fish springs,Diocese of Reno,NV
NV,gardnerville,Diocese of Reno,NV
NV,gardnerville ranchos,Diocese of Reno,NV
NV,genoa,Diocese of Reno,NV
NV,golden valley,Diocese of Reno,NV
NV,hawthorne,Diocese of Reno,NV
NV,henderson,Archdiocese of Las Vegas,NV
NV,incline village,Diocese of Reno,NV
NV,indian hills,Diocese of Reno,NV
NV,indian springs,Archdiocese of Las Vegas,NV
NV,jackpot,Diocese of Reno,NV
NV,johnson lane,Diocese of Reno,NV
NV,kingsbury,Diocese of Reno,NV
NV,lakeridge,Diocese of Reno,NV
NV,las vegas,Archdiocese of Las Vegas,NV
NV,laughlin,Archdiocese of Las Vegas,NV
NV,lemmon valley,Diocese of Reno,NV
NV,lovelock,Diocese of Reno,NV
NV,mcgill,Archdiocese of Las Vegas,NV
NV,mesquite,Archdiocese of Las Vegas,NV
NV,minden,Diocese of Reno,NV
NV,moapa town,Archdiocese of Las Vegas,NV
NV,moapa valley,Archdiocese of Las Vegas,NV
NV,mogul,Diocese of Reno,NV
NV,mount charleston,Archdiocese of Las Vegas,NV
NV,nellis air force base,Archdiocese of Las Vegas,NV
NV,nixon,Diocese of Reno,NV
NV,north las vegas,Archdiocese of Las Vegas,NV
NV,osino,Diocese of Reno,NV
NV,owyhee,Diocese of Reno,NV
NV,pahrump,Archdiocese of Las Vegas,NV
NV,panaca,Archdiocese of Las Vegas,NV
NV,paradise,Archdiocese of Las Vegas,NV
NV,pioche,Archdiocese of Las Vegas,NV
NV,reno,Diocese of Reno,NV
NV,ruth,Archdiocese of Las Vegas,NV
NV,sandy valley,Archdiocese of Las Vegas,NV
NV,schurz,Diocese of Reno,NV
NV,searchlight,Archdiocese of Las Vegas,NV
NV,silver springs,Diocese of Reno,NV
NV,skyland,Diocese of Reno,NV
NV,smith,Diocese of Reno,NV
NV,smith valley,Diocese of Reno,NV
NV,spanish springs,Diocese of Reno,NV
NV,sparks,Diocese of Reno,NV
NV,spring creek,Diocese of Reno,NV
NV,spring valley,Archdiocese of Las Vegas,NV
NV,stagecoach,Diocese of Reno,NV
NV,stateline,Diocese of Reno,NV
NV,summerlin south,Archdiocese of Las Vegas,NV
NV,sun valley,Diocese of Reno,NV
NV,sunrise manor,Archdiocese of Las Vegas,NV
NV,tonopah,Archdiocese of Las Vegas,NV
NV,topaz ranch estates,Diocese of Reno,NV
NV,verdi,Diocese of Reno,NV
NV,virginia city,Diocese of Reno,NV
NV,wadsworth,Diocese of Reno,NV
NV,wells,Diocese of Reno,NV
NV,west wendover,Diocese of Reno,NV
NV,whitney,Archdiocese of Las Vegas,NV
NV,winchester,Archdiocese of Las Vegas,NV
NV,winnemucca,Diocese of Reno,NV
NV,yerington,Diocese of Reno,NV
NV,zephyr cove,Diocese of Reno,NV
NY,accord,Archdiocese of New York,NY
NY,adams,Diocese of Ogdensburg,NY
NY,adams center,Diocese of Ogdensburg,NY
NY,addison,Diocese of Rochester,NY
NY,afton,Diocese of Syracuse,NY
NY,airmont,Archdiocese of New York,NY
NY,akron,Diocese of Buffalo,NY
NY,alabama,Diocese of Buffalo,NY
NY,albany,Diocese of Albany,NY
NY,albertson,Diocese of Rockville Centre,NY
NY,albion,Diocese of Buffalo,NY
NY,alden,Diocese of Buffalo,NY
NY,alexander,Diocese of Buffalo,NY
NY,alexandria bay,Diocese of Ogdensburg,NY
NY,alfred,Diocese of Buffalo,NY
NY,allegany,Diocese of Buffalo,NY
NY,alma,Diocese of Buffalo,NY
NY,almond,Diocese of Buffalo,NY
NY,altamont,Diocese of Albany,NY
NY,altmar,Diocese of Syracuse,NY
NY,altona,Diocese of Ogdensburg,NY
NY,amenia,Archdiocese of New York,NY
NY,amherst,Diocese of Buffalo,NY
NY,amsterdam,Diocese of Albany,NY
NY,andover,Diocese of Buffalo,NY
NY,angelica,Diocese of Buffalo,NY
NY,angola,Diocese of Buffalo,NY
NY,angola on the lake,Diocese of Buffalo,NY
NY,antwerp,Diocese of Ogdensburg,NY
NY,apalachin,Diocese of Rochester,NY
NY,arcade,Diocese of Buffalo,NY
NY,ardsley,Archdiocese of New York,NY
NY,arkport,Diocese of Rochester,NY
NY,arlington,Archdiocese of New York,NY
NY,armonk,Archdiocese of New York,NY
NY,athens,Diocese of Albany,NY
NY,athol,Diocese of Albany,NY
NY,atlantic beach,Diocese of Rockville Centre,NY
NY,attica,Diocese of Buffalo,NY
NY,au sable forks,Diocese of Ogdensburg,NY
NY,auburn,Diocese of Rochester,NY
NY,augusta,Diocese of Syracuse,NY
NY,aurora,Diocese of Rochester,NY
NY,averill park,Diocese of Albany,NY
NY,avoca,Diocese of Rochester,NY
NY,avon,Diocese of Rochester,NY
NY,bainbridge,Diocese of Syracuse,NY
NY,baldwin,Diocese of Rockville Centre,NY
NY,baldwin harbor,Diocese of Rockville Centre,NY
NY,baldwinsville,Diocese of Syracuse,NY
NY,ballston lake,Diocese of Albany,NY
NY,ballston spa,Diocese of Albany,NY
NY,balmville,Archdiocese of New York,NY
NY,bardonia,Archdiocese of New York,NY
NY,barker,Diocese of Buffalo,NY
NY,barnum island,Diocese of Rockville Centre,NY
NY,barryville,Archdiocese of New York,NY
NY,batavia,Diocese of Buffalo,NY
NY,bath,Diocese of Rochester,NY
NY,baxter estates,Diocese of Rockville Centre,NY
NY,bay park,Diocese of Rockville Centre,NY
NY,bayville,Diocese of Rockville Centre,NY
NY,beacon,Archdiocese of New York,NY
NY,beaver dam lake,Archdiocese of New York,NY
NY,beaver falls,Diocese of Ogdensburg,NY
NY,beaverdam lakesalisbury mills,Archdiocese of New York,NY
NY,bedford,Archdiocese of New York,NY
NY,bedford hills,Archdiocese of New York,NY
NY,belfast,Diocese of Buffalo,NY
NY,bellerose,Diocese of Rockville Centre,NY
NY,bellerose terrace,Diocese of Rockville Centre,NY
NY,bellmore,Diocese of Rockville Centre,NY
NY,belmont,Diocese of Buffalo,NY
NY,bemus point,Diocese of Buffalo,NY
NY,bergen,Diocese of Buffalo,NY
NY,berne,Diocese of Albany,NY
NY,bernhards bay,Diocese of Syracuse,NY
NY,bethpage,Diocese of Rockville Centre,NY
NY,big flats,Diocese of Rochester,NY
NY,big flats airport,Diocese of Rochester,NY
NY,billington heights,Diocese of Buffalo,NY
NY,binghamton,Diocese of Syracuse,NY
NY,birchland park,Diocese of Rochester,NY
NY,black river,Diocese of Ogdensburg,NY
NY,blasdell,Diocese of Buffalo,NY
NY,blauvelt,Archdiocese of New York,NY
NY,bliss,Diocese of Buffalo,NY
NY,blodgett mills,Diocese of Syracuse,NY
NY,bloomingburg,Archdiocese of New York,NY
NY,blossvale,Diocese of Syracuse,NY
NY,bolton landing,Diocese of Albany,NY
NY,boonville,Diocese of Syracuse,NY
NY,boston,Diocese of Buffalo,NY
NY,bowmansville,Diocese of Buffalo,NY
NY,braman corners,Diocese of Albany,NY
NY,branchport,Diocese of Rochester,NY
NY,brasher falls,Diocese of Ogdensburg,NY
NY,breesport,Diocese of Rochester,NY
NY,brewerton,Diocese of Syracuse,NY
NY,brewster,Archdiocese of New York,NY
NY,brewster hill,Archdiocese of New York,NY
NY,briarcliff manor,Archdiocese of New York,NY
NY,bridgewater,Diocese of Syracuse,NY
NY,brighton,Diocese of Rochester,NY
NY,brinckerhoff,Archdiocese of New York,NY
NY,broadalbin,Diocese of Albany,NY
NY,brockport,Diocese of Rochester,NY
NY,brocton,Diocese of Buffalo,NY
NY,bronxville,Archdiocese of New York,NY
NY,brooklyn,Diocese of Brooklyn,NY
NY,brookville,Diocese of Rockville Centre,NY
NY,brushton,Diocese of Ogdensburg,NY
NY,buchanan,Archdiocese of New York,NY
NY,buffalo,Diocese of Buffalo,NY
NY,burdett,Diocese of Rochester,NY
NY,busti,Diocese of Buffalo,NY
NY,byron,Diocese of Buffalo,NY
NY,cairo,Diocese of Albany,NY
NY,calcium,Diocese of Ogdensburg,NY
NY,caledonia,Diocese of Rochester,NY
NY,cambridge,Diocese of Albany,NY
NY,camden,Diocese of Syracuse,NY
NY,camillus,Diocese of Syracuse,NY
NY,campbell,Diocese of Rochester,NY
NY,canajoharie,Diocese of Albany,NY
NY,canandaigua,Diocese of Rochester,NY
NY,canaseraga,Diocese of Buffalo,NY
NY,canastota,Diocese of Syracuse,NY
NY,candor,Diocese of Rochester,NY
NY,canisteo,Diocese of Rochester,NY
NY,canton,Diocese of Ogdensburg,NY
NY,cape vincent,Diocese of Ogdensburg,NY
NY,carle place,Diocese of Rockville Centre,NY
NY,carmel,Archdiocese of New York,NY
NY,carmel hamlet,Archdiocese of New York,NY
NY,caroga lake,Diocese of Albany,NY
NY,carthage,Diocese of Ogdensburg,NY
NY,cassadaga,Diocese of Buffalo,NY
NY,cassville,Diocese of Syracuse,NY
NY,castile,Diocese of Buffalo,NY
NY,castletononhudson,Diocese of Albany,NY
NY,castorland,Diocese of Ogdensburg,NY
NY,cato,Diocese of Rochester,NY
NY,catskill,Diocese of Albany,NY
NY,cattaraugus,Diocese of Buffalo,NY
NY,cayuga,Diocese of Rochester,NY
NY,cayuga heights,Diocese of Rochester,NY
NY,cazenovia,Diocese of Syracuse,NY
NY,cedarhurst,Diocese of Rockville Centre,NY
NY,celoron,Diocese of Buffalo,NY
NY,central bridge,Diocese of Albany,NY
NY,central square,Diocese of Syracuse,NY
NY,central valley,Archdiocese of New York,NY
NY,centre island,Diocese of Rockville Centre,NY
NY,chadwicks,Diocese of Syracuse,NY
NY,champlain,Diocese of Ogdensburg,NY
NY,chappaqua,Archdiocese of New York,NY
NY,chateaugay,Diocese of Ogdensburg,NY
NY,chatham,Diocese of Albany,NY
NY,chaumont,Diocese of Ogdensburg,NY
NY,chazy,Diocese of Ogdensburg,NY
NY,cheektowaga,Diocese of Buffalo,NY
NY,chenango bridge,Diocese of Syracuse,NY
NY,cherry creek,Diocese of Buffalo,NY
NY,cherry valley,Diocese of Albany,NY
NY,chester,Archdiocese of New York,NY
NY,chestertown,Diocese of Albany,NY
NY,chestnut ridge,Archdiocese of New York,NY
NY,chittenango,Diocese of Syracuse,NY
NY,churchville,Diocese of Rochester,NY
NY,cicero,Diocese of Syracuse,NY
NY,cincinnatus,Diocese of Syracuse,NY
NY,clarence,Diocese of Buffalo,NY
NY,clarence center,Diocese of Buffalo,NY
NY,clark mills,Diocese of Syracuse,NY
NY,clarkson,Diocese of Rochester,NY
NY,claverackred mills,Diocese of Albany,NY
NY,clay,Diocese of Syracuse,NY
NY,clayton,Diocese of Ogdensburg,NY
NY,clayville,Diocese of Syracuse,NY
NY,cleveland,Diocese of Syracuse,NY
NY,clifton park,Diocese of Albany,NY
NY,clifton springs,Diocese of Rochester,NY
NY,clinton,Diocese of Syracuse,NY
NY,clinton corners,Archdiocese of New York,NY
NY,clintondale,Archdiocese of New York,NY
NY,clyde,Diocese of Rochester,NY
NY,clymer,Diocese of Buffalo,NY
NY,cobleskill,Diocese of Albany,NY
NY,coeymans,Diocese of Albany,NY
NY,cohocton,Diocese of Rochester,NY
NY,cohoes,Diocese of Albany,NY
NY,cold spring,Archdiocese of New York,NY
NY,colonie,Diocese of Albany,NY
NY,colton,Diocese of Ogdensburg,NY
NY,columbus,Diocese of Syracuse,NY
NY,conesus hamlet,Diocese of Rochester,NY
NY,congers,Archdiocese of New York,NY
NY,conklin,Diocese of Syracuse,NY
NY,constantia,Diocese of Syracuse,NY
NY,coopers plains,Diocese of Rochester,NY
NY,cooperstown,Diocese of Albany,NY
NY,copake lake,Diocese of Albany,NY
NY,copenhagen,Diocese of Ogdensburg,NY
NY,corfu,Diocese of Buffalo,NY
NY,corinth,Diocese of Albany,NY
NY,corning,Diocese of Rochester,NY
NY,cornwall,Archdiocese of New York,NY
NY,cortland,Diocese of Syracuse,NY
NY,cortland west,Diocese of Syracuse,NY
NY,cortlandt manor,Archdiocese of New York,NY
NY,country knolls,Diocese of Albany,NY
NY,cove neck,Diocese of Rockville Centre,NY
NY,coxsackie,Diocese of Albany,NY
NY,cragsmoor,Archdiocese of New York,NY
NY,croghan,Diocese of Ogdensburg,NY
NY,crompond,Archdiocese of New York,NY
NY,cropseyville,Diocese of Albany,NY
NY,crotononhudson,Archdiocese of New York,NY
NY,crown heights,Archdiocese of New York,NY
NY,crown point,Diocese of Ogdensburg,NY
NY,crugers,Archdiocese of New York,NY
NY,crystal beach,Diocese of Rochester,NY
NY,cuba,Diocese of Buffalo,NY
NY,cumberland head,Diocese of Ogdensburg,NY
NY,dalton,Diocese of Rochester,NY
NY,dannemora,Diocese of Ogdensburg,NY
NY,dansville,Diocese of Rochester,NY
NY,davenport center,Diocese of Albany,NY
NY,de kalb junction,Diocese of Ogdensburg,NY
NY,deansboro,Diocese of Syracuse,NY
NY,delanson,Diocese of Albany,NY
NY,delevan,Diocese of Buffalo,NY
NY,delhi,Diocese of Albany,NY
NY,delmar,Diocese of Albany,NY
NY,depauville,Diocese of Ogdensburg,NY
NY,depew,Diocese of Buffalo,NY
NY,deposit,Diocese of Syracuse,NY
NY,deruyter,Diocese of Syracuse,NY
NY,dexter,Diocese of Ogdensburg,NY
NY,dobbs ferry,Archdiocese of New York,NY
NY,dover plains,Archdiocese of New York,NY
NY,downsville,Diocese of Albany,NY
NY,dresden,Diocese of Rochester,NY
NY,dryden,Diocese of Rochester,NY
NY,duane lake,Diocese of Albany,NY
NY,duanesburg,Diocese of Albany,NY
NY,dundee,Diocese of Rochester,NY
NY,dunkirk,Diocese of Buffalo,NY
NY,durham,Diocese of Albany,NY
NY,durhamville,Diocese of Syracuse,NY
NY,earlville,Diocese of Syracuse,NY
NY,east amherst,Diocese of Buffalo,NY
NY,east atlantic beach,Diocese of Rockville Centre,NY
NY,east aurora,Diocese of Buffalo,NY
NY,east avon,Diocese of Rochester,NY
NY,east garden city,Diocese of Rockville Centre,NY
NY,east glenville,Diocese of Albany,NY
NY,east greenbush,Diocese of Albany,NY
NY,east hills,Diocese of Rockville Centre,NY
NY,east ithaca,Diocese of Rochester,NY
NY,east massapequa,Diocese of Rockville Centre,NY
NY,east meadow,Diocese of Rockville Centre,NY
NY,east nassau,Diocese of Albany,NY
NY,east norwich,Diocese of Rockville Centre,NY
NY,east randolph,Diocese of Buffalo,NY
NY,east rochester,Diocese of Rochester,NY
NY,east rockaway,Diocese of Rockville Centre,NY
NY,east syracuse,Diocese of Syracuse,NY
NY,east williston,Diocese of Rockville Centre,NY
NY,edinburg,Diocese of Albany,NY
NY,edmeston,Diocese of Albany,NY
NY,edwards,Diocese of Ogdensburg,NY
NY,eggertsville,Diocese of Buffalo,NY
NY,elba,Diocese of Buffalo,NY
NY,elbridge,Diocese of Syracuse,NY
NY,elizabethtown,Diocese of Ogdensburg,NY
NY,ellenville,Archdiocese of New York,NY
NY,ellicottville,Diocese of Buffalo,NY
NY,elma center,Diocese of Buffalo,NY
NY,elmira,Diocese of Rochester,NY
NY,elmira heights,Diocese of Rochester,NY
NY,elmont,Diocese of Rockville Centre,NY
NY,elmsford,Archdiocese of New York,NY
NY,endicott,Diocese of Syracuse,NY
NY,endwell,Diocese of Syracuse,NY
NY,erin,Diocese of Rochester,NY
NY,esperance,Diocese of Albany,NY
NY,evans mills,Diocese of Ogdensburg,NY
NY,fabius,Diocese of Syracuse,NY
NY,fairmount,Diocese of Syracuse,NY
NY,fairport,Diocese of Rochester,NY
NY,fairview,Archdiocese of New York,NY
NY,falconer,Diocese of Buffalo,NY
NY,fallsburg,Archdiocese of New York,NY
NY,farmingdale,Diocese of Rockville Centre,NY
NY,farnham,Diocese of Buffalo,NY
NY,fayetteville,Diocese of Syracuse,NY
NY,felts mills,Diocese of Ogdensburg,NY
NY,fillmore,Diocese of Buffalo,NY
NY,firthcliffe,Archdiocese of New York,NY
NY,fishkill,Archdiocese of New York,NY
NY,fleischmanns,Diocese of Albany,NY
NY,floral park,Diocese of Rockville Centre,NY
NY,florida,Archdiocese of New York,NY
NY,flower hill,Diocese of Rockville Centre,NY
NY,fonda,Diocese of Albany,NY
NY,forest home,Diocese of Rochester,NY
NY,forestville,Diocese of Buffalo,NY
NY,fort ann,Diocese of Albany,NY
NY,fort covington hamlet,Diocese of Ogdensburg,NY
NY,fort drum,Diocese of Ogdensburg,NY
NY,fort edward,Diocese of Albany,NY
NY,fort johnson,Diocese of Albany,NY
NY,fort montgomery,Archdiocese of New York,NY
NY,fort plain,Diocese of Albany,NY
NY,franklin,Diocese of Albany,NY
NY,franklin square,Diocese of Rockville Centre,NY
NY,franklinville,Diocese of Buffalo,NY
NY,fredonia,Diocese of Buffalo,NY
NY,freedom plains,Archdiocese of New York,NY
NY,freeport,Diocese of Rockville Centre,NY
NY,freeville,Diocese of Rochester,NY
NY,frewsburg,Diocese of Buffalo,NY
NY,friendship,Diocese of Buffalo,NY
NY,fulton,Diocese of Syracuse,NY
NY,fultonville,Diocese of Albany,NY
NY,galeville,Diocese of Syracuse,NY
NY,gang mills,Diocese of Rochester,NY
NY,garden city,Diocese of Rockville Centre,NY
NY,garden city park,Diocese of Rockville Centre,NY
NY,garden city south,Diocese of Rockville Centre,NY
NY,gardiner,Archdiocese of New York,NY
NY,gardnertown,Archdiocese of New York,NY
NY,gasport,Diocese of Buffalo,NY
NY,gatesnorth gates,Diocese of Rochester,NY
NY,geneseo,Diocese of Rochester,NY
NY,geneva,Diocese of Rochester,NY
NY,georgetown,Diocese of Syracuse,NY
NY,germantown,Diocese of Albany,NY
NY,ghent,Diocese of Albany,NY
NY,gilbertsville,Diocese of Albany,NY
NY,glasco,Archdiocese of New York,NY
NY,glen aubrey,Diocese of Syracuse,NY
NY,glen cove,Diocese of Rockville Centre,NY
NY,glen head,Diocese of Rockville Centre,NY
NY,glen park,Diocese of Ogdensburg,NY
NY,glens falls,Diocese of Albany,NY
NY,glens falls north,Diocese of Albany,NY
NY,glenville,Diocese of Albany,NY
NY,glenwood landing,Diocese of Rockville Centre,NY
NY,gloversville,Diocese of Albany,NY
NY,goldens bridge,Archdiocese of New York,NY
NY,gorham,Diocese of Rochester,NY
NY,goshen,Archdiocese of New York,NY
NY,gouverneur,Diocese of Ogdensburg,NY
NY,gowanda,Diocese of Buffalo,NY
NY,grand island,Diocese of Buffalo,NY
NY,grandyle village,Diocese of Buffalo,NY
NY,granville,Diocese of Albany,NY
NY,great bend,Diocese of Ogdensburg,NY
NY,great neck,Diocese of Rockville Centre,NY
NY,great neck estates,Diocese of Rockville Centre,NY
NY,great neck gardens,Diocese of Rockville Centre,NY
NY,great neck plaza,Diocese of Rockville Centre,NY
NY,greece,Diocese of Rochester,NY
NY,green island,Diocese of Albany,NY
NY,greenburgh,Archdiocese of New York,NY
NY,greene,Diocese of Syracuse,NY
NY,greenvale,Diocese of Rockville Centre,NY
NY,greenwich,Diocese of Albany,NY
NY,greenwood lake,Archdiocese of New York,NY
NY,groton,Diocese of Rochester,NY
NY,guilford,Diocese of Syracuse,NY
NY,hadley,Diocese of Albany,NY
NY,hagaman,Diocese of Albany,NY
NY,hailesboro,Diocese of Ogdensburg,NY
NY,hamburg,Diocese of Buffalo,NY
NY,hamilton,Diocese of Syracuse,NY
NY,hamlin,Diocese of Rochester,NY
NY,hammondsport,Diocese of Rochester,NY
NY,hampton,Diocese of Albany,NY
NY,hampton manor,Diocese of Albany,NY
NY,hancock,Diocese of Albany,NY
NY,hannawa falls,Diocese of Ogdensburg,NY
NY,hannibal,Diocese of Syracuse,NY
NY,harbor hills,Diocese of Rockville Centre,NY
NY,harbor isle,Diocese of Rockville Centre,NY
NY,harriman,Archdiocese of New York,NY
NY,harris hill,Diocese of Buffalo,NY
NY,harrison,Archdiocese of New York,NY
NY,hartford,Diocese of Albany,NY
NY,hartsdale,Archdiocese of New York,NY
NY,hartwick,Diocese of Albany,NY
NY,hastingsonhudson,Archdiocese of New York,NY
NY,haverstraw,Archdiocese of New York,NY
NY,haviland,Archdiocese of New York,NY
NY,hawthorne,Archdiocese of New York,NY
NY,hemlock,Diocese of Rochester,NY
NY,hempstead,Diocese of Rockville Centre,NY
NY,henrietta,Diocese of Rochester,NY
NY,heritage hills,Archdiocese of New York,NY
NY,hermon,Diocese of Ogdensburg,NY
NY,herricks,Diocese of Rockville Centre,NY
NY,heuvelton,Diocese of Ogdensburg,NY
NY,hewlett,Diocese of Rockville Centre,NY
NY,hewlett bay park,Diocese of Rockville Centre,NY
NY,hewlett harbor,Diocese of Rockville Centre,NY
NY,hewlett neck,Diocese of Rockville Centre,NY
NY,hicksville,Diocese of Rockville Centre,NY
NY,high falls,Archdiocese of New York,NY
NY,highland,Archdiocese of New York,NY
NY,highland falls,Archdiocese of New York,NY
NY,highland mills,Archdiocese of New York,NY
NY,hillburn,Archdiocese of New York,NY
NY,hillcrest,Archdiocese of New York,NY
NY,hillside,Archdiocese of New York,NY
NY,hillside lake,Archdiocese of New York,NY
NY,hilton,Diocese of Rochester,NY
NY,hobart,Diocese of Albany,NY
NY,holcomb,Diocese of Rochester,NY
NY,holland,Diocese of Buffalo,NY
NY,holland patent,Diocese of Syracuse,NY
NY,holley,Diocese of Buffalo,NY
NY,homer,Diocese of Syracuse,NY
NY,honeoye,Diocese of Rochester,NY
NY,honeoye falls,Diocese of Rochester,NY
NY,hoosick falls,Diocese of Albany,NY
NY,hopewell junction,Archdiocese of New York,NY
NY,hornell,Diocese of Rochester,NY
NY,horseheads,Diocese of Rochester,NY
NY,horseheads north,Diocese of Rochester,NY
NY,houghton,Diocese of Buffalo,NY
NY,hudson,Diocese of Albany,NY
NY,hudson falls,Diocese of Albany,NY
NY,hunter,Diocese of Albany,NY
NY,hurley,Archdiocese of New York,NY
NY,hyde park,Archdiocese of New York,NY
NY,interlaken,Diocese of Rochester,NY
NY,inwood,Diocese of Rockville Centre,NY
NY,ira,Diocese of Rochester,NY
NY,irondequoit,Diocese of Rochester,NY
NY,irvington,Archdiocese of New York,NY
NY,island park,Diocese of Rockville Centre,NY
NY,ithaca,Diocese of Rochester,NY
NY,jamestown,Diocese of Buffalo,NY
NY,jamestown west,Diocese of Buffalo,NY
NY,jefferson heights,Diocese of Albany,NY
NY,jefferson valleyyorktown,Archdiocese of New York,NY
NY,jeffersonville,Archdiocese of New York,NY
NY,jericho,Diocese of Rockville Centre,NY
NY,johnson city,Diocese of Syracuse,NY
NY,johnstown,Diocese of Albany,NY
NY,jordan,Diocese of Syracuse,NY
NY,kaser,Archdiocese of New York,NY
NY,katonah,Archdiocese of New York,NY
NY,keeseville,Diocese of Ogdensburg,NY
NY,kenmore,Diocese of Buffalo,NY
NY,kennedy,Diocese of Buffalo,NY
NY,kensington,Diocese of Rockville Centre,NY
NY,kerhonkson,Archdiocese of New York,NY
NY,keuka park,Diocese of Rochester,NY
NY,kiantone,Diocese of Buffalo,NY
NY,kinderhook,Diocese of Albany,NY
NY,kings point,Diocese of Rockville Centre,NY
NY,kingston,Archdiocese of New York,NY
NY,kirkville,Diocese of Syracuse,NY
NY,kiryas joel,Archdiocese of New York,NY
NY,la fargeville,Diocese of Ogdensburg,NY
NY,lackawanna,Diocese of Buffalo,NY
NY,lacona,Diocese of Syracuse,NY
NY,lake carmel,Archdiocese of New York,NY
NY,lake erie beach,Diocese of Buffalo,NY
NY,lake george,Diocese of Albany,NY
NY,lake katrine,Archdiocese of New York,NY
NY,lake luzerne,Diocese of Albany,NY
NY,lake mohegan,Archdiocese of New York,NY
NY,lake placid,Diocese of Ogdensburg,NY
NY,lake success,Diocese of Rockville Centre,NY
NY,lakeland,Diocese of Syracuse,NY
NY,lakeville,Diocese of Rochester,NY
NY,lakewood,Diocese of Buffalo,NY
NY,lancaster,Diocese of Buffalo,NY
NY,lansing,Diocese of Rochester,NY
NY,larchmont,Archdiocese of New York,NY
NY,latham,Diocese of Albany,NY
NY,lattingtown,Diocese of Rockville Centre,NY
NY,laurel hollow,Diocese of Rockville Centre,NY
NY,lawrence,Diocese of Rockville Centre,NY
NY,le roy,Diocese of Buffalo,NY
NY,leeds,Diocese of Albany,NY
NY,leicester,Diocese of Rochester,NY
NY,levittown,Diocese of Rockville Centre,NY
NY,lewiston,Diocese of Buffalo,NY
NY,liberty,Archdiocese of New York,NY
NY,lido beach,Diocese of Rockville Centre,NY
NY,lima,Diocese of Rochester,NY
NY,lime lake,Diocese of Buffalo,NY
NY,limestone,Diocese of Buffalo,NY
NY,lincoln park,Archdiocese of New York,NY
NY,lincolndale,Archdiocese of New York,NY
NY,lindley,Diocese of Rochester,NY
NY,lisle,Diocese of Syracuse,NY
NY,little valley,Diocese of Buffalo,NY
NY,liverpool,Diocese of Syracuse,NY
NY,livingston manor,Archdiocese of New York,NY
NY,livonia,Diocese of Rochester,NY
NY,livonia center,Diocese of Rochester,NY
NY,lockport,Diocese of Buffalo,NY
NY,locust valley,Diocese of Rockville Centre,NY
NY,long beach,Diocese of Rockville Centre,NY
NY,lorenz park,Diocese of Albany,NY
NY,lowville,Diocese of Ogdensburg,NY
NY,lynbrook,Diocese of Rockville Centre,NY
NY,lyncourt,Diocese of Syracuse,NY
NY,lyndon,Diocese of Buffalo,NY
NY,lyndonville,Diocese of Buffalo,NY
NY,lyon mountain,Diocese of Ogdensburg,NY
NY,lyons,Diocese of Rochester,NY
NY,lyons falls,Diocese of Ogdensburg,NY
NY,macedon,Diocese of Rochester,NY
NY,machias,Diocese of Buffalo,NY
NY,madrid,Diocese of Ogdensburg,NY
NY,mahopac,Archdiocese of New York,NY
NY,malden,Archdiocese of New York,NY
NY,maldenonhudson,Archdiocese of New York,NY
NY,malone,Diocese of Ogdensburg,NY
NY,malverne,Diocese of Rockville Centre,NY
NY,malverne park oaks,Diocese of Rockville Centre,NY
NY,mamaroneck,Archdiocese of New York,NY
NY,manchester,Diocese of Rochester,NY
NY,manhasset,Diocese of Rockville Centre,NY
NY,manhasset hills,Diocese of Rockville Centre,NY
NY,manhattan,Archdiocese of New York,NY
NY,manlius,Diocese of Syracuse,NY
NY,mannsville,Diocese of Ogdensburg,NY
NY,manorhaven,Diocese of Rockville Centre,NY
NY,marathon,Diocese of Syracuse,NY
NY,marbletown,Archdiocese of New York,NY
NY,marcellus,Diocese of Syracuse,NY
NY,margaretville,Diocese of Albany,NY
NY,mariaville lake,Diocese of Albany,NY
NY,marion,Diocese of Rochester,NY
NY,marlboro,Archdiocese of New York,NY
NY,massapequa,Diocese of Rockville Centre,NY
NY,massapequa park,Diocese of Rockville Centre,NY
NY,massena,Diocese of Ogdensburg,NY
NY,matinecock,Diocese of Rockville Centre,NY
NY,mattydale,Diocese of Syracuse,NY
NY,maybrook,Archdiocese of New York,NY
NY,mayfield,Diocese of Albany,NY
NY,mayville,Diocese of Buffalo,NY
NY,mcgraw,Diocese of Syracuse,NY
NY,mckownville,Diocese of Albany,NY
NY,mechanicstown,Archdiocese of New York,NY
NY,mechanicville,Diocese of Albany,NY
NY,medina,Diocese of Buffalo,NY
NY,medusa,Diocese of Albany,NY
NY,melrose park,Diocese of Rochester,NY
NY,menands,Diocese of Albany,NY
NY,meridian,Diocese of Rochester,NY
NY,merrick,Diocese of Rockville Centre,NY
NY,merritt park,Archdiocese of New York,NY
NY,mexico,Diocese of Syracuse,NY
NY,middleburgh,Diocese of Albany,NY
NY,middletown,Archdiocese of New York,NY
NY,milford,Diocese of Albany,NY
NY,mill neck,Diocese of Rockville Centre,NY
NY,millbrook,Archdiocese of New York,NY
NY,millerton,Archdiocese of New York,NY
NY,mineola,Diocese of Rockville Centre,NY
NY,minetto,Diocese of Syracuse,NY
NY,mineville,Diocese of Ogdensburg,NY
NY,minoa,Diocese of Syracuse,NY
NY,monroe,Archdiocese of New York,NY
NY,monsey,Archdiocese of New York,NY
NY,montebello,Archdiocese of New York,NY
NY,montgomery,Archdiocese of New York,NY
NY,monticello,Archdiocese of New York,NY
NY,montour falls,Diocese of Rochester,NY
NY,montrose,Archdiocese of New York,NY
NY,mooers,Diocese of Ogdensburg,NY
NY,moravia,Diocese of Rochester,NY
NY,morris,Diocese of Albany,NY
NY,morrisonville,Diocese of Ogdensburg,NY
NY,morristown,Diocese of Ogdensburg,NY
NY,morrisville,Diocese of Syracuse,NY
NY,mount ivy,Archdiocese of New York,NY
NY,mount kisco,Archdiocese of New York,NY
NY,mount morris,Diocese of Rochester,NY
NY,mount vernon,Archdiocese of New York,NY
NY,mountain lodge park,Archdiocese of New York,NY
NY,munnsville,Diocese of Syracuse,NY
NY,munsey park,Diocese of Rockville Centre,NY
NY,munsons corners,Diocese of Syracuse,NY
NY,muttontown,Diocese of Rockville Centre,NY
NY,myers corner,Archdiocese of New York,NY
NY,nanuet,Archdiocese of New York,NY
NY,napanoch,Archdiocese of New York,NY
NY,naples,Diocese of Rochester,NY
NY,narrowsburg,Archdiocese of New York,NY
NY,nassau,Diocese of Albany,NY
NY,natural bridge,Diocese of Ogdensburg,NY
NY,nedrow,Diocese of Syracuse,NY
NY,nelliston,Diocese of Albany,NY
NY,nelsonville,Archdiocese of New York,NY
NY,new berlin,Diocese of Syracuse,NY
NY,new cassel,Diocese of Rockville Centre,NY
NY,new city,Archdiocese of New York,NY
NY,new hartford,Diocese of Syracuse,NY
NY,new hempstead,Archdiocese of New York,NY
NY,new hyde park,Diocese of Rockville Centre,NY
NY,new paltz,Archdiocese of New York,NY
NY,new rochelle,Archdiocese of New York,NY
NY,new square,Archdiocese of New York,NY
NY,new windsor,Archdiocese of New York,NY
NY,new york mills,Diocese of Syracuse,NY
NY,newark,Diocese of Rochester,NY
NY,newark valley,Diocese of Rochester,NY
NY,newburgh,Archdiocese of New York,NY
NY,newcomb,Diocese of Ogdensburg,NY
NY,newfane,Diocese of Buffalo,NY
NY,newfield hamlet,Diocese of Rochester,NY
NY,niagara falls,Diocese of Buffalo,NY
NY,nichols,Diocese of Rochester,NY
NY,niskayuna,Diocese of Albany,NY
NY,niverville,Diocese of Albany,NY
NY,norfolk,Diocese of Ogdensburg,NY
NY,north ballston spa,Diocese of Albany,NY
NY,north bellmore,Diocese of Rockville Centre,NY
NY,north boston,Diocese of Buffalo,NY
NY,north castle,Archdiocese of New York,NY
NY,north collins,Diocese of Buffalo,NY
NY,north creek,Diocese of Albany,NY
NY,north elba,Diocese of Ogdensburg,NY
NY,north gates,Diocese of Rochester,NY
NY,north hills,Diocese of Rockville Centre,NY
NY,north hornell,Diocese of Rochester,NY
NY,north lynbrook,Diocese of Rockville Centre,NY
NY,north massapequa,Diocese of Rockville Centre,NY
NY,north merrick,Diocese of Rockville Centre,NY
NY,north new hyde park,Diocese of Rockville Centre,NY
NY,north rose,Diocese of Rochester,NY
NY,north syracuse,Diocese of Syracuse,NY
NY,north tonawanda,Diocese of Buffalo,NY
NY,north valley stream,Diocese of Rockville Centre,NY
NY,north wantagh,Diocese of Rockville Centre,NY
NY,northeast ithaca,Diocese of Rochester,NY
NY,northumberland,Diocese of Albany,NY
NY,northwest ithaca,Diocese of Rochester,NY
NY,norwich,Diocese of Syracuse,NY
NY,norwood,Diocese of Ogdensburg,NY
NY,nunda,Diocese of Rochester,NY
NY,nyack,Archdiocese of New York,NY
NY,oakfield,Diocese of Buffalo,NY
NY,oceanside,Diocese of Rockville Centre,NY
NY,odessa,Diocese of Rochester,NY
NY,ogdensburg,Diocese of Ogdensburg,NY
NY,olcott,Diocese of Buffalo,NY
NY,old bethpage,Diocese of Rockville Centre,NY
NY,old brookville,Diocese of Rockville Centre,NY
NY,old westbury,Diocese of Rockville Centre,NY
NY,olean,Diocese of Buffalo,NY
NY,oneida,Diocese of Syracuse,NY
NY,oneida castle,Diocese of Syracuse,NY
NY,oneonta,Diocese of Albany,NY
NY,ontario,Diocese of Rochester,NY
NY,orange lake,Archdiocese of New York,NY
NY,orangeburg,Archdiocese of New York,NY
NY,orchard park,Diocese of Buffalo,NY
NY,oriskany,Diocese of Syracuse,NY
NY,oriskany falls,Diocese of Syracuse,NY
NY,ossining,Archdiocese of New York,NY
NY,oswego,Diocese of Syracuse,NY
NY,otego,Diocese of Albany,NY
NY,otisville,Archdiocese of New York,NY
NY,ovid,Diocese of Rochester,NY
NY,owego,Diocese of Rochester,NY
NY,oxford,Diocese of Syracuse,NY
NY,oyster bay,Diocese of Rockville Centre,NY
NY,oyster bay cove,Diocese of Rockville Centre,NY
NY,painted post,Diocese of Rochester,NY
NY,palatine bridge,Diocese of Albany,NY
NY,palenville,Diocese of Albany,NY
NY,palmyra,Diocese of Rochester,NY
NY,panama,Diocese of Buffalo,NY
NY,parish,Diocese of Syracuse,NY
NY,parishville,Diocese of Ogdensburg,NY
NY,paul smiths,Diocese of Ogdensburg,NY
NY,pavilion,Diocese of Buffalo,NY
NY,pawling,Archdiocese of New York,NY
NY,peach lake,Archdiocese of New York,NY
NY,pearl river,Archdiocese of New York,NY
NY,peekskill,Archdiocese of New York,NY
NY,pelham,Archdiocese of New York,NY
NY,pelham manor,Archdiocese of New York,NY
NY,penn yan,Diocese of Rochester,NY
NY,perry,Diocese of Buffalo,NY
NY,perrysburg,Diocese of Buffalo,NY
NY,perth,Diocese of Albany,NY
NY,phelps,Diocese of Rochester,NY
NY,philadelphia,Diocese of Ogdensburg,NY
NY,philmont,Diocese of Albany,NY
NY,phoenicia,Archdiocese of New York,NY
NY,phoenix,Diocese of Syracuse,NY
NY,piermont,Archdiocese of New York,NY
NY,pike,Diocese of Buffalo,NY
NY,pine bush,Archdiocese of New York,NY
NY,pine plains,Archdiocese of New York,NY
NY,pine valley,Diocese of Rochester,NY
NY,pittsford,Diocese of Rochester,NY
NY,plainedge,Diocese of Rockville Centre,NY
NY,plainview,Diocese of Rockville Centre,NY
NY,plandome,Diocese of Rockville Centre,NY
NY,plandome heights,Diocese of Rockville Centre,NY
NY,plandome manor,Diocese of Rockville Centre,NY
NY,plattekill,Archdiocese of New York,NY
NY,plattsburgh,Diocese of Ogdensburg,NY
NY,plattsburgh west,Diocese of Ogdensburg,NY
NY,pleasant valley,Archdiocese of New York,NY
NY,pleasantville,Archdiocese of New York,NY
NY,poestenkill,Diocese of Albany,NY
NY,point lookout,Diocese of Rockville Centre,NY
NY,pomona,Archdiocese of New York,NY
NY,port byron,Diocese of Rochester,NY
NY,port chester,Archdiocese of New York,NY
NY,port dickinson,Diocese of Syracuse,NY
NY,port ewen,Archdiocese of New York,NY
NY,port gibson,Diocese of Rochester,NY
NY,port henry,Diocese of Ogdensburg,NY
NY,port jervis,Archdiocese of New York,NY
NY,port leyden,Diocese of Ogdensburg,NY
NY,port washington,Diocese of Rockville Centre,NY
NY,port washington north,Diocese of Rockville Centre,NY
NY,portland,Diocese of Buffalo,NY
NY,portville,Diocese of Buffalo,NY
NY,potsdam,Diocese of Ogdensburg,NY
NY,pottersville,Diocese of Albany,NY
NY,poughkeepsie,Archdiocese of New York,NY
NY,pound ridge,Archdiocese of New York,NY
NY,prattsburgh,Diocese of Rochester,NY
NY,prattsville,Diocese of Albany,NY
NY,prestonpotter hollow,Diocese of Albany,NY
NY,pulaski,Diocese of Syracuse,NY
NY,pultneyville,Diocese of Rochester,NY
NY,purchase,Archdiocese of New York,NY
NY,putnam lake,Archdiocese of New York,NY
NY,queens,Diocese of Brooklyn,NY
NY,queensbury,Diocese of Albany,NY
NY,randolph,Diocese of Buffalo,NY
NY,ransomville,Diocese of Buffalo,NY
NY,rapids,Diocese of Buffalo,NY
NY,ravena,Diocese of Albany,NY
NY,red creek,Diocese of Rochester,NY
NY,red hook,Archdiocese of New York,NY
NY,red oaks mill,Archdiocese of New York,NY
NY,redfield,Diocese of Syracuse,NY
NY,redford,Diocese of Ogdensburg,NY
NY,redwood,Diocese of Ogdensburg,NY
NY,remsen,Diocese of Syracuse,NY
NY,rensselaer,Diocese of Albany,NY
NY,rensselaer falls,Diocese of Ogdensburg,NY
NY,retsof,Diocese of Rochester,NY
NY,rhinebeck,Archdiocese of New York,NY
NY,rhinecliff,Archdiocese of New York,NY
NY,richburg,Diocese of Buffalo,NY
NY,richfield springs,Diocese of Albany,NY
NY,richland,Diocese of Syracuse,NY
NY,richmondville,Diocese of Albany,NY
NY,richville,Diocese of Ogdensburg,NY
NY,rifton,Archdiocese of New York,NY
NY,ripley,Diocese of Buffalo,NY
NY,rochester,Diocese of Rochester,NY
NY,rock hill,Archdiocese of New York,NY
NY,rockville centre,Diocese of Rockville Centre,NY
NY,roessleville,Diocese of Albany,NY
NY,rome,Diocese of Syracuse,NY
NY,romulus,Diocese of Rochester,NY
NY,roosevelt,Diocese of Rockville Centre,NY
NY,roscoe,Archdiocese of New York,NY
NY,rosendale village,Archdiocese of New York,NY
NY,roslyn,Diocese of Rockville Centre,NY
NY,roslyn estates,Diocese of Rockville Centre,NY
NY,roslyn harbor,Diocese of Rockville Centre,NY
NY,roslyn heights,Diocese of Rockville Centre,NY
NY,rotterdam,Diocese of Albany,NY
NY,round lake,Diocese of Albany,NY
NY,rouses point,Diocese of Ogdensburg,NY
NY,rush,Diocese of Rochester,NY
NY,rushford,Diocese of Buffalo,NY
NY,rushville,Diocese of Rochester,NY
NY,russell gardens,Diocese of Rockville Centre,NY
NY,rye,Archdiocese of New York,NY
NY,rye brook,Archdiocese of New York,NY
NY,sackets harbor,Diocese of Ogdensburg,NY
NY,saddle rock,Diocese of Rockville Centre,NY
NY,saddle rock estates,Diocese of Rockville Centre,NY
NY,salamanca,Diocese of Buffalo,NY
NY,salem,Diocese of Albany,NY
NY,salisbury,Diocese of Rockville Centre,NY
NY,salisbury mills,Archdiocese of New York,NY
NY,sanborn,Diocese of Buffalo,NY
NY,sand ridge,Diocese of Syracuse,NY
NY,sands point,Diocese of Rockville Centre,NY
NY,sandy creek,Diocese of Syracuse,NY
NY,saranac lake,Diocese of Ogdensburg,NY
NY,saratoga springs,Diocese of Albany,NY
NY,saugerties,Archdiocese of New York,NY
NY,saugerties south,Archdiocese of New York,NY
NY,savannah,Diocese of Rochester,NY
NY,savona,Diocese of Rochester,NY
NY,scarsdale,Archdiocese of New York,NY
NY,schaghticoke,Diocese of Albany,NY
NY,schenectady,Diocese of Albany,NY
NY,schenevus,Diocese of Albany,NY
NY,schoharie,Diocese of Albany,NY
NY,schroon lake,Diocese of Ogdensburg,NY
NY,schuylerville,Diocese of Albany,NY
NY,scio,Diocese of Buffalo,NY
NY,scotchtown,Archdiocese of New York,NY
NY,scotia,Diocese of Albany,NY
NY,scotts corners,Archdiocese of New York,NY
NY,scottsville,Diocese of Rochester,NY
NY,sea cliff,Diocese of Rockville Centre,NY
NY,seaford,Diocese of Rockville Centre,NY
NY,searingtown,Diocese of Rockville Centre,NY
NY,seneca falls,Diocese of Rochester,NY
NY,seneca knolls,Diocese of Syracuse,NY
NY,sharon springs,Diocese of Albany,NY
NY,shenorock,Archdiocese of New York,NY
NY,sherburne,Diocese of Syracuse,NY
NY,sherman,Diocese of Buffalo,NY
NY,sherrill,Diocese of Syracuse,NY
NY,shokan,Archdiocese of New York,NY
NY,shortsville,Diocese of Rochester,NY
NY,shrub oak,Archdiocese of New York,NY
NY,sidney,Diocese of Albany,NY
NY,silver creek,Diocese of Buffalo,NY
NY,silver springs,Diocese of Buffalo,NY
NY,sinclairville,Diocese of Buffalo,NY
NY,skaneateles,Diocese of Syracuse,NY
NY,sleepy hollow,Archdiocese of New York,NY
NY,sloan,Diocese of Buffalo,NY
NY,sloatsburg,Archdiocese of New York,NY
NY,smallwood,Archdiocese of New York,NY
NY,smithville flats,Diocese of Syracuse,NY
NY,sodus,Diocese of Rochester,NY
NY,sodus point,Diocese of Rochester,NY
NY,solvay,Diocese of Syracuse,NY
NY,south blooming grove,Archdiocese of New York,NY
NY,south corning,Diocese of Rochester,NY
NY,south dayton,Diocese of Buffalo,NY
NY,south fallsburg,Archdiocese of New York,NY
NY,south farmingdale,Diocese of Rockville Centre,NY
NY,south floral park,Diocese of Rockville Centre,NY
NY,south glens falls,Diocese of Albany,NY
NY,south hempstead,Diocese of Rockville Centre,NY
NY,south hill,Diocese of Rochester,NY
NY,south lockport,Diocese of Buffalo,NY
NY,south nyack,Archdiocese of New York,NY
NY,south valley stream,Diocese of Rockville Centre,NY
NY,southport,Diocese of Rochester,NY
NY,spackenkill,Archdiocese of New York,NY
NY,sparkill,Archdiocese of New York,NY
NY,sparrow bush,Archdiocese of New York,NY
NY,spencer,Diocese of Rochester,NY
NY,spencerport,Diocese of Rochester,NY
NY,spring valley,Archdiocese of New York,NY
NY,springfield,Diocese of Albany,NY
NY,springville,Diocese of Buffalo,NY
NY,springwater hamlet,Diocese of Rochester,NY
NY,st bonaventure,Diocese of Buffalo,NY
NY,st johnsville,Diocese of Albany,NY
NY,st regis falls,Diocese of Ogdensburg,NY
NY,staatsburg,Archdiocese of New York,NY
NY,stamford,Diocese of Albany,NY
NY,stannards,Diocese of Buffalo,NY
NY,star lake,Diocese of Ogdensburg,NY
NY,staten island,Archdiocese of New York,NY
NY,stewart manor,Diocese of Rockville Centre,NY
NY,stillwater,Diocese of Albany,NY
NY,stone ridge,Archdiocese of New York,NY
NY,stony point,Archdiocese of New York,NY
NY,stottville,Diocese of Albany,NY
NY,strykersville,Diocese of Buffalo,NY
NY,suffern,Archdiocese of New York,NY
NY,sunset bay,Diocese of Buffalo,NY
NY,syosset,Diocese of Rockville Centre,NY
NY,syracuse,Diocese of Syracuse,NY
NY,tannersville,Diocese of Albany,NY
NY,tappan,Archdiocese of New York,NY
NY,tarrytown,Archdiocese of New York,NY
NY,the bronx,Archdiocese of New York,NY
NY,theresa,Diocese of Ogdensburg,NY
NY,thiells,Archdiocese of New York,NY
NY,thomaston,Diocese of Rockville Centre,NY
NY,thornwood,Archdiocese of New York,NY
NY,ticonderoga,Diocese of Ogdensburg,NY
NY,tillson,Archdiocese of New York,NY
NY,titusville,Archdiocese of New York,NY
NY,tivoli,Archdiocese of New York,NY
NY,tonawanda,Diocese of Buffalo,NY
NY,town line,Diocese of Buffalo,NY
NY,tribes hill,Diocese of Albany,NY
NY,troy,Diocese of Albany,NY
NY,trumansburg,Diocese of Rochester,NY
NY,tully,Diocese of Syracuse,NY
NY,tupper lake,Diocese of Ogdensburg,NY
NY,tuxedo park,Archdiocese of New York,NY
NY,unadilla,Diocese of Albany,NY
NY,union springs,Diocese of Rochester,NY
NY,uniondale,Diocese of Rockville Centre,NY
NY,unionville,Archdiocese of New York,NY
NY,university gardens,Diocese of Rockville Centre,NY
NY,upper brookville,Diocese of Rockville Centre,NY
NY,upper nyack,Archdiocese of New York,NY
NY,utica,Diocese of Syracuse,NY
NY,vails gate,Archdiocese of New York,NY
NY,valatie,Diocese of Albany,NY
NY,valhalla,Archdiocese of New York,NY
NY,valley cottage,Archdiocese of New York,NY
NY,valley falls,Diocese of Albany,NY
NY,valley stream,Diocese of Rockville Centre,NY
NY,van etten,Diocese of Rochester,NY
NY,vernon,Diocese of Syracuse,NY
NY,verona,Diocese of Syracuse,NY
NY,verplanck,Archdiocese of New York,NY
NY,vestal,Diocese of Syracuse,NY
NY,victor,Diocese of Rochester,NY
NY,victory,Diocese of Rochester,NY
NY,victory mills,Diocese of Albany,NY
NY,village green,Diocese of Syracuse,NY
NY,viola,Archdiocese of New York,NY
NY,volney,Diocese of Syracuse,NY
NY,voorheesville,Diocese of Albany,NY
NY,waddington,Diocese of Ogdensburg,NY
NY,walden,Archdiocese of New York,NY
NY,walker valley,Archdiocese of New York,NY
NY,wallkill,Archdiocese of New York,NY
NY,walton,Diocese of Albany,NY
NY,walton park,Archdiocese of New York,NY
NY,wampsville,Diocese of Syracuse,NY
NY,wanakah,Diocese of Buffalo,NY
NY,wantagh,Diocese of Rockville Centre,NY
NY,wappingers falls,Archdiocese of New York,NY
NY,warrensburg,Diocese of Albany,NY
NY,warsaw,Diocese of Buffalo,NY
NY,warwick,Archdiocese of New York,NY
NY,washington heights,Archdiocese of New York,NY
NY,washington mills,Diocese of Syracuse,NY
NY,washingtonville,Archdiocese of New York,NY
NY,watchtower,Archdiocese of New York,NY
NY,waterford,Diocese of Albany,NY
NY,waterloo,Diocese of Rochester,NY
NY,watertown,Diocese of Ogdensburg,NY
NY,waterville,Diocese of Syracuse,NY
NY,watervliet,Diocese of Albany,NY
NY,watkins glen,Diocese of Rochester,NY
NY,waverly,Diocese of Rochester,NY
NY,wawarsing,Archdiocese of New York,NY
NY,wayland,Diocese of Rochester,NY
NY,webster,Diocese of Rochester,NY
NY,weedsport,Diocese of Rochester,NY
NY,wellsburg,Diocese of Rochester,NY
NY,wesley hills,Archdiocese of New York,NY
NY,west albany,Diocese of Albany,NY
NY,west carthage,Diocese of Ogdensburg,NY
NY,west chazy,Diocese of Ogdensburg,NY
NY,west elmira,Diocese of Rochester,NY
NY,west end,Diocese of Albany,NY
NY,west glens falls,Diocese of Albany,NY
NY,west haverstraw,Archdiocese of New York,NY
NY,west hempstead,Diocese of Rockville Centre,NY
NY,west henrietta,Diocese of Rochester,NY
NY,west hurley,Archdiocese of New York,NY
NY,west nyack,Archdiocese of New York,NY
NY,west point,Archdiocese of New York,NY
NY,west sand lake,Diocese of Albany,NY
NY,west seneca,Diocese of Buffalo,NY
NY,west valley,Diocese of Buffalo,NY
NY,westbury,Diocese of Rockville Centre,NY
NY,westfield,Diocese of Buffalo,NY
NY,westmere,Diocese of Albany,NY
NY,westmoreland,Diocese of Syracuse,NY
NY,weston mills,Diocese of Buffalo,NY
NY,westons mills,Diocese of Buffalo,NY
NY,westport,Diocese of Ogdensburg,NY
NY,westvale,Diocese of Syracuse,NY
NY,white plains,Archdiocese of New York,NY
NY,whitehall,Diocese of Albany,NY
NY,whitesboro,Diocese of Syracuse,NY
NY,whitney point,Diocese of Syracuse,NY
NY,williamson,Diocese of Rochester,NY
NY,williamsville,Diocese of Buffalo,NY
NY,williston park,Diocese of Rockville Centre,NY
NY,willsboro,Diocese of Ogdensburg,NY
NY,wilmington,Diocese of Ogdensburg,NY
NY,wilson,Diocese of Buffalo,NY
NY,wilton,Diocese of Albany,NY
NY,windham,Diocese of Albany,NY
NY,windsor,Diocese of Syracuse,NY
NY,winthrop,Diocese of Ogdensburg,NY
NY,witherbee,Diocese of Ogdensburg,NY
NY,wolcott,Diocese of Rochester,NY
NY,woodmere,Diocese of Rockville Centre,NY
NY,woodridge,Archdiocese of New York,NY
NY,woodsburgh,Diocese of Rockville Centre,NY
NY,woodstock,Archdiocese of New York,NY
NY,worcester,Diocese of Albany,NY
NY,wurtsboro,Archdiocese of New York,NY
NY,wykagyl,Archdiocese of New York,NY
NY,wynantskill,Diocese of Albany,NY
NY,wyoming,Diocese of Buffalo,NY
NY,yonkers,Archdiocese of New York,NY
NY,york hamlet,Diocese of Rochester,NY
NY,yorkshire,Diocese of Buffalo,NY
NY,yorktown heights,Archdiocese of New York,NY
NY,yorkville,Diocese of Syracuse,NY
NY,youngstown,Diocese of Buffalo,NY
NY,zena,Archdiocese of New York,NY
OH,aberdeen,Archdiocese of Cincinnati,OH
OH,ada,Diocese of Columbus,OH
OH,addyston,Archdiocese of Cincinnati,OH
OH,adelphi,Diocese of Columbus,OH
OH,adena,Diocese of Steubenville,OH
OH,akron,Diocese of Cleveland,OH
OH,albany,Diocese of Steubenville,OH
OH,alexandria,Diocese of Columbus,OH
OH,alger,Diocese of Columbus,OH
OH,alliance,Diocese of Youngstown,OH
OH,amanda,Diocese of Columbus,OH
OH,amberley,Archdiocese of Cincinnati,OH
OH,amelia,Archdiocese of Cincinnati,OH
OH,amherst,Diocese of Cleveland,OH
OH,andersonville,Diocese of Columbus,OH
OH,andover,Diocese of Youngstown,OH
OH,anna,Archdiocese of Cincinnati,OH
OH,ansonia,Archdiocese of Cincinnati,OH
OH,antwerp,Diocese of Toledo in Ohio,OH
OH,apple creek,Diocese of Cleveland,OH
OH,apple valley,Diocese of Columbus,OH
OH,aquilla,Diocese of Cleveland,OH
OH,arcadia,Diocese of Toledo in Ohio,OH
OH,arcanum,Archdiocese of Cincinnati,OH
OH,archbold,Diocese of Toledo in Ohio,OH
OH,arlington,Diocese of Toledo in Ohio,OH
OH,arlington heights,Archdiocese of Cincinnati,OH
OH,ashland,Diocese of Cleveland,OH
OH,ashley,Diocese of Columbus,OH
OH,ashtabula,Diocese of Youngstown,OH
OH,ashville,Diocese of Columbus,OH
OH,athalia,Diocese of Steubenville,OH
OH,athens,Diocese of Steubenville,OH
OH,attica,Diocese of Toledo in Ohio,OH
OH,atwater,Diocese of Youngstown,OH
OH,aurora,Diocese of Youngstown,OH
OH,austinburg,Diocese of Youngstown,OH
OH,austintown,Diocese of Youngstown,OH
OH,avon,Diocese of Cleveland,OH
OH,avon center,Diocese of Cleveland,OH
OH,avon lake,Diocese of Cleveland,OH
OH,bailey lake,Diocese of Cleveland,OH
OH,ballville,Diocese of Toledo in Ohio,OH
OH,baltic,Diocese of Columbus,OH
OH,baltimore,Diocese of Columbus,OH
OH,barberton,Diocese of Cleveland,OH
OH,barnesville,Diocese of Steubenville,OH
OH,barnhill,Diocese of Columbus,OH
OH,bascom,Diocese of Toledo in Ohio,OH
OH,batavia,Archdiocese of Cincinnati,OH
OH,bay view,Diocese of Toledo in Ohio,OH
OH,bay village,Diocese of Cleveland,OH
OH,beach city,Diocese of Youngstown,OH
OH,beachwood,Diocese of Cleveland,OH
OH,beallsville,Diocese of Steubenville,OH
OH,beaver,Diocese of Columbus,OH
OH,beavercreek,Archdiocese of Cincinnati,OH
OH,beaverdam,Diocese of Toledo in Ohio,OH
OH,beckett ridge,Archdiocese of Cincinnati,OH
OH,bedford,Diocese of Cleveland,OH
OH,bedford heights,Diocese of Cleveland,OH
OH,beechwood trails,Diocese of Columbus,OH
OH,bellaire,Diocese of Steubenville,OH
OH,bellbrook,Archdiocese of Cincinnati,OH
OH,belle center,Archdiocese of Cincinnati,OH
OH,bellefontaine,Archdiocese of Cincinnati,OH
OH,bellevue,Diocese of Toledo in Ohio,OH
OH,bellville,Diocese of Toledo in Ohio,OH
OH,beloit,Diocese of Youngstown,OH
OH,belpre,Diocese of Steubenville,OH
OH,bentleyville,Diocese of Cleveland,OH
OH,benton ridge,Diocese of Toledo in Ohio,OH
OH,berea,Diocese of Cleveland,OH
OH,bergholz,Diocese of Steubenville,OH
OH,berlin,Diocese of Columbus,OH
OH,berlin heights,Diocese of Toledo in Ohio,OH
OH,bethesda,Diocese of Steubenville,OH
OH,bettsville,Diocese of Toledo in Ohio,OH
OH,beverly,Diocese of Steubenville,OH
OH,bexley,Diocese of Columbus,OH
OH,blacklick estates,Diocese of Columbus,OH
OH,blanchester,Archdiocese of Cincinnati,OH
OH,bloomdale,Diocese of Toledo in Ohio,OH
OH,bloomingburg,Diocese of Columbus,OH
OH,bloomville,Diocese of Toledo in Ohio,OH
OH,blue ash,Archdiocese of Cincinnati,OH
OH,blue jay,Archdiocese of Cincinnati,OH
OH,bluffton,Diocese of Toledo in Ohio,OH
OH,boardman,Diocese of Youngstown,OH
OH,bolindale,Diocese of Youngstown,OH
OH,bolivar,Diocese of Columbus,OH
OH,boston heights,Diocese of Cleveland,OH
OH,botkins,Archdiocese of Cincinnati,OH
OH,bowerston,Diocese of Steubenville,OH
OH,bowersville,Archdiocese of Cincinnati,OH
OH,bowling green,Diocese of Toledo in Ohio,OH
OH,bradford,Archdiocese of Cincinnati,OH
OH,bradner,Diocese of Toledo in Ohio,OH
OH,brady lake,Diocese of Youngstown,OH
OH,bratenahl,Diocese of Cleveland,OH
OH,brecksville,Diocese of Cleveland,OH
OH,bremen,Diocese of Columbus,OH
OH,brewster,Diocese of Youngstown,OH
OH,briarwood beach,Diocese of Cleveland,OH
OH,bridgeport,Diocese of Steubenville,OH
OH,bridgetown,Archdiocese of Cincinnati,OH
OH,brilliant,Diocese of Steubenville,OH
OH,brimfield,Diocese of Youngstown,OH
OH,broadview heights,Diocese of Cleveland,OH
OH,brook park,Diocese of Cleveland,OH
OH,brookfield center,Diocese of Youngstown,OH
OH,brooklyn,Diocese of Cleveland,OH
OH,brooklyn heights,Diocese of Cleveland,OH
OH,brookside,Diocese of Steubenville,OH
OH,brookville,Archdiocese of Cincinnati,OH
OH,brunswick,Diocese of Cleveland,OH
OH,bryan,Diocese of Toledo in Ohio,OH
OH,buchtel,Diocese of Steubenville,OH
OH,buckeye lake,Diocese of Columbus,OH
OH,bucyrus,Diocese of Toledo in Ohio,OH
OH,buffalo,Diocese of Steubenville,OH
OH,buford,Archdiocese of Cincinnati,OH
OH,burton,Diocese of Cleveland,OH
OH,butler,Diocese of Toledo in Ohio,OH
OH,byesville,Diocese of Steubenville,OH
OH,cadiz,Diocese of Steubenville,OH
OH,cairo,Diocese of Toledo in Ohio,OH
OH,calcutta,Diocese of Youngstown,OH
OH,caldwell,Diocese of Steubenville,OH
OH,caledonia,Diocese of Columbus,OH
OH,cambridge,Diocese of Steubenville,OH
OH,camp dennison,Archdiocese of Cincinnati,OH
OH,campbell,Diocese of Youngstown,OH
OH,canal fulton,Diocese of Youngstown,OH
OH,canal lewisville,Diocese of Columbus,OH
OH,canal winchester,Diocese of Columbus,OH
OH,canfield,Diocese of Youngstown,OH
OH,canton,Diocese of Youngstown,OH
OH,cardington,Diocese of Columbus,OH
OH,carey,Diocese of Toledo in Ohio,OH
OH,carlisle,Archdiocese of Cincinnati,OH
OH,carroll,Diocese of Columbus,OH
OH,carrollton,Diocese of Steubenville,OH
OH,castalia,Diocese of Toledo in Ohio,OH
OH,cedarville,Archdiocese of Cincinnati,OH
OH,celina,Archdiocese of Cincinnati,OH
OH,centerburg,Diocese of Columbus,OH
OH,centerville,Archdiocese of Cincinnati,OH
OH,chagrin falls,Diocese of Cleveland,OH
OH,champion heights,Diocese of Youngstown,OH
OH,chardon,Diocese of Cleveland,OH
OH,chauncey,Diocese of Steubenville,OH
OH,cherry grove,Archdiocese of Cincinnati,OH
OH,chesapeake,Diocese of Steubenville,OH
OH,chesterland,Diocese of Cleveland,OH
OH,cheviot,Archdiocese of Cincinnati,OH
OH,chickasaw,Archdiocese of Cincinnati,OH
OH,chillicothe,Diocese of Columbus,OH
OH,chippewa lake,Diocese of Cleveland,OH
OH,chippewa park,Archdiocese of Cincinnati,OH
OH,choctaw lake,Diocese of Columbus,OH
OH,christiansburg,Archdiocese of Cincinnati,OH
OH,churchill,Diocese of Youngstown,OH
OH,cincinnati,Archdiocese of Cincinnati,OH
OH,circleville,Diocese of Columbus,OH
OH,clarington,Diocese of Steubenville,OH
OH,clarkfulton,Diocese of Cleveland,OH
OH,clarksburg,Diocese of Columbus,OH
OH,clarktown,Diocese of Columbus,OH
OH,clayton,Archdiocese of Cincinnati,OH
OH,cleveland,Diocese of Cleveland,OH
OH,cleveland heights,Diocese of Cleveland,OH
OH,cleves,Archdiocese of Cincinnati,OH
OH,clinton,Diocese of Cleveland,OH
OH,clyde,Diocese of Toledo in Ohio,OH
OH,coal grove,Diocese of Steubenville,OH
OH,coalton,Diocese of Columbus,OH
OH,coldwater,Archdiocese of Cincinnati,OH
OH,college corner,Archdiocese of Cincinnati,OH
OH,collins,Diocese of Toledo in Ohio,OH
OH,collinwood,Diocese of Cleveland,OH
OH,columbiana,Diocese of Youngstown,OH
OH,columbus,Diocese of Columbus,OH
OH,columbus grove,Diocese of Toledo in Ohio,OH
OH,commercial point,Diocese of Columbus,OH
OH,concorde hills,Archdiocese of Cincinnati,OH
OH,conesville,Diocese of Columbus,OH
OH,conneaut,Diocese of Youngstown,OH
OH,continental,Diocese of Toledo in Ohio,OH
OH,convoy,Diocese of Toledo in Ohio,OH
OH,coolville,Diocese of Steubenville,OH
OH,copley,Diocese of Cleveland,OH
OH,corning,Diocese of Columbus,OH
OH,cortland,Diocese of Youngstown,OH
OH,corwin,Archdiocese of Cincinnati,OH
OH,coshocton,Diocese of Columbus,OH
OH,covedale,Archdiocese of Cincinnati,OH
OH,covington,Archdiocese of Cincinnati,OH
OH,craig beach,Diocese of Youngstown,OH
OH,crestline,Diocese of Toledo in Ohio,OH
OH,creston,Diocese of Cleveland,OH
OH,cridersville,Archdiocese of Cincinnati,OH
OH,crooksville,Diocese of Columbus,OH
OH,croton,Diocese of Columbus,OH
OH,crown city,Diocese of Steubenville,OH
OH,crystal lakes,Archdiocese of Cincinnati,OH
OH,cumberland,Diocese of Steubenville,OH
OH,curtice,Diocese of Toledo in Ohio,OH
OH,cuyahoga falls,Diocese of Cleveland,OH
OH,cuyahoga heights,Diocese of Cleveland,OH
OH,cygnet,Diocese of Toledo in Ohio,OH
OH,dalton,Diocese of Cleveland,OH
OH,damascus,Diocese of Youngstown,OH
OH,danville,Diocese of Columbus,OH
OH,darbydale,Diocese of Columbus,OH
OH,darrtown,Archdiocese of Cincinnati,OH
OH,day heights,Archdiocese of Cincinnati,OH
OH,dayton,Archdiocese of Cincinnati,OH
OH,de graff,Archdiocese of Cincinnati,OH
OH,deer park,Archdiocese of Cincinnati,OH
OH,defiance,Diocese of Toledo in Ohio,OH
OH,delaware,Diocese of Columbus,OH
OH,delhi hills,Archdiocese of Cincinnati,OH
OH,dellroy,Diocese of Steubenville,OH
OH,delphos,Diocese of Toledo in Ohio,OH
OH,delta,Diocese of Toledo in Ohio,OH
OH,dennison,Diocese of Columbus,OH
OH,dent,Archdiocese of Cincinnati,OH
OH,derby,Diocese of Columbus,OH
OH,deshler,Diocese of Toledo in Ohio,OH
OH,detroitshoreway,Diocese of Cleveland,OH
OH,devola,Diocese of Steubenville,OH
OH,donnelsville,Archdiocese of Cincinnati,OH
OH,dover,Diocese of Columbus,OH
OH,doylestown,Diocese of Cleveland,OH
OH,dresden,Diocese of Columbus,OH
OH,drexel,Archdiocese of Cincinnati,OH
OH,dry ridge,Archdiocese of Cincinnati,OH
OH,dry run,Archdiocese of Cincinnati,OH
OH,dublin,Diocese of Columbus,OH
OH,duncan falls,Diocese of Columbus,OH
OH,dunkirk,Diocese of Columbus,OH
OH,dunlap,Archdiocese of Cincinnati,OH
OH,dupont,Diocese of Toledo in Ohio,OH
OH,east canton,Diocese of Youngstown,OH
OH,east cleveland,Diocese of Cleveland,OH
OH,east fultonham,Diocese of Columbus,OH
OH,east liberty,Archdiocese of Cincinnati,OH
OH,east liverpool,Diocese of Youngstown,OH
OH,east palestine,Diocese of Youngstown,OH
OH,east sparta,Diocese of Youngstown,OH
OH,eastlake,Diocese of Cleveland,OH
OH,eaton,Archdiocese of Cincinnati,OH
OH,eaton estates,Diocese of Cleveland,OH
OH,edgerton,Diocese of Toledo in Ohio,OH
OH,edgewood,Diocese of Youngstown,OH
OH,edison,Diocese of Columbus,OH
OH,edon,Diocese of Toledo in Ohio,OH
OH,eldorado,Archdiocese of Cincinnati,OH
OH,elida,Diocese of Toledo in Ohio,OH
OH,elizabethtown,Archdiocese of Cincinnati,OH
OH,elmore,Diocese of Toledo in Ohio,OH
OH,elmwood place,Archdiocese of Cincinnati,OH
OH,elyria,Diocese of Cleveland,OH
OH,englewood,Archdiocese of Cincinnati,OH
OH,enon,Archdiocese of Cincinnati,OH
OH,etna,Diocese of Columbus,OH
OH,euclid,Diocese of Cleveland,OH
OH,evendale,Archdiocese of Cincinnati,OH
OH,fairborn,Archdiocese of Cincinnati,OH
OH,fairfax,Archdiocese of Cincinnati,OH
OH,fairfield,Archdiocese of Cincinnati,OH
OH,fairfield beach,Diocese of Columbus,OH
OH,fairlawn,Diocese of Cleveland,OH
OH,fairport harbor,Diocese of Cleveland,OH
OH,fairview park,Diocese of Cleveland,OH
OH,farmersville,Archdiocese of Cincinnati,OH
OH,fayette,Diocese of Toledo in Ohio,OH
OH,fayetteville,Archdiocese of Cincinnati,OH
OH,felicity,Archdiocese of Cincinnati,OH
OH,findlay,Diocese of Toledo in Ohio,OH
OH,finneytown,Archdiocese of Cincinnati,OH
OH,five points,Archdiocese of Cincinnati,OH
OH,fletcher,Archdiocese of Cincinnati,OH
OH,flushing,Diocese of Steubenville,OH
OH,forest,Diocese of Columbus,OH
OH,forest park,Archdiocese of Cincinnati,OH
OH,forestville,Archdiocese of Cincinnati,OH
OH,fort jennings,Diocese of Toledo in Ohio,OH
OH,fort loramie,Archdiocese of Cincinnati,OH
OH,fort mckinley,Archdiocese of Cincinnati,OH
OH,fort recovery,Archdiocese of Cincinnati,OH
OH,fort shawnee,Diocese of Toledo in Ohio,OH
OH,fostoria,Diocese of Toledo in Ohio,OH
OH,frankfort,Diocese of Columbus,OH
OH,franklin,Archdiocese of Cincinnati,OH
OH,franklin furnace,Diocese of Columbus,OH
OH,frazeysburg,Diocese of Columbus,OH
OH,fredericksburg,Diocese of Cleveland,OH
OH,fredericktown,Diocese of Columbus,OH
OH,freeport,Diocese of Steubenville,OH
OH,fremont,Diocese of Toledo in Ohio,OH
OH,friendship,Diocese of Columbus,OH
OH,fruit hill,Archdiocese of Cincinnati,OH
OH,gahanna,Diocese of Columbus,OH
OH,galena,Diocese of Columbus,OH
OH,galion,Diocese of Toledo in Ohio,OH
OH,gallipolis,Diocese of Steubenville,OH
OH,gambier,Diocese of Columbus,OH
OH,garfield heights,Diocese of Cleveland,OH
OH,garrettsville,Diocese of Youngstown,OH
OH,gates mills,Diocese of Cleveland,OH
OH,genevaonthelake,Diocese of Youngstown,OH
OH,georgetown,Archdiocese of Cincinnati,OH
OH,germantown,Archdiocese of Cincinnati,OH
OH,gettysburg,Archdiocese of Cincinnati,OH
OH,gibsonburg,Diocese of Toledo in Ohio,OH
OH,girard,Diocese of Youngstown,OH
OH,glandorf,Diocese of Toledo in Ohio,OH
OH,glencoe,Diocese of Steubenville,OH
OH,glenmoor,Diocese of Youngstown,OH
OH,glenville,Diocese of Cleveland,OH
OH,glenwillow,Diocese of Cleveland,OH
OH,gloria glens park,Diocese of Cleveland,OH
OH,glouster,Diocese of Steubenville,OH
OH,gnadenhutten,Diocese of Columbus,OH
OH,golf manor,Archdiocese of Cincinnati,OH
OH,goshen,Archdiocese of Cincinnati,OH
OH,grafton,Diocese of Cleveland,OH
OH,grand rapids,Diocese of Toledo in Ohio,OH
OH,grand river,Diocese of Cleveland,OH
OH,grandview,Archdiocese of Cincinnati,OH
OH,grandview heights,Diocese of Columbus,OH
OH,granville,Diocese of Columbus,OH
OH,granville south,Diocese of Columbus,OH
OH,gratis,Archdiocese of Cincinnati,OH
OH,green,Diocese of Cleveland,OH
OH,green camp,Diocese of Columbus,OH
OH,green meadows,Archdiocese of Cincinnati,OH
OH,green springs,Diocese of Toledo in Ohio,OH
OH,greenfield,Archdiocese of Cincinnati,OH
OH,greenhills,Archdiocese of Cincinnati,OH
OH,greensburg,Diocese of Cleveland,OH
OH,greentown,Diocese of Youngstown,OH
OH,greenville,Archdiocese of Cincinnati,OH
OH,greenwich,Diocese of Toledo in Ohio,OH
OH,groesbeck,Archdiocese of Cincinnati,OH
OH,grove city,Diocese of Columbus,OH
OH,groveport,Diocese of Columbus,OH
OH,grover hill,Diocese of Toledo in Ohio,OH
OH,hamden,Diocese of Columbus,OH
OH,hamersville,Archdiocese of Cincinnati,OH
OH,hamilton,Archdiocese of Cincinnati,OH
OH,hamler,Diocese of Toledo in Ohio,OH
OH,hannibal,Diocese of Steubenville,OH
OH,hanover,Diocese of Columbus,OH
OH,hanoverton,Diocese of Youngstown,OH
OH,harbor hills,Diocese of Columbus,OH
OH,harrisburg,Diocese of Columbus,OH
OH,harrison,Archdiocese of Cincinnati,OH
OH,harrod,Diocese of Toledo in Ohio,OH
OH,hartford,Diocese of Youngstown,OH
OH,hartville,Diocese of Youngstown,OH
OH,harveysburg,Archdiocese of Cincinnati,OH
OH,haskins,Diocese of Toledo in Ohio,OH
OH,haydenville,Diocese of Columbus,OH
OH,hayesville,Diocese of Cleveland,OH
OH,heath,Diocese of Columbus,OH
OH,hebron,Diocese of Columbus,OH
OH,hicksville,Diocese of Toledo in Ohio,OH
OH,hideaway hills,Diocese of Columbus,OH
OH,highland heights,Diocese of Cleveland,OH
OH,highland hills,Diocese of Cleveland,OH
OH,highland holiday,Archdiocese of Cincinnati,OH
OH,highpoint,Archdiocese of Cincinnati,OH
OH,hilliard,Diocese of Columbus,OH
OH,hillsboro,Archdiocese of Cincinnati,OH
OH,hilltop,Diocese of Youngstown,OH
OH,hiram,Diocese of Youngstown,OH
OH,holgate,Diocese of Toledo in Ohio,OH
OH,holiday valley,Archdiocese of Cincinnati,OH
OH,holland,Diocese of Toledo in Ohio,OH
OH,holloway,Diocese of Steubenville,OH
OH,holmesville,Diocese of Columbus,OH
OH,homeworth,Diocese of Youngstown,OH
OH,hooven,Archdiocese of Cincinnati,OH
OH,hopedale,Diocese of Steubenville,OH
OH,hough,Diocese of Cleveland,OH
OH,howland center,Diocese of Youngstown,OH
OH,hoytville,Diocese of Toledo in Ohio,OH
OH,hubbard,Diocese of Youngstown,OH
OH,huber heights,Archdiocese of Cincinnati,OH
OH,huber ridge,Diocese of Columbus,OH
OH,hudson,Diocese of Cleveland,OH
OH,hunter,Archdiocese of Cincinnati,OH
OH,hunting valley,Diocese of Cleveland,OH
OH,huntsville,Archdiocese of Cincinnati,OH
OH,huron,Diocese of Toledo in Ohio,OH
OH,iberia,Diocese of Columbus,OH
OH,independence,Diocese of Cleveland,OH
OH,irondale,Diocese of Steubenville,OH
OH,ironton,Diocese of Steubenville,OH
OH,jackson,Diocese of Columbus,OH
OH,jackson center,Archdiocese of Cincinnati,OH
OH,jacksonville,Diocese of Steubenville,OH
OH,jamestown,Archdiocese of Cincinnati,OH
OH,jefferson,Diocese of Youngstown,OH
OH,jeffersonville,Diocese of Columbus,OH
OH,jeromesville,Diocese of Cleveland,OH
OH,jerry city,Diocese of Toledo in Ohio,OH
OH,jewett,Diocese of Steubenville,OH
OH,johnstown,Diocese of Columbus,OH
OH,junction city,Diocese of Columbus,OH
OH,kalida,Diocese of Toledo in Ohio,OH
OH,kelleys island,Diocese of Toledo in Ohio,OH
OH,kent,Diocese of Youngstown,OH
OH,kenton,Diocese of Columbus,OH
OH,kenwood,Archdiocese of Cincinnati,OH
OH,kettering,Archdiocese of Cincinnati,OH
OH,kidron,Diocese of Cleveland,OH
OH,killbuck,Diocese of Columbus,OH
OH,kings mills,Archdiocese of Cincinnati,OH
OH,kingston,Diocese of Columbus,OH
OH,kinsman center,Diocese of Youngstown,OH
OH,kirkersville,Diocese of Columbus,OH
OH,kirtland,Diocese of Cleveland,OH
OH,kirtland hills,Diocese of Cleveland,OH
OH,la croft,Diocese of Youngstown,OH
OH,la rue,Diocese of Columbus,OH
OH,lafayette,Diocese of Toledo in Ohio,OH
OH,lafferty,Diocese of Steubenville,OH
OH,lagrange,Diocese of Cleveland,OH
OH,lake darby,Diocese of Columbus,OH
OH,lake lakengren,Archdiocese of Cincinnati,OH
OH,lake mohawk,Diocese of Steubenville,OH
OH,lake seneca,Diocese of Toledo in Ohio,OH
OH,lakemore,Diocese of Cleveland,OH
OH,lakeside,Diocese of Toledo in Ohio,OH
OH,lakeview,Archdiocese of Cincinnati,OH
OH,lakewood,Diocese of Cleveland,OH
OH,lancaster,Diocese of Columbus,OH
OH,landen,Archdiocese of Cincinnati,OH
OH,lansing,Diocese of Steubenville,OH
OH,laura,Archdiocese of Cincinnati,OH
OH,laurelville,Diocese of Columbus,OH
OH,leavittsburg,Diocese of Youngstown,OH
OH,lebanon,Archdiocese of Cincinnati,OH
OH,leesburg,Archdiocese of Cincinnati,OH
OH,leetonia,Diocese of Youngstown,OH
OH,leipsic,Diocese of Toledo in Ohio,OH
OH,lewis center,Diocese of Columbus,OH
OH,lewisburg,Archdiocese of Cincinnati,OH
OH,lexington,Diocese of Toledo in Ohio,OH
OH,liberty center,Diocese of Toledo in Ohio,OH
OH,lima,Diocese of Toledo in Ohio,OH
OH,lincoln village,Diocese of Columbus,OH
OH,lindsey,Diocese of Toledo in Ohio,OH
OH,lithopolis,Diocese of Columbus,OH
OH,lockland,Archdiocese of Cincinnati,OH
OH,lodi,Diocese of Cleveland,OH
OH,logan,Diocese of Columbus,OH
OH,logan elm village,Diocese of Columbus,OH
OH,london,Diocese of Columbus,OH
OH,lorain,Diocese of Cleveland,OH
OH,lordstown,Diocese of Youngstown,OH
OH,lore city,Diocese of Steubenville,OH
OH,loudonville,Diocese of Cleveland,OH
OH,louisville,Diocese of Youngstown,OH
OH,loveland,Archdiocese of Cincinnati,OH
OH,loveland park,Archdiocese of Cincinnati,OH
OH,lowell,Diocese of Steubenville,OH
OH,lowellville,Diocese of Youngstown,OH
OH,lucas,Diocese of Toledo in Ohio,OH
OH,lucasville,Diocese of Columbus,OH
OH,luckey,Diocese of Toledo in Ohio,OH
OH,lynchburg,Archdiocese of Cincinnati,OH
OH,lyndhurst,Diocese of Cleveland,OH
OH,lyons,Diocese of Toledo in Ohio,OH
OH,macedonia,Diocese of Cleveland,OH
OH,mack,Archdiocese of Cincinnati,OH
OH,madeira,Archdiocese of Cincinnati,OH
OH,madison,Diocese of Cleveland,OH
OH,magnolia,Diocese of Steubenville,OH
OH,maineville,Archdiocese of Cincinnati,OH
OH,malta,Diocese of Steubenville,OH
OH,malvern,Diocese of Steubenville,OH
OH,mansfield,Diocese of Toledo in Ohio,OH
OH,maple heights,Diocese of Cleveland,OH
OH,maple ridge,Diocese of Youngstown,OH
OH,marble cliff,Diocese of Columbus,OH
OH,marblehead,Diocese of Toledo in Ohio,OH
OH,marengo,Diocese of Columbus,OH
OH,mariemont,Archdiocese of Cincinnati,OH
OH,marietta,Diocese of Steubenville,OH
OH,marion,Diocese of Columbus,OH
OH,marne,Diocese of Columbus,OH
OH,marshallville,Diocese of Cleveland,OH
OH,martins ferry,Diocese of Steubenville,OH
OH,marysville,Diocese of Columbus,OH
OH,mason,Archdiocese of Cincinnati,OH
OH,massillon,Diocese of Youngstown,OH
OH,masury,Diocese of Youngstown,OH
OH,maumee,Diocese of Toledo in Ohio,OH
OH,mayfield heights,Diocese of Cleveland,OH
OH,mcarthur,Diocese of Columbus,OH
OH,mcclure,Diocese of Toledo in Ohio,OH
OH,mccomb,Diocese of Toledo in Ohio,OH
OH,mcconnelsville,Diocese of Steubenville,OH
OH,mccutchenville,Diocese of Toledo in Ohio,OH
OH,mcdermott,Diocese of Columbus,OH
OH,mcdonald,Diocese of Youngstown,OH
OH,mcguffey,Diocese of Columbus,OH
OH,mckinley heights,Diocese of Youngstown,OH
OH,mechanicsburg,Archdiocese of Cincinnati,OH
OH,medina,Diocese of Cleveland,OH
OH,mendon,Archdiocese of Cincinnati,OH
OH,mentor,Diocese of Cleveland,OH
OH,mentoronthelake,Diocese of Cleveland,OH
OH,metamora,Diocese of Toledo in Ohio,OH
OH,meyers lake,Diocese of Youngstown,OH
OH,miami heights,Archdiocese of Cincinnati,OH
OH,miamisburg,Archdiocese of Cincinnati,OH
OH,miamitown,Archdiocese of Cincinnati,OH
OH,middle point,Diocese of Toledo in Ohio,OH
OH,middleburg heights,Diocese of Cleveland,OH
OH,middlefield,Diocese of Cleveland,OH
OH,middleport,Diocese of Steubenville,OH
OH,middletown,Archdiocese of Cincinnati,OH
OH,midland,Archdiocese of Cincinnati,OH
OH,midvale,Diocese of Columbus,OH
OH,midway,Diocese of Columbus,OH
OH,milan,Diocese of Toledo in Ohio,OH
OH,milford,Archdiocese of Cincinnati,OH
OH,milford center,Diocese of Columbus,OH
OH,millbury,Diocese of Toledo in Ohio,OH
OH,millersburg,Diocese of Columbus,OH
OH,millersport,Diocese of Columbus,OH
OH,millfield,Diocese of Steubenville,OH
OH,millville,Archdiocese of Cincinnati,OH
OH,mineral city,Diocese of Columbus,OH
OH,mineral ridge,Diocese of Youngstown,OH
OH,minerva,Diocese of Youngstown,OH
OH,minerva park,Diocese of Columbus,OH
OH,minford,Diocese of Columbus,OH
OH,mingo junction,Diocese of Steubenville,OH
OH,minster,Archdiocese of Cincinnati,OH
OH,mogadore,Diocese of Cleveland,OH
OH,monfort heights,Archdiocese of Cincinnati,OH
OH,monroe,Archdiocese of Cincinnati,OH
OH,monroeville,Diocese of Toledo in Ohio,OH
OH,montgomery,Archdiocese of Cincinnati,OH
OH,montpelier,Diocese of Toledo in Ohio,OH
OH,montroseghent,Diocese of Cleveland,OH
OH,moraine,Archdiocese of Cincinnati,OH
OH,moreland hills,Diocese of Cleveland,OH
OH,morgandale,Diocese of Youngstown,OH
OH,morral,Diocese of Columbus,OH
OH,morristown,Diocese of Steubenville,OH
OH,morrow,Archdiocese of Cincinnati,OH
OH,mount blanchard,Diocese of Toledo in Ohio,OH
OH,mount gilead,Diocese of Columbus,OH
OH,mount healthy,Archdiocese of Cincinnati,OH
OH,mount healthy heights,Archdiocese of Cincinnati,OH
OH,mount orab,Archdiocese of Cincinnati,OH
OH,mount pleasant,Diocese of Steubenville,OH
OH,mount repose,Archdiocese of Cincinnati,OH
OH,mount sterling,Diocese of Columbus,OH
OH,mount vernon,Diocese of Columbus,OH
OH,mount victory,Diocese of Columbus,OH
OH,mowrystown,Archdiocese of Cincinnati,OH
OH,mulberry,Archdiocese of Cincinnati,OH
OH,munroe falls,Diocese of Cleveland,OH
OH,murray city,Diocese of Columbus,OH
OH,napoleon,Diocese of Toledo in Ohio,OH
OH,navarre,Diocese of Youngstown,OH
OH,neapolis,Diocese of Toledo in Ohio,OH
OH,neffs,Diocese of Steubenville,OH
OH,nelsonville,Diocese of Steubenville,OH
OH,nevada,Diocese of Toledo in Ohio,OH
OH,new albany,Diocese of Columbus,OH
OH,new athens,Diocese of Steubenville,OH
OH,new baltimore,Archdiocese of Cincinnati,OH
OH,new bloomington,Diocese of Columbus,OH
OH,new boston,Diocese of Columbus,OH
OH,new bremen,Archdiocese of Cincinnati,OH
OH,new burlington,Archdiocese of Cincinnati,OH
OH,new california,Diocese of Columbus,OH
OH,new carlisle,Archdiocese of Cincinnati,OH
OH,new concord,Diocese of Columbus,OH
OH,new franklin,Diocese of Cleveland,OH
OH,new holland,Diocese of Columbus,OH
OH,new knoxville,Archdiocese of Cincinnati,OH
OH,new lebanon,Archdiocese of Cincinnati,OH
OH,new lexington,Diocese of Columbus,OH
OH,new london,Diocese of Toledo in Ohio,OH
OH,new madison,Archdiocese of Cincinnati,OH
OH,new marshfield,Diocese of Steubenville,OH
OH,new matamoras,Diocese of Steubenville,OH
OH,new miami,Archdiocese of Cincinnati,OH
OH,new middletown,Diocese of Youngstown,OH
OH,new paris,Archdiocese of Cincinnati,OH
OH,new philadelphia,Diocese of Columbus,OH
OH,new pittsburg,Diocese of Cleveland,OH
OH,new richmond,Archdiocese of Cincinnati,OH
OH,new straitsville,Diocese of Columbus,OH
OH,new vienna,Archdiocese of Cincinnati,OH
OH,new washington,Diocese of Toledo in Ohio,OH
OH,new waterford,Diocese of Youngstown,OH
OH,newark,Diocese of Columbus,OH
OH,newburgh heights,Diocese of Cleveland,OH
OH,newcomerstown,Diocese of Columbus,OH
OH,newport,Diocese of Steubenville,OH
OH,newton falls,Diocese of Youngstown,OH
OH,newtonsville,Archdiocese of Cincinnati,OH
OH,newtown,Archdiocese of Cincinnati,OH
OH,ney,Diocese of Toledo in Ohio,OH
OH,niles,Diocese of Youngstown,OH
OH,north baltimore,Diocese of Toledo in Ohio,OH
OH,north bend,Archdiocese of Cincinnati,OH
OH,north canton,Diocese of Youngstown,OH
OH,north college hill,Archdiocese of Cincinnati,OH
OH,north fairfield,Diocese of Toledo in Ohio,OH
OH,north fork village,Diocese of Columbus,OH
OH,north hampton,Archdiocese of Cincinnati,OH
OH,north kingsville,Diocese of Youngstown,OH
OH,north lewisburg,Archdiocese of Cincinnati,OH
OH,north madison,Diocese of Cleveland,OH
OH,north olmsted,Diocese of Cleveland,OH
OH,north perry,Diocese of Cleveland,OH
OH,north randall,Diocese of Cleveland,OH
OH,north ridgeville,Diocese of Cleveland,OH
OH,north royalton,Diocese of Cleveland,OH
OH,north zanesville,Diocese of Columbus,OH
OH,northbrook,Archdiocese of Cincinnati,OH
OH,northfield,Diocese of Cleveland,OH
OH,northgate,Archdiocese of Cincinnati,OH
OH,northridge,Archdiocese of Cincinnati,OH
OH,norton,Diocese of Cleveland,OH
OH,norwalk,Diocese of Toledo in Ohio,OH
OH,norwood,Archdiocese of Cincinnati,OH
OH,oak harbor,Diocese of Toledo in Ohio,OH
OH,oak hill,Diocese of Columbus,OH
OH,oberlin,Diocese of Cleveland,OH
OH,obetz,Diocese of Columbus,OH
OH,ohio city,Diocese of Toledo in Ohio,OH
OH,olmsted falls,Diocese of Cleveland,OH
OH,ontario,Diocese of Toledo in Ohio,OH
OH,orange,Diocese of Cleveland,OH
OH,oregon,Diocese of Toledo in Ohio,OH
OH,orrville,Diocese of Cleveland,OH
OH,orwell,Diocese of Youngstown,OH
OH,ostrander,Diocese of Columbus,OH
OH,ottawa,Diocese of Toledo in Ohio,OH
OH,ottawa hills,Diocese of Toledo in Ohio,OH
OH,ottoville,Diocese of Toledo in Ohio,OH
OH,owensville,Archdiocese of Cincinnati,OH
OH,oxford,Archdiocese of Cincinnati,OH
OH,painesville,Diocese of Cleveland,OH
OH,pandora,Diocese of Toledo in Ohio,OH
OH,park layne,Archdiocese of Cincinnati,OH
OH,parma,Diocese of Cleveland,OH
OH,parma heights,Diocese of Cleveland,OH
OH,pataskala,Diocese of Columbus,OH
OH,paulding,Diocese of Toledo in Ohio,OH
OH,payne,Diocese of Toledo in Ohio,OH
OH,peebles,Archdiocese of Cincinnati,OH
OH,pemberville,Diocese of Toledo in Ohio,OH
OH,peninsula,Diocese of Cleveland,OH
OH,pepper pike,Diocese of Cleveland,OH
OH,perry,Diocese of Cleveland,OH
OH,perry heights,Diocese of Youngstown,OH
OH,perrysburg,Diocese of Toledo in Ohio,OH
OH,perrysville,Diocese of Cleveland,OH
OH,pettisville,Diocese of Toledo in Ohio,OH
OH,phillipsburg,Archdiocese of Cincinnati,OH
OH,philo,Diocese of Columbus,OH
OH,pickerington,Diocese of Columbus,OH
OH,pigeon creek,Diocese of Cleveland,OH
OH,piketon,Diocese of Columbus,OH
OH,pioneer,Diocese of Toledo in Ohio,OH
OH,piqua,Archdiocese of Cincinnati,OH
OH,pitsburg,Archdiocese of Cincinnati,OH
OH,plain city,Diocese of Columbus,OH
OH,pleasant city,Diocese of Steubenville,OH
OH,pleasant grove,Diocese of Columbus,OH
OH,pleasant hill,Archdiocese of Cincinnati,OH
OH,pleasant hills,Archdiocese of Cincinnati,OH
OH,pleasant run,Archdiocese of Cincinnati,OH
OH,pleasant run farm,Archdiocese of Cincinnati,OH
OH,pleasantville,Diocese of Columbus,OH
OH,plumwood,Diocese of Columbus,OH
OH,plymouth,Diocese of Toledo in Ohio,OH
OH,poland,Diocese of Youngstown,OH
OH,polk,Diocese of Cleveland,OH
OH,pomeroy,Diocese of Steubenville,OH
OH,port clinton,Diocese of Toledo in Ohio,OH
OH,port jefferson,Archdiocese of Cincinnati,OH
OH,port washington,Diocese of Columbus,OH
OH,portage,Diocese of Toledo in Ohio,OH
OH,portage lakes,Diocese of Cleveland,OH
OH,portsmouth,Diocese of Columbus,OH
OH,powell,Diocese of Columbus,OH
OH,powhatan point,Diocese of Steubenville,OH
OH,proctorville,Diocese of Steubenville,OH
OH,prospect,Diocese of Columbus,OH
OH,quaker city,Diocese of Steubenville,OH
OH,quincy,Archdiocese of Cincinnati,OH
OH,racine,Diocese of Steubenville,OH
OH,ravenna,Diocese of Youngstown,OH
OH,rawson,Diocese of Toledo in Ohio,OH
OH,rayland,Diocese of Steubenville,OH
OH,reading,Archdiocese of Cincinnati,OH
OH,reminderville,Diocese of Cleveland,OH
OH,remington,Archdiocese of Cincinnati,OH
OH,reno,Diocese of Steubenville,OH
OH,republic,Diocese of Toledo in Ohio,OH
OH,reynoldsburg,Diocese of Columbus,OH
OH,richfield,Diocese of Cleveland,OH
OH,richmond,Diocese of Steubenville,OH
OH,richmond dale,Diocese of Columbus,OH
OH,richmond heights,Diocese of Cleveland,OH
OH,richville,Diocese of Youngstown,OH
OH,richwood,Diocese of Columbus,OH
OH,ridgeville corners,Diocese of Toledo in Ohio,OH
OH,ridgeway,Diocese of Columbus,OH
OH,rio grande,Diocese of Steubenville,OH
OH,ripley,Archdiocese of Cincinnati,OH
OH,risingsun,Diocese of Toledo in Ohio,OH
OH,rittman,Diocese of Cleveland,OH
OH,riverlea,Diocese of Columbus,OH
OH,riverside,Archdiocese of Cincinnati,OH
OH,roaming shores,Diocese of Youngstown,OH
OH,robertsville,Diocese of Youngstown,OH
OH,rock creek,Diocese of Youngstown,OH
OH,rocky fork point,Archdiocese of Cincinnati,OH
OH,rocky ridge,Diocese of Toledo in Ohio,OH
OH,rocky river,Diocese of Cleveland,OH
OH,rosemount,Diocese of Columbus,OH
OH,roseville,Diocese of Columbus,OH
OH,ross,Archdiocese of Cincinnati,OH
OH,rossford,Diocese of Toledo in Ohio,OH
OH,rossmoyne,Archdiocese of Cincinnati,OH
OH,rudolph,Diocese of Toledo in Ohio,OH
OH,rushsylvania,Archdiocese of Cincinnati,OH
OH,rushville,Diocese of Columbus,OH
OH,russells point,Archdiocese of Cincinnati,OH
OH,russellville,Archdiocese of Cincinnati,OH
OH,russia,Archdiocese of Cincinnati,OH
OH,rutland,Diocese of Steubenville,OH
OH,sabina,Archdiocese of Cincinnati,OH
OH,salem,Diocese of Youngstown,OH
OH,salem heights,Archdiocese of Cincinnati,OH
OH,salineville,Diocese of Youngstown,OH
OH,sandusky,Diocese of Toledo in Ohio,OH
OH,sandyville,Diocese of Columbus,OH
OH,sardinia,Archdiocese of Cincinnati,OH
OH,sardis,Diocese of Steubenville,OH
OH,savannah,Diocese of Cleveland,OH
OH,sawyerwood,Diocese of Cleveland,OH
OH,scio,Diocese of Steubenville,OH
OH,sciotodale,Diocese of Columbus,OH
OH,seaman,Archdiocese of Cincinnati,OH
OH,sebring,Diocese of Youngstown,OH
OH,senecaville,Diocese of Steubenville,OH
OH,seven hills,Diocese of Cleveland,OH
OH,seven mile,Archdiocese of Cincinnati,OH
OH,seville,Diocese of Cleveland,OH
OH,shadyside,Diocese of Steubenville,OH
OH,shaker heights,Diocese of Cleveland,OH
OH,sharonville,Archdiocese of Cincinnati,OH
OH,shawnee,Diocese of Columbus,OH
OH,sheffield,Diocese of Cleveland,OH
OH,sheffield lake,Diocese of Cleveland,OH
OH,shelby,Diocese of Toledo in Ohio,OH
OH,shreve,Diocese of Cleveland,OH
OH,sidney,Archdiocese of Cincinnati,OH
OH,silver lake,Diocese of Cleveland,OH
OH,silverton,Archdiocese of Cincinnati,OH
OH,sixteen mile stand,Archdiocese of Cincinnati,OH
OH,skyline acres,Archdiocese of Cincinnati,OH
OH,smithfield,Diocese of Steubenville,OH
OH,smithville,Diocese of Cleveland,OH
OH,solon,Diocese of Cleveland,OH
OH,somerset,Diocese of Columbus,OH
OH,south amherst,Diocese of Cleveland,OH
OH,south bloomfield,Diocese of Columbus,OH
OH,south canal,Diocese of Youngstown,OH
OH,south charleston,Archdiocese of Cincinnati,OH
OH,south euclid,Diocese of Cleveland,OH
OH,south lebanon,Archdiocese of Cincinnati,OH
OH,south point,Diocese of Steubenville,OH
OH,south russell,Diocese of Cleveland,OH
OH,south solon,Diocese of Columbus,OH
OH,south vienna,Archdiocese of Cincinnati,OH
OH,south webster,Diocese of Columbus,OH
OH,south zanesville,Diocese of Columbus,OH
OH,spencer,Diocese of Cleveland,OH
OH,spencerville,Diocese of Toledo in Ohio,OH
OH,spring valley,Archdiocese of Cincinnati,OH
OH,springboro,Archdiocese of Cincinnati,OH
OH,springdale,Archdiocese of Cincinnati,OH
OH,springfield,Archdiocese of Cincinnati,OH
OH,st bernard,Archdiocese of Cincinnati,OH
OH,st clairsville,Diocese of Steubenville,OH
OH,st henry,Archdiocese of Cincinnati,OH
OH,st louisville,Diocese of Columbus,OH
OH,st marys,Archdiocese of Cincinnati,OH
OH,st paris,Archdiocese of Cincinnati,OH
OH,sterling,Diocese of Cleveland,OH
OH,steubenville,Diocese of Steubenville,OH
OH,stockport,Diocese of Steubenville,OH
OH,stony prairie,Diocese of Toledo in Ohio,OH
OH,stony ridge,Diocese of Toledo in Ohio,OH
OH,stoutsville,Diocese of Columbus,OH
OH,stow,Diocese of Cleveland,OH
OH,strasburg,Diocese of Columbus,OH
OH,streetsboro,Diocese of Youngstown,OH
OH,strongsville,Diocese of Cleveland,OH
OH,struthers,Diocese of Youngstown,OH
OH,stryker,Diocese of Toledo in Ohio,OH
OH,sugar grove,Diocese of Columbus,OH
OH,sugarcreek,Diocese of Columbus,OH
OH,summerside,Archdiocese of Cincinnati,OH
OH,sunbury,Diocese of Columbus,OH
OH,swanton,Diocese of Toledo in Ohio,OH
OH,sycamore,Diocese of Toledo in Ohio,OH
OH,sylvania,Diocese of Toledo in Ohio,OH
OH,syracuse,Diocese of Steubenville,OH
OH,tallmadge,Diocese of Cleveland,OH
OH,terrace park,Archdiocese of Cincinnati,OH
OH,the plains,Diocese of Steubenville,OH
OH,the village of indian hill,Archdiocese of Cincinnati,OH
OH,thornport,Diocese of Columbus,OH
OH,thornville,Diocese of Columbus,OH
OH,thurston,Diocese of Columbus,OH
OH,tiffin,Diocese of Toledo in Ohio,OH
OH,tiltonsville,Diocese of Steubenville,OH
OH,timberlake,Diocese of Cleveland,OH
OH,tipp city,Archdiocese of Cincinnati,OH
OH,toledo,Diocese of Toledo in Ohio,OH
OH,tontogany,Diocese of Toledo in Ohio,OH
OH,toronto,Diocese of Steubenville,OH
OH,tremont city,Archdiocese of Cincinnati,OH
OH,trenton,Archdiocese of Cincinnati,OH
OH,trimble,Diocese of Steubenville,OH
OH,trinway,Diocese of Columbus,OH
OH,trotwood,Archdiocese of Cincinnati,OH
OH,troy,Archdiocese of Cincinnati,OH
OH,tuppers plains,Diocese of Steubenville,OH
OH,turpin hills,Archdiocese of Cincinnati,OH
OH,tuscarawas,Diocese of Columbus,OH
OH,twinsburg,Diocese of Cleveland,OH
OH,twinsburg heights,Diocese of Cleveland,OH
OH,uhrichsville,Diocese of Columbus,OH
OH,union,Archdiocese of Cincinnati,OH
OH,union city,Archdiocese of Cincinnati,OH
OH,uniontown,Diocese of Youngstown,OH
OH,university heights,Diocese of Cleveland,OH
OH,upper arlington,Diocese of Columbus,OH
OH,upper sandusky,Diocese of Toledo in Ohio,OH
OH,urbana,Archdiocese of Cincinnati,OH
OH,urbancrest,Diocese of Columbus,OH
OH,utica,Diocese of Columbus,OH
OH,van buren,Diocese of Toledo in Ohio,OH
OH,van wert,Diocese of Toledo in Ohio,OH
OH,vandalia,Archdiocese of Cincinnati,OH
OH,vanlue,Diocese of Toledo in Ohio,OH
OH,vermilion,Diocese of Cleveland,OH
OH,vermiliononthelake,Diocese of Cleveland,OH
OH,verona,Archdiocese of Cincinnati,OH
OH,versailles,Archdiocese of Cincinnati,OH
OH,vienna center,Diocese of Youngstown,OH
OH,vincent,Diocese of Steubenville,OH
OH,vinton,Diocese of Columbus,OH
OH,wadsworth,Diocese of Cleveland,OH
OH,waite hill,Diocese of Cleveland,OH
OH,wakeman,Diocese of Toledo in Ohio,OH
OH,walbridge,Diocese of Toledo in Ohio,OH
OH,waldo,Diocese of Columbus,OH
OH,walnut creek,Diocese of Columbus,OH
OH,walnut hills,Archdiocese of Cincinnati,OH
OH,walton hills,Diocese of Cleveland,OH
OH,wapakoneta,Archdiocese of Cincinnati,OH
OH,warren,Diocese of Youngstown,OH
OH,warrensville heights,Diocese of Cleveland,OH
OH,warsaw,Diocese of Columbus,OH
OH,washington court house,Diocese of Columbus,OH
OH,washingtonville,Diocese of Youngstown,OH
OH,waterford,Diocese of Steubenville,OH
OH,waterville,Diocese of Toledo in Ohio,OH
OH,wauseon,Diocese of Toledo in Ohio,OH
OH,waverly,Diocese of Columbus,OH
OH,wayne,Diocese of Toledo in Ohio,OH
OH,wayne lakes park,Archdiocese of Cincinnati,OH
OH,waynesfield,Archdiocese of Cincinnati,OH
OH,waynesville,Archdiocese of Cincinnati,OH
OH,wellington,Diocese of Cleveland,OH
OH,wellston,Diocese of Columbus,OH
OH,wellsville,Diocese of Youngstown,OH
OH,west alexandria,Archdiocese of Cincinnati,OH
OH,west carrollton city,Archdiocese of Cincinnati,OH
OH,west farmington,Diocese of Youngstown,OH
OH,west hill,Diocese of Youngstown,OH
OH,west jefferson,Diocese of Columbus,OH
OH,west lafayette,Diocese of Columbus,OH
OH,west liberty,Archdiocese of Cincinnati,OH
OH,west manchester,Archdiocese of Cincinnati,OH
OH,west mansfield,Archdiocese of Cincinnati,OH
OH,west milton,Archdiocese of Cincinnati,OH
OH,west portsmouth,Diocese of Columbus,OH
OH,west salem,Diocese of Cleveland,OH
OH,west union,Archdiocese of Cincinnati,OH
OH,west unity,Diocese of Toledo in Ohio,OH
OH,westerville,Diocese of Columbus,OH
OH,westfield center,Diocese of Cleveland,OH
OH,westlake,Diocese of Cleveland,OH
OH,weston,Diocese of Toledo in Ohio,OH
OH,wetherington,Archdiocese of Cincinnati,OH
OH,wharton,Diocese of Toledo in Ohio,OH
OH,wheelersburg,Diocese of Columbus,OH
OH,white oak,Archdiocese of Cincinnati,OH
OH,whitehall,Diocese of Columbus,OH
OH,whitehouse,Diocese of Toledo in Ohio,OH
OH,whites landing,Diocese of Toledo in Ohio,OH
OH,wickliffe,Diocese of Cleveland,OH
OH,wilberforce,Archdiocese of Cincinnati,OH
OH,willard,Diocese of Toledo in Ohio,OH
OH,williamsburg,Archdiocese of Cincinnati,OH
OH,williamsdale,Archdiocese of Cincinnati,OH
OH,williamsport,Diocese of Columbus,OH
OH,williston,Diocese of Toledo in Ohio,OH
OH,willoughby,Diocese of Cleveland,OH
OH,willoughby hills,Diocese of Cleveland,OH
OH,willowick,Diocese of Cleveland,OH
OH,willshire,Diocese of Toledo in Ohio,OH
OH,wilmington,Archdiocese of Cincinnati,OH
OH,wilmot,Diocese of Youngstown,OH
OH,winchester,Archdiocese of Cincinnati,OH
OH,windham,Diocese of Youngstown,OH
OH,winesburg,Diocese of Columbus,OH
OH,wintersville,Diocese of Steubenville,OH
OH,withamsville,Archdiocese of Cincinnati,OH
OH,wolfhurst,Diocese of Steubenville,OH
OH,woodlawn,Archdiocese of Cincinnati,OH
OH,woodmere,Diocese of Cleveland,OH
OH,woodsfield,Diocese of Steubenville,OH
OH,woodstock,Archdiocese of Cincinnati,OH
OH,woodville,Diocese of Toledo in Ohio,OH
OH,wooster,Diocese of Cleveland,OH
OH,worthington,Diocese of Columbus,OH
OH,wrightpatterson afb,Archdiocese of Cincinnati,OH
OH,wyoming,Archdiocese of Cincinnati,OH
OH,xenia,Archdiocese of Cincinnati,OH
OH,yellow springs,Archdiocese of Cincinnati,OH
OH,yorkville,Diocese of Steubenville,OH
OH,youngstown,Diocese of Youngstown,OH
OH,zanesville,Diocese of Columbus,OH
OK,achille,Diocese of Tulsa,OK
OK,ada,Archdiocese of Oklahoma City,OK
OK,adair,Diocese of Tulsa,OK
OK,afton,Diocese of Tulsa,OK
OK,agra,Archdiocese of Oklahoma City,OK
OK,akins,Diocese of Tulsa,OK
OK,alex,Archdiocese of Oklahoma City,OK
OK,allen,Archdiocese of Oklahoma City,OK
OK,altus,Archdiocese of Oklahoma City,OK
OK,alva,Archdiocese of Oklahoma City,OK
OK,amber,Archdiocese of Oklahoma City,OK
OK,anadarko,Archdiocese of Oklahoma City,OK
OK,antlers,Diocese of Tulsa,OK
OK,apache,Archdiocese of Oklahoma City,OK
OK,arapaho,Archdiocese of Oklahoma City,OK
OK,ardmore,Archdiocese of Oklahoma City,OK
OK,arkoma,Diocese of Tulsa,OK
OK,arnett,Archdiocese of Oklahoma City,OK
OK,asher,Archdiocese of Oklahoma City,OK
OK,atoka,Diocese of Tulsa,OK
OK,avant,Diocese of Tulsa,OK
OK,barnsdall,Diocese of Tulsa,OK
OK,bartlesville,Diocese of Tulsa,OK
OK,beaver,Archdiocese of Oklahoma City,OK
OK,beggs,Diocese of Tulsa,OK
OK,belfonte,Diocese of Tulsa,OK
OK,bell,Diocese of Tulsa,OK
OK,bennington,Diocese of Tulsa,OK
OK,bernice,Diocese of Tulsa,OK
OK,bethany,Archdiocese of Oklahoma City,OK
OK,bethel acres,Archdiocese of Oklahoma City,OK
OK,billings,Archdiocese of Oklahoma City,OK
OK,binger,Archdiocese of Oklahoma City,OK
OK,bixby,Diocese of Tulsa,OK
OK,blackwell,Archdiocese of Oklahoma City,OK
OK,blair,Archdiocese of Oklahoma City,OK
OK,blanchard,Archdiocese of Oklahoma City,OK
OK,bluejacket,Diocese of Tulsa,OK
OK,boise city,Archdiocese of Oklahoma City,OK
OK,bokchito,Diocese of Tulsa,OK
OK,bokoshe,Diocese of Tulsa,OK
OK,boley,Diocese of Tulsa,OK
OK,boswell,Diocese of Tulsa,OK
OK,bowlegs,Archdiocese of Oklahoma City,OK
OK,bray,Archdiocese of Oklahoma City,OK
OK,brent,Diocese of Tulsa,OK
OK,bridge creek,Archdiocese of Oklahoma City,OK
OK,briggs,Diocese of Tulsa,OK
OK,bristow,Diocese of Tulsa,OK
OK,broken arrow,Diocese of Tulsa,OK
OK,broken bow,Diocese of Tulsa,OK
OK,brushy,Diocese of Tulsa,OK
OK,buffalo,Archdiocese of Oklahoma City,OK
OK,burns flat,Archdiocese of Oklahoma City,OK
OK,bushyhead,Diocese of Tulsa,OK
OK,butler,Archdiocese of Oklahoma City,OK
OK,byng,Archdiocese of Oklahoma City,OK
OK,cache,Archdiocese of Oklahoma City,OK
OK,caddo,Diocese of Tulsa,OK
OK,calera,Diocese of Tulsa,OK
OK,calumet,Archdiocese of Oklahoma City,OK
OK,canton,Archdiocese of Oklahoma City,OK
OK,canute,Archdiocese of Oklahoma City,OK
OK,carlisle,Diocese of Tulsa,OK
OK,carmen,Archdiocese of Oklahoma City,OK
OK,carnegie,Archdiocese of Oklahoma City,OK
OK,carney,Archdiocese of Oklahoma City,OK
OK,cartwright,Diocese of Tulsa,OK
OK,cashion,Archdiocese of Oklahoma City,OK
OK,catoosa,Diocese of Tulsa,OK
OK,cedar crest,Diocese of Tulsa,OK
OK,cedar valley,Archdiocese of Oklahoma City,OK
OK,cement,Archdiocese of Oklahoma City,OK
OK,central high,Archdiocese of Oklahoma City,OK
OK,chandler,Archdiocese of Oklahoma City,OK
OK,chattanooga,Archdiocese of Oklahoma City,OK
OK,checotah,Diocese of Tulsa,OK
OK,chelsea,Diocese of Tulsa,OK
OK,cherokee,Archdiocese of Oklahoma City,OK
OK,cherry tree,Diocese of Tulsa,OK
OK,cheyenne,Archdiocese of Oklahoma City,OK
OK,chickasha,Archdiocese of Oklahoma City,OK
OK,choctaw,Archdiocese of Oklahoma City,OK
OK,chouteau,Diocese of Tulsa,OK
OK,claremore,Diocese of Tulsa,OK
OK,clayton,Diocese of Tulsa,OK
OK,cleo springs,Archdiocese of Oklahoma City,OK
OK,cleora,Diocese of Tulsa,OK
OK,cleveland,Diocese of Tulsa,OK
OK,clinton,Archdiocese of Oklahoma City,OK
OK,coalgate,Diocese of Tulsa,OK
OK,colbert,Diocese of Tulsa,OK
OK,colcord,Diocese of Tulsa,OK
OK,cole,Archdiocese of Oklahoma City,OK
OK,collinsville,Diocese of Tulsa,OK
OK,comanche,Archdiocese of Oklahoma City,OK
OK,commerce,Diocese of Tulsa,OK
OK,copan,Diocese of Tulsa,OK
OK,copeland,Diocese of Tulsa,OK
OK,cordell,Archdiocese of Oklahoma City,OK
OK,corn,Archdiocese of Oklahoma City,OK
OK,covington,Archdiocese of Oklahoma City,OK
OK,coweta,Diocese of Tulsa,OK
OK,coyle,Archdiocese of Oklahoma City,OK
OK,crescent,Archdiocese of Oklahoma City,OK
OK,crowder,Diocese of Tulsa,OK
OK,cushing,Diocese of Tulsa,OK
OK,custer city,Archdiocese of Oklahoma City,OK
OK,cyril,Archdiocese of Oklahoma City,OK
OK,davenport,Archdiocese of Oklahoma City,OK
OK,davis,Archdiocese of Oklahoma City,OK
OK,del city,Archdiocese of Oklahoma City,OK
OK,delaware,Diocese of Tulsa,OK
OK,depew,Diocese of Tulsa,OK
OK,dewar,Diocese of Tulsa,OK
OK,dewey,Diocese of Tulsa,OK
OK,dibble,Archdiocese of Oklahoma City,OK
OK,dickson,Archdiocese of Oklahoma City,OK
OK,dill city,Archdiocese of Oklahoma City,OK
OK,disney,Diocese of Tulsa,OK
OK,dover,Archdiocese of Oklahoma City,OK
OK,drummond,Archdiocese of Oklahoma City,OK
OK,drumright,Diocese of Tulsa,OK
OK,duke,Archdiocese of Oklahoma City,OK
OK,duncan,Archdiocese of Oklahoma City,OK
OK,durant,Diocese of Tulsa,OK
OK,dustin,Diocese of Tulsa,OK
OK,eagletown,Diocese of Tulsa,OK
OK,eakly,Archdiocese of Oklahoma City,OK
OK,earlsboro,Archdiocese of Oklahoma City,OK
OK,edmond,Archdiocese of Oklahoma City,OK
OK,el reno,Archdiocese of Oklahoma City,OK
OK,eldon,Diocese of Tulsa,OK
OK,eldorado,Archdiocese of Oklahoma City,OK
OK,elgin,Archdiocese of Oklahoma City,OK
OK,elk city,Archdiocese of Oklahoma City,OK
OK,elmore city,Archdiocese of Oklahoma City,OK
OK,empire city,Archdiocese of Oklahoma City,OK
OK,enid,Archdiocese of Oklahoma City,OK
OK,erick,Archdiocese of Oklahoma City,OK
OK,eufaula,Diocese of Tulsa,OK
OK,evening shade,Diocese of Tulsa,OK
OK,fairfax,Diocese of Tulsa,OK
OK,fairfield,Diocese of Tulsa,OK
OK,fairland,Diocese of Tulsa,OK
OK,fairview,Archdiocese of Oklahoma City,OK
OK,fanshawe,Diocese of Tulsa,OK
OK,fargo,Archdiocese of Oklahoma City,OK
OK,fletcher,Archdiocese of Oklahoma City,OK
OK,flint creek,Diocese of Tulsa,OK
OK,forest park,Archdiocese of Oklahoma City,OK
OK,forgan,Archdiocese of Oklahoma City,OK
OK,fort cobb,Archdiocese of Oklahoma City,OK
OK,fort coffee,Diocese of Tulsa,OK
OK,fort gibson,Diocese of Tulsa,OK
OK,fort supply,Archdiocese of Oklahoma City,OK
OK,fort towson,Diocese of Tulsa,OK
OK,foyil,Diocese of Tulsa,OK
OK,francis,Archdiocese of Oklahoma City,OK
OK,frederick,Archdiocese of Oklahoma City,OK
OK,freedom,Archdiocese of Oklahoma City,OK
OK,gage,Archdiocese of Oklahoma City,OK
OK,gans,Diocese of Tulsa,OK
OK,garber,Archdiocese of Oklahoma City,OK
OK,geary,Archdiocese of Oklahoma City,OK
OK,geronimo,Archdiocese of Oklahoma City,OK
OK,glencoe,Diocese of Tulsa,OK
OK,glenpool,Diocese of Tulsa,OK
OK,goldsby,Archdiocese of Oklahoma City,OK
OK,goodwell,Archdiocese of Oklahoma City,OK
OK,gore,Diocese of Tulsa,OK
OK,gracemont,Archdiocese of Oklahoma City,OK
OK,grandfield,Archdiocese of Oklahoma City,OK
OK,granite,Archdiocese of Oklahoma City,OK
OK,greasy,Diocese of Tulsa,OK
OK,grove,Diocese of Tulsa,OK
OK,guthrie,Archdiocese of Oklahoma City,OK
OK,guymon,Archdiocese of Oklahoma City,OK
OK,haileyville,Diocese of Tulsa,OK
OK,hall park,Archdiocese of Oklahoma City,OK
OK,hammon,Archdiocese of Oklahoma City,OK
OK,harrah,Archdiocese of Oklahoma City,OK
OK,hartshorne,Diocese of Tulsa,OK
OK,haskell,Diocese of Tulsa,OK
OK,healdton,Archdiocese of Oklahoma City,OK
OK,heavener,Diocese of Tulsa,OK
OK,helena,Archdiocese of Oklahoma City,OK
OK,hennessey,Archdiocese of Oklahoma City,OK
OK,henryetta,Diocese of Tulsa,OK
OK,hinton,Archdiocese of Oklahoma City,OK
OK,hobart,Archdiocese of Oklahoma City,OK
OK,holdenville,Diocese of Tulsa,OK
OK,hollis,Archdiocese of Oklahoma City,OK
OK,hominy,Diocese of Tulsa,OK
OK,hooker,Archdiocese of Oklahoma City,OK
OK,howe,Diocese of Tulsa,OK
OK,hugo,Diocese of Tulsa,OK
OK,hulbert,Diocese of Tulsa,OK
OK,hydro,Archdiocese of Oklahoma City,OK
OK,idabel,Diocese of Tulsa,OK
OK,indiahoma,Archdiocese of Oklahoma City,OK
OK,inola,Diocese of Tulsa,OK
OK,jay,Diocese of Tulsa,OK
OK,jenks,Diocese of Tulsa,OK
OK,jennings,Diocese of Tulsa,OK
OK,jones,Archdiocese of Oklahoma City,OK
OK,justice,Diocese of Tulsa,OK
OK,kansas,Diocese of Tulsa,OK
OK,katie,Archdiocese of Oklahoma City,OK
OK,kaw city,Archdiocese of Oklahoma City,OK
OK,kellyville,Diocese of Tulsa,OK
OK,kenwood,Diocese of Tulsa,OK
OK,keota,Diocese of Tulsa,OK
OK,ketchum,Diocese of Tulsa,OK
OK,keys,Diocese of Tulsa,OK
OK,kiefer,Diocese of Tulsa,OK
OK,kingfisher,Archdiocese of Oklahoma City,OK
OK,kingston,Archdiocese of Oklahoma City,OK
OK,kiowa,Diocese of Tulsa,OK
OK,konawa,Archdiocese of Oklahoma City,OK
OK,krebs,Diocese of Tulsa,OK
OK,lahoma,Archdiocese of Oklahoma City,OK
OK,lamont,Archdiocese of Oklahoma City,OK
OK,lane,Diocese of Tulsa,OK
OK,langley,Diocese of Tulsa,OK
OK,langston,Archdiocese of Oklahoma City,OK
OK,laverne,Archdiocese of Oklahoma City,OK
OK,lawton,Archdiocese of Oklahoma City,OK
OK,lebanon,Archdiocese of Oklahoma City,OK
OK,leedey,Archdiocese of Oklahoma City,OK
OK,lehigh,Diocese of Tulsa,OK
OK,lexington,Archdiocese of Oklahoma City,OK
OK,limestone,Diocese of Tulsa,OK
OK,lindsay,Archdiocese of Oklahoma City,OK
OK,locust grove,Diocese of Tulsa,OK
OK,lone grove,Archdiocese of Oklahoma City,OK
OK,lone wolf,Archdiocese of Oklahoma City,OK
OK,long,Diocese of Tulsa,OK
OK,longtown,Diocese of Tulsa,OK
OK,lost city,Diocese of Tulsa,OK
OK,luther,Archdiocese of Oklahoma City,OK
OK,madill,Archdiocese of Oklahoma City,OK
OK,mangum,Archdiocese of Oklahoma City,OK
OK,mannford,Diocese of Tulsa,OK
OK,mannsville,Archdiocese of Oklahoma City,OK
OK,marietta,Archdiocese of Oklahoma City,OK
OK,marlow,Archdiocese of Oklahoma City,OK
OK,maud,Archdiocese of Oklahoma City,OK
OK,maysville,Archdiocese of Oklahoma City,OK
OK,mcalester,Diocese of Tulsa,OK
OK,mccord,Diocese of Tulsa,OK
OK,mccurtain,Diocese of Tulsa,OK
OK,mcloud,Archdiocese of Oklahoma City,OK
OK,medford,Archdiocese of Oklahoma City,OK
OK,medicine park,Archdiocese of Oklahoma City,OK
OK,meeker,Archdiocese of Oklahoma City,OK
OK,meridian,Archdiocese of Oklahoma City,OK
OK,miami,Diocese of Tulsa,OK
OK,midwest city,Archdiocese of Oklahoma City,OK
OK,milburn,Archdiocese of Oklahoma City,OK
OK,mill creek,Archdiocese of Oklahoma City,OK
OK,millerton,Diocese of Tulsa,OK
OK,minco,Archdiocese of Oklahoma City,OK
OK,moore,Archdiocese of Oklahoma City,OK
OK,mooreland,Archdiocese of Oklahoma City,OK
OK,morris,Diocese of Tulsa,OK
OK,morrison,Archdiocese of Oklahoma City,OK
OK,mounds,Diocese of Tulsa,OK
OK,mountain park,Archdiocese of Oklahoma City,OK
OK,mountain view,Archdiocese of Oklahoma City,OK
OK,muldrow,Diocese of Tulsa,OK
OK,muskogee,Diocese of Tulsa,OK
OK,mustang,Archdiocese of Oklahoma City,OK
OK,new eucha,Diocese of Tulsa,OK
OK,newcastle,Archdiocese of Oklahoma City,OK
OK,newkirk,Archdiocese of Oklahoma City,OK
OK,nichols hills,Archdiocese of Oklahoma City,OK
OK,nicoma park,Archdiocese of Oklahoma City,OK
OK,nicut,Diocese of Tulsa,OK
OK,ninnekah,Archdiocese of Oklahoma City,OK
OK,noble,Archdiocese of Oklahoma City,OK
OK,norman,Archdiocese of Oklahoma City,OK
OK,north enid,Archdiocese of Oklahoma City,OK
OK,north miami,Diocese of Tulsa,OK
OK,notiechtown,Diocese of Tulsa,OK
OK,nowata,Diocese of Tulsa,OK
OK,oakhurst,Diocese of Tulsa,OK
OK,oakland,Archdiocese of Oklahoma City,OK
OK,ochelata,Diocese of Tulsa,OK
OK,oilton,Diocese of Tulsa,OK
OK,okarche,Archdiocese of Oklahoma City,OK
OK,okay,Diocese of Tulsa,OK
OK,okeene,Archdiocese of Oklahoma City,OK
OK,okemah,Diocese of Tulsa,OK
OK,oklahoma city,Archdiocese of Oklahoma City,OK
OK,okmulgee,Diocese of Tulsa,OK
OK,oktaha,Diocese of Tulsa,OK
OK,old green,Diocese of Tulsa,OK
OK,olustee,Archdiocese of Oklahoma City,OK
OK,oologah,Diocese of Tulsa,OK
OK,optima,Archdiocese of Oklahoma City,OK
OK,owasso,Diocese of Tulsa,OK
OK,paden,Diocese of Tulsa,OK
OK,panama,Diocese of Tulsa,OK
OK,paoli,Archdiocese of Oklahoma City,OK
OK,park hill,Diocese of Tulsa,OK
OK,pauls valley,Archdiocese of Oklahoma City,OK
OK,pawhuska,Diocese of Tulsa,OK
OK,pawnee,Diocese of Tulsa,OK
OK,peavine,Diocese of Tulsa,OK
OK,peggs,Diocese of Tulsa,OK
OK,perkins,Diocese of Tulsa,OK
OK,perry,Archdiocese of Oklahoma City,OK
OK,pettit,Diocese of Tulsa,OK
OK,piedmont,Archdiocese of Oklahoma City,OK
OK,pin oak acres,Diocese of Tulsa,OK
OK,pink,Archdiocese of Oklahoma City,OK
OK,pocola,Diocese of Tulsa,OK
OK,ponca city,Archdiocese of Oklahoma City,OK
OK,pond creek,Archdiocese of Oklahoma City,OK
OK,porter,Diocese of Tulsa,OK
OK,porum,Diocese of Tulsa,OK
OK,poteau,Diocese of Tulsa,OK
OK,prague,Archdiocese of Oklahoma City,OK
OK,prue,Diocese of Tulsa,OK
OK,pryor,Diocese of Tulsa,OK
OK,pryor creek,Diocese of Tulsa,OK
OK,purcell,Archdiocese of Oklahoma City,OK
OK,quapaw,Diocese of Tulsa,OK
OK,quinton,Diocese of Tulsa,OK
OK,ralston,Diocese of Tulsa,OK
OK,ramona,Diocese of Tulsa,OK
OK,randlett,Archdiocese of Oklahoma City,OK
OK,ravia,Archdiocese of Oklahoma City,OK
OK,red oak,Diocese of Tulsa,OK
OK,redbird smith,Diocese of Tulsa,OK
OK,remy,Diocese of Tulsa,OK
OK,ringling,Archdiocese of Oklahoma City,OK
OK,ringwood,Archdiocese of Oklahoma City,OK
OK,ripley,Diocese of Tulsa,OK
OK,rock island,Diocese of Tulsa,OK
OK,rocky mountain,Diocese of Tulsa,OK
OK,roff,Archdiocese of Oklahoma City,OK
OK,roland,Diocese of Tulsa,OK
OK,rush springs,Archdiocese of Oklahoma City,OK
OK,ryan,Archdiocese of Oklahoma City,OK
OK,salina,Diocese of Tulsa,OK
OK,sallisaw,Diocese of Tulsa,OK
OK,sand hill,Diocese of Tulsa,OK
OK,sand springs,Diocese of Tulsa,OK
OK,sapulpa,Diocese of Tulsa,OK
OK,savanna,Diocese of Tulsa,OK
OK,sawyer,Diocese of Tulsa,OK
OK,sayre,Archdiocese of Oklahoma City,OK
OK,schulter,Diocese of Tulsa,OK
OK,seiling,Archdiocese of Oklahoma City,OK
OK,seminole,Archdiocese of Oklahoma City,OK
OK,sentinel,Archdiocese of Oklahoma City,OK
OK,sequoyah,Diocese of Tulsa,OK
OK,shady grove,Diocese of Tulsa,OK
OK,shady point,Diocese of Tulsa,OK
OK,shattuck,Archdiocese of Oklahoma City,OK
OK,shawnee,Archdiocese of Oklahoma City,OK
OK,shidler,Diocese of Tulsa,OK
OK,silo,Diocese of Tulsa,OK
OK,simms,Diocese of Tulsa,OK
OK,skiatook,Diocese of Tulsa,OK
OK,slaughterville,Archdiocese of Oklahoma City,OK
OK,snyder,Archdiocese of Oklahoma City,OK
OK,south coffeyville,Diocese of Tulsa,OK
OK,spavinaw,Diocese of Tulsa,OK
OK,spencer,Archdiocese of Oklahoma City,OK
OK,sperry,Diocese of Tulsa,OK
OK,spiro,Diocese of Tulsa,OK
OK,sportsmen acres,Diocese of Tulsa,OK
OK,springer,Archdiocese of Oklahoma City,OK
OK,sterling,Archdiocese of Oklahoma City,OK
OK,stigler,Diocese of Tulsa,OK
OK,stillwater,Diocese of Tulsa,OK
OK,stilwell,Diocese of Tulsa,OK
OK,stonewall,Archdiocese of Oklahoma City,OK
OK,stratford,Archdiocese of Oklahoma City,OK
OK,stringtown,Diocese of Tulsa,OK
OK,stroud,Archdiocese of Oklahoma City,OK
OK,sulphur,Archdiocese of Oklahoma City,OK
OK,tahlequah,Diocese of Tulsa,OK
OK,talihina,Diocese of Tulsa,OK
OK,taloga,Archdiocese of Oklahoma City,OK
OK,tecumseh,Archdiocese of Oklahoma City,OK
OK,temple,Archdiocese of Oklahoma City,OK
OK,tenkiller,Diocese of Tulsa,OK
OK,terral,Archdiocese of Oklahoma City,OK
OK,texanna,Diocese of Tulsa,OK
OK,texhoma,Archdiocese of Oklahoma City,OK
OK,thackerville,Archdiocese of Oklahoma City,OK
OK,the village,Archdiocese of Oklahoma City,OK
OK,thomas,Archdiocese of Oklahoma City,OK
OK,tipton,Archdiocese of Oklahoma City,OK
OK,tishomingo,Archdiocese of Oklahoma City,OK
OK,titanic,Diocese of Tulsa,OK
OK,tonkawa,Archdiocese of Oklahoma City,OK
OK,tribbey,Archdiocese of Oklahoma City,OK
OK,tryon,Archdiocese of Oklahoma City,OK
OK,tulsa,Diocese of Tulsa,OK
OK,tupelo,Diocese of Tulsa,OK
OK,turley,Diocese of Tulsa,OK
OK,turpin,Archdiocese of Oklahoma City,OK
OK,tushka,Diocese of Tulsa,OK
OK,tuttle,Archdiocese of Oklahoma City,OK
OK,tyrone,Archdiocese of Oklahoma City,OK
OK,union city,Archdiocese of Oklahoma City,OK
OK,valley brook,Archdiocese of Oklahoma City,OK
OK,valliant,Diocese of Tulsa,OK
OK,velma,Archdiocese of Oklahoma City,OK
OK,verden,Archdiocese of Oklahoma City,OK
OK,verdigris,Diocese of Tulsa,OK
OK,vian,Diocese of Tulsa,OK
OK,vici,Archdiocese of Oklahoma City,OK
OK,vinita,Diocese of Tulsa,OK
OK,wagoner,Diocese of Tulsa,OK
OK,wakita,Archdiocese of Oklahoma City,OK
OK,walters,Archdiocese of Oklahoma City,OK
OK,wanette,Archdiocese of Oklahoma City,OK
OK,wapanucka,Archdiocese of Oklahoma City,OK
OK,warner,Diocese of Tulsa,OK
OK,warr acres,Archdiocese of Oklahoma City,OK
OK,washington,Archdiocese of Oklahoma City,OK
OK,watonga,Archdiocese of Oklahoma City,OK
OK,watts,Diocese of Tulsa,OK
OK,wauhillau,Diocese of Tulsa,OK
OK,waukomis,Archdiocese of Oklahoma City,OK
OK,waurika,Archdiocese of Oklahoma City,OK
OK,wayne,Archdiocese of Oklahoma City,OK
OK,waynoka,Archdiocese of Oklahoma City,OK
OK,weatherford,Archdiocese of Oklahoma City,OK
OK,webbers falls,Diocese of Tulsa,OK
OK,welch,Diocese of Tulsa,OK
OK,weleetka,Diocese of Tulsa,OK
OK,welling,Diocese of Tulsa,OK
OK,wellston,Archdiocese of Oklahoma City,OK
OK,west siloam springs,Diocese of Tulsa,OK
OK,westville,Diocese of Tulsa,OK
OK,wetumka,Diocese of Tulsa,OK
OK,wewoka,Archdiocese of Oklahoma City,OK
OK,whitefield,Diocese of Tulsa,OK
OK,wilburton,Diocese of Tulsa,OK
OK,winchester,Diocese of Tulsa,OK
OK,wister,Diocese of Tulsa,OK
OK,woodall,Diocese of Tulsa,OK
OK,woodward,Archdiocese of Oklahoma City,OK
OK,wright city,Diocese of Tulsa,OK
OK,wyandotte,Diocese of Tulsa,OK
OK,wynnewood,Archdiocese of Oklahoma City,OK
OK,wynona,Diocese of Tulsa,OK
OK,yale,Diocese of Tulsa,OK
OK,yukon,Archdiocese of Oklahoma City,OK
OK,zeb,Diocese of Tulsa,OK
OR,adair village,Archdiocese of Portland in Oregon,OR
OR,adams,Diocese of Baker,OR
OR,agate beach,Archdiocese of Portland in Oregon,OR
OR,albany,Archdiocese of Portland in Oregon,OR
OR,aloha,Archdiocese of Portland in Oregon,OR
OR,altamont,Diocese of Baker,OR
OR,amity,Archdiocese of Portland in Oregon,OR
OR,arlington,Diocese of Baker,OR
OR,ashland,Archdiocese of Portland in Oregon,OR
OR,astoria,Archdiocese of Portland in Oregon,OR
OR,athena,Diocese of Baker,OR
OR,aumsville,Archdiocese of Portland in Oregon,OR
OR,aurora,Archdiocese of Portland in Oregon,OR
OR,baker city,Diocese of Baker,OR
OR,bandon,Archdiocese of Portland in Oregon,OR
OR,banks,Archdiocese of Portland in Oregon,OR
OR,barview,Archdiocese of Portland in Oregon,OR
OR,bay city,Archdiocese of Portland in Oregon,OR
OR,bayside gardens,Archdiocese of Portland in Oregon,OR
OR,beavercreek,Archdiocese of Portland in Oregon,OR
OR,beaverton,Archdiocese of Portland in Oregon,OR
OR,bend,Diocese of Baker,OR
OR,bethany,Archdiocese of Portland in Oregon,OR
OR,black butte ranch,Diocese of Baker,OR
OR,boardman,Diocese of Baker,OR
OR,bonanza,Diocese of Baker,OR
OR,brookings,Archdiocese of Portland in Oregon,OR
OR,brooks,Archdiocese of Portland in Oregon,OR
OR,brownsville,Archdiocese of Portland in Oregon,OR
OR,bunker hill,Archdiocese of Portland in Oregon,OR
OR,burns,Diocese of Baker,OR
OR,butte falls,Archdiocese of Portland in Oregon,OR
OR,canby,Archdiocese of Portland in Oregon,OR
OR,cannon beach,Archdiocese of Portland in Oregon,OR
OR,canyon city,Diocese of Baker,OR
OR,canyonville,Archdiocese of Portland in Oregon,OR
OR,carlton,Archdiocese of Portland in Oregon,OR
OR,cascade locks,Diocese of Baker,OR
OR,cave junction,Archdiocese of Portland in Oregon,OR
OR,cedar hills,Archdiocese of Portland in Oregon,OR
OR,cedar mill,Archdiocese of Portland in Oregon,OR
OR,central point,Archdiocese of Portland in Oregon,OR
OR,chenoweth,Diocese of Baker,OR
OR,chiloquin,Diocese of Baker,OR
OR,clackamas,Archdiocese of Portland in Oregon,OR
OR,clatskanie,Archdiocese of Portland in Oregon,OR
OR,coburg,Archdiocese of Portland in Oregon,OR
OR,columbia city,Archdiocese of Portland in Oregon,OR
OR,condon,Diocese of Baker,OR
OR,coos bay,Archdiocese of Portland in Oregon,OR
OR,coquille,Archdiocese of Portland in Oregon,OR
OR,cornelius,Archdiocese of Portland in Oregon,OR
OR,corvallis,Archdiocese of Portland in Oregon,OR
OR,cottage grove,Archdiocese of Portland in Oregon,OR
OR,cove,Diocese of Baker,OR
OR,crabtree,Archdiocese of Portland in Oregon,OR
OR,crawfordsville,Archdiocese of Portland in Oregon,OR
OR,creswell,Archdiocese of Portland in Oregon,OR
OR,culp creek,Archdiocese of Portland in Oregon,OR
OR,culver,Diocese of Baker,OR
OR,dallas,Archdiocese of Portland in Oregon,OR
OR,damascus,Archdiocese of Portland in Oregon,OR
OR,dayton,Archdiocese of Portland in Oregon,OR
OR,depoe bay,Archdiocese of Portland in Oregon,OR
OR,deschutes river woods,Diocese of Baker,OR
OR,dillard,Archdiocese of Portland in Oregon,OR
OR,donald,Archdiocese of Portland in Oregon,OR
OR,drain,Archdiocese of Portland in Oregon,OR
OR,dufur,Diocese of Baker,OR
OR,dundee,Archdiocese of Portland in Oregon,OR
OR,dunes city,Archdiocese of Portland in Oregon,OR
OR,durham,Archdiocese of Portland in Oregon,OR
OR,eagle point,Archdiocese of Portland in Oregon,OR
OR,echo,Diocese of Baker,OR
OR,elgin,Diocese of Baker,OR
OR,enterprise,Diocese of Baker,OR
OR,estacada,Archdiocese of Portland in Oregon,OR
OR,eugene,Archdiocese of Portland in Oregon,OR
OR,fairview,Archdiocese of Portland in Oregon,OR
OR,falls city,Archdiocese of Portland in Oregon,OR
OR,florence,Archdiocese of Portland in Oregon,OR
OR,foots creek,Archdiocese of Portland in Oregon,OR
OR,forest grove,Archdiocese of Portland in Oregon,OR
OR,fossil,Diocese of Baker,OR
OR,four corners,Archdiocese of Portland in Oregon,OR
OR,fruitdale,Archdiocese of Portland in Oregon,OR
OR,garden homewhitford,Archdiocese of Portland in Oregon,OR
OR,garibaldi,Archdiocese of Portland in Oregon,OR
OR,gaston,Archdiocese of Portland in Oregon,OR
OR,gates,Archdiocese of Portland in Oregon,OR
OR,gearhart,Archdiocese of Portland in Oregon,OR
OR,gervais,Archdiocese of Portland in Oregon,OR
OR,gladstone,Archdiocese of Portland in Oregon,OR
OR,glasgow,Archdiocese of Portland in Oregon,OR
OR,glendale,Archdiocese of Portland in Oregon,OR
OR,glide,Archdiocese of Portland in Oregon,OR
OR,gold beach,Archdiocese of Portland in Oregon,OR
OR,gold hill,Archdiocese of Portland in Oregon,OR
OR,gopher flats,Diocese of Baker,OR
OR,grand ronde,Archdiocese of Portland in Oregon,OR
OR,grants pass,Archdiocese of Portland in Oregon,OR
OR,green,Archdiocese of Portland in Oregon,OR
OR,gresham,Archdiocese of Portland in Oregon,OR
OR,haines,Diocese of Baker,OR
OR,halsey,Archdiocese of Portland in Oregon,OR
OR,hammond,Archdiocese of Portland in Oregon,OR
OR,happy valley,Archdiocese of Portland in Oregon,OR
OR,harbor,Archdiocese of Portland in Oregon,OR
OR,harrisburg,Archdiocese of Portland in Oregon,OR
OR,hayesville,Archdiocese of Portland in Oregon,OR
OR,heppner,Diocese of Baker,OR
OR,hermiston,Diocese of Baker,OR
OR,hillsboro,Archdiocese of Portland in Oregon,OR
OR,hines,Diocese of Baker,OR
OR,holley,Archdiocese of Portland in Oregon,OR
OR,hood river,Diocese of Baker,OR
OR,hubbard,Archdiocese of Portland in Oregon,OR
OR,huntington,Diocese of Baker,OR
OR,idaville,Archdiocese of Portland in Oregon,OR
OR,imbler,Diocese of Baker,OR
OR,independence,Archdiocese of Portland in Oregon,OR
OR,ione,Diocese of Baker,OR
OR,irrigon,Diocese of Baker,OR
OR,island city,Diocese of Baker,OR
OR,jacksonville,Archdiocese of Portland in Oregon,OR
OR,jeffers garden,Archdiocese of Portland in Oregon,OR
OR,jefferson,Archdiocese of Portland in Oregon,OR
OR,jennings lodge,Archdiocese of Portland in Oregon,OR
OR,john day,Diocese of Baker,OR
OR,johnson city,Archdiocese of Portland in Oregon,OR
OR,joseph,Diocese of Baker,OR
OR,junction city,Archdiocese of Portland in Oregon,OR
OR,keizer,Archdiocese of Portland in Oregon,OR
OR,kerby,Archdiocese of Portland in Oregon,OR
OR,king city,Archdiocese of Portland in Oregon,OR
OR,klamath falls,Diocese of Baker,OR
OR,la grande,Diocese of Baker,OR
OR,la pine,Diocese of Baker,OR
OR,labish village,Archdiocese of Portland in Oregon,OR
OR,lacomb,Archdiocese of Portland in Oregon,OR
OR,lafayette,Archdiocese of Portland in Oregon,OR
OR,lake oswego,Archdiocese of Portland in Oregon,OR
OR,lakeside,Archdiocese of Portland in Oregon,OR
OR,lakeview,Diocese of Baker,OR
OR,lebanon,Archdiocese of Portland in Oregon,OR
OR,lincoln beach,Archdiocese of Portland in Oregon,OR
OR,lincoln city,Archdiocese of Portland in Oregon,OR
OR,lookingglass,Archdiocese of Portland in Oregon,OR
OR,lowell,Archdiocese of Portland in Oregon,OR
OR,lyons,Archdiocese of Portland in Oregon,OR
OR,madras,Diocese of Baker,OR
OR,malin,Diocese of Baker,OR
OR,manzanita,Archdiocese of Portland in Oregon,OR
OR,marion,Archdiocese of Portland in Oregon,OR
OR,maupin,Diocese of Baker,OR
OR,maywood park,Archdiocese of Portland in Oregon,OR
OR,mcminnville,Archdiocese of Portland in Oregon,OR
OR,medford,Archdiocese of Portland in Oregon,OR
OR,melrose,Archdiocese of Portland in Oregon,OR
OR,merlin,Archdiocese of Portland in Oregon,OR
OR,merrill,Diocese of Baker,OR
OR,metolius,Diocese of Baker,OR
OR,metzger,Archdiocese of Portland in Oregon,OR
OR,mill city,Archdiocese of Portland in Oregon,OR
OR,millersburg,Archdiocese of Portland in Oregon,OR
OR,miltonfreewater,Diocese of Baker,OR
OR,milwaukie,Archdiocese of Portland in Oregon,OR
OR,mission,Diocese of Baker,OR
OR,molalla,Archdiocese of Portland in Oregon,OR
OR,monmouth,Archdiocese of Portland in Oregon,OR
OR,monroe,Archdiocese of Portland in Oregon,OR
OR,moro,Diocese of Baker,OR
OR,mosier,Diocese of Baker,OR
OR,mount angel,Archdiocese of Portland in Oregon,OR
OR,mount hood village,Archdiocese of Portland in Oregon,OR
OR,mount vernon,Diocese of Baker,OR
OR,mulino,Archdiocese of Portland in Oregon,OR
OR,myrtle creek,Archdiocese of Portland in Oregon,OR
OR,myrtle point,Archdiocese of Portland in Oregon,OR
OR,nesika beach,Archdiocese of Portland in Oregon,OR
OR,netarts,Archdiocese of Portland in Oregon,OR
OR,new hope,Archdiocese of Portland in Oregon,OR
OR,newberg,Archdiocese of Portland in Oregon,OR
OR,newport,Archdiocese of Portland in Oregon,OR
OR,north bend,Archdiocese of Portland in Oregon,OR
OR,north plains,Archdiocese of Portland in Oregon,OR
OR,north portland,Archdiocese of Portland in Oregon,OR
OR,north powder,Diocese of Baker,OR
OR,nyssa,Diocese of Baker,OR
OR,oak grove,Archdiocese of Portland in Oregon,OR
OR,oak hills,Archdiocese of Portland in Oregon,OR
OR,oakland,Archdiocese of Portland in Oregon,OR
OR,oakridge,Archdiocese of Portland in Oregon,OR
OR,oatfield,Archdiocese of Portland in Oregon,OR
OR,obrien,Archdiocese of Portland in Oregon,OR
OR,oceanside,Archdiocese of Portland in Oregon,OR
OR,odell,Diocese of Baker,OR
OR,ontario,Diocese of Baker,OR
OR,oregon city,Archdiocese of Portland in Oregon,OR
OR,pacific city,Archdiocese of Portland in Oregon,OR
OR,parkdale,Diocese of Baker,OR
OR,pendleton,Diocese of Baker,OR
OR,philomath,Archdiocese of Portland in Oregon,OR
OR,phoenix,Archdiocese of Portland in Oregon,OR
OR,pilot rock,Diocese of Baker,OR
OR,pine hollow,Diocese of Baker,OR
OR,port orford,Archdiocese of Portland in Oregon,OR
OR,portland,Archdiocese of Portland in Oregon,OR
OR,powers,Archdiocese of Portland in Oregon,OR
OR,prairie city,Diocese of Baker,OR
OR,prineville,Diocese of Baker,OR
OR,prospect,Archdiocese of Portland in Oregon,OR
OR,rainier,Archdiocese of Portland in Oregon,OR
OR,raleigh hills,Archdiocese of Portland in Oregon,OR
OR,redmond,Diocese of Baker,OR
OR,redwood,Archdiocese of Portland in Oregon,OR
OR,reedsport,Archdiocese of Portland in Oregon,OR
OR,riddle,Archdiocese of Portland in Oregon,OR
OR,rockaway beach,Archdiocese of Portland in Oregon,OR
OR,rockcreek,Archdiocese of Portland in Oregon,OR
OR,rogue river,Archdiocese of Portland in Oregon,OR
OR,rose lodge,Archdiocese of Portland in Oregon,OR
OR,roseburg,Archdiocese of Portland in Oregon,OR
OR,roseburg north,Archdiocese of Portland in Oregon,OR
OR,ruch,Archdiocese of Portland in Oregon,OR
OR,salem,Archdiocese of Portland in Oregon,OR
OR,sandy,Archdiocese of Portland in Oregon,OR
OR,scappoose,Archdiocese of Portland in Oregon,OR
OR,scio,Archdiocese of Portland in Oregon,OR
OR,scotts mills,Archdiocese of Portland in Oregon,OR
OR,seaside,Archdiocese of Portland in Oregon,OR
OR,selma,Archdiocese of Portland in Oregon,OR
OR,shady cove,Archdiocese of Portland in Oregon,OR
OR,sheridan,Archdiocese of Portland in Oregon,OR
OR,sherwood,Archdiocese of Portland in Oregon,OR
OR,siletz,Archdiocese of Portland in Oregon,OR
OR,silverton,Archdiocese of Portland in Oregon,OR
OR,sisters,Diocese of Baker,OR
OR,sodaville,Archdiocese of Portland in Oregon,OR
OR,south lebanon,Archdiocese of Portland in Oregon,OR
OR,springfield,Archdiocese of Portland in Oregon,OR
OR,st helens,Archdiocese of Portland in Oregon,OR
OR,st paul,Archdiocese of Portland in Oregon,OR
OR,stafford,Archdiocese of Portland in Oregon,OR
OR,stanfield,Diocese of Baker,OR
OR,stayton,Archdiocese of Portland in Oregon,OR
OR,sublimity,Archdiocese of Portland in Oregon,OR
OR,sunriver,Diocese of Baker,OR
OR,sutherlin,Archdiocese of Portland in Oregon,OR
OR,sweet home,Archdiocese of Portland in Oregon,OR
OR,takilma,Archdiocese of Portland in Oregon,OR
OR,talent,Archdiocese of Portland in Oregon,OR
OR,tangent,Archdiocese of Portland in Oregon,OR
OR,terrebonne,Diocese of Baker,OR
OR,the dalles,Diocese of Baker,OR
OR,three rivers,Diocese of Baker,OR
OR,tigard,Archdiocese of Portland in Oregon,OR
OR,tillamook,Archdiocese of Portland in Oregon,OR
OR,toledo,Archdiocese of Portland in Oregon,OR
OR,trail,Archdiocese of Portland in Oregon,OR
OR,tricity,Archdiocese of Portland in Oregon,OR
OR,troutdale,Archdiocese of Portland in Oregon,OR
OR,tualatin,Archdiocese of Portland in Oregon,OR
OR,tumalo,Diocese of Baker,OR
OR,turner,Archdiocese of Portland in Oregon,OR
OR,tutuilla,Diocese of Baker,OR
OR,umapine,Diocese of Baker,OR
OR,umatilla,Diocese of Baker,OR
OR,union,Diocese of Baker,OR
OR,vale,Diocese of Baker,OR
OR,veneta,Archdiocese of Portland in Oregon,OR
OR,vernonia,Archdiocese of Portland in Oregon,OR
OR,waldport,Archdiocese of Portland in Oregon,OR
OR,wallowa,Diocese of Baker,OR
OR,warm springs,Diocese of Baker,OR
OR,warren,Archdiocese of Portland in Oregon,OR
OR,warrenton,Archdiocese of Portland in Oregon,OR
OR,wasco,Diocese of Baker,OR
OR,west havensylvan,Archdiocese of Portland in Oregon,OR
OR,west linn,Archdiocese of Portland in Oregon,OR
OR,weston,Diocese of Baker,OR
OR,westport,Archdiocese of Portland in Oregon,OR
OR,wheeler,Archdiocese of Portland in Oregon,OR
OR,white city,Archdiocese of Portland in Oregon,OR
OR,willamina,Archdiocese of Portland in Oregon,OR
OR,williams,Archdiocese of Portland in Oregon,OR
OR,wilsonville,Archdiocese of Portland in Oregon,OR
OR,wimer,Archdiocese of Portland in Oregon,OR
OR,winchester bay,Archdiocese of Portland in Oregon,OR
OR,winston,Archdiocese of Portland in Oregon,OR
OR,wood village,Archdiocese of Portland in Oregon,OR
OR,woodburn,Archdiocese of Portland in Oregon,OR
OR,yachats,Archdiocese of Portland in Oregon,OR
OR,yamhill,Archdiocese of Portland in Oregon,OR
OR,yoncalla,Archdiocese of Portland in Oregon,OR
PA,aaronsburg,Diocese of Altoona–Johnstown,PA
PA,abbottstown,Diocese of Harrisburg,PA
PA,abington,Archdiocese of Philadelphia,PA
PA,ackermanville,Diocese of Allentown,PA
PA,acme,Diocese of Greensburg,PA
PA,adamstown,Diocese of Harrisburg,PA
PA,airville,Diocese of Harrisburg,PA
PA,akron,Diocese of Harrisburg,PA
PA,albion,Diocese of Erie,PA
PA,alburtis,Diocese of Allentown,PA
PA,aldan,Archdiocese of Philadelphia,PA
PA,alexandria,Diocese of Altoona–Johnstown,PA
PA,aliquippa,Diocese of Pittsburgh,PA
PA,alleghenyville,Diocese of Allentown,PA
PA,allensville,Diocese of Harrisburg,PA
PA,allentown,Diocese of Allentown,PA
PA,allenwood,Diocese of Harrisburg,PA
PA,allison,Diocese of Greensburg,PA
PA,allison park,Diocese of Pittsburgh,PA
PA,almedia,Diocese of Harrisburg,PA
PA,alsace manor,Diocese of Allentown,PA
PA,altamont,Diocese of Allentown,PA
PA,altoona,Diocese of Altoona–Johnstown,PA
PA,ambler,Archdiocese of Philadelphia,PA
PA,ambridge,Diocese of Pittsburgh,PA
PA,amity gardens,Diocese of Allentown,PA
PA,ancient oaks,Diocese of Allentown,PA
PA,annville,Diocese of Harrisburg,PA
PA,apollo,Diocese of Greensburg,PA
PA,archbald,Diocese of Scranton,PA
PA,ardmore,Archdiocese of Philadelphia,PA
PA,arendtsville,Diocese of Harrisburg,PA
PA,aristes,Diocese of Harrisburg,PA
PA,arlington heights,Diocese of Scranton,PA
PA,arnold,Diocese of Greensburg,PA
PA,arnold city,Diocese of Greensburg,PA
PA,arnot,Diocese of Scranton,PA
PA,arona,Diocese of Greensburg,PA
PA,ashland,Diocese of Allentown,PA
PA,ashley,Diocese of Scranton,PA
PA,aspers,Diocese of Harrisburg,PA
PA,aspinwall,Diocese of Pittsburgh,PA
PA,atglen,Archdiocese of Philadelphia,PA
PA,athens,Diocese of Scranton,PA
PA,atlas,Diocese of Harrisburg,PA
PA,atlasburg,Diocese of Pittsburgh,PA
PA,auburn,Diocese of Allentown,PA
PA,audubon,Archdiocese of Philadelphia,PA
PA,austin,Diocese of Erie,PA
PA,avalon,Diocese of Pittsburgh,PA
PA,avella,Diocese of Pittsburgh,PA
PA,avis,Diocese of Altoona–Johnstown,PA
PA,avoca,Diocese of Scranton,PA
PA,avon,Diocese of Harrisburg,PA
PA,avondale,Archdiocese of Philadelphia,PA
PA,avonia,Diocese of Erie,PA
PA,avonmore,Diocese of Greensburg,PA
PA,back mountain,Diocese of Scranton,PA
PA,baden,Diocese of Pittsburgh,PA
PA,baidland,Diocese of Pittsburgh,PA
PA,bainbridge,Diocese of Harrisburg,PA
PA,bairdford,Diocese of Pittsburgh,PA
PA,bakerstown,Diocese of Pittsburgh,PA
PA,bala cynwyd,Archdiocese of Philadelphia,PA
PA,baldwin,Diocese of Pittsburgh,PA
PA,bally,Diocese of Allentown,PA
PA,bangor,Diocese of Allentown,PA
PA,barnesboro,Diocese of Altoona–Johnstown,PA
PA,bath,Diocese of Allentown,PA
PA,baumstown,Diocese of Allentown,PA
PA,beallsville,Diocese of Pittsburgh,PA
PA,bear rocks,Diocese of Greensburg,PA
PA,beaver,Diocese of Pittsburgh,PA
PA,beaver falls,Diocese of Pittsburgh,PA
PA,beaver meadows,Diocese of Allentown,PA
PA,beaver springs,Diocese of Harrisburg,PA
PA,beaverdale,Diocese of Altoona–Johnstown,PA
PA,beavertown,Diocese of Harrisburg,PA
PA,bechtelsville,Diocese of Allentown,PA
PA,bedford,Diocese of Altoona–Johnstown,PA
PA,bedminster,Archdiocese of Philadelphia,PA
PA,beech creek,Diocese of Altoona–Johnstown,PA
PA,beech mountain lakes,Diocese of Scranton,PA
PA,belfast,Diocese of Allentown,PA
PA,bell acres,Diocese of Pittsburgh,PA
PA,belle vernon,Diocese of Greensburg,PA
PA,bellefonte,Diocese of Altoona–Johnstown,PA
PA,belleville,Diocese of Harrisburg,PA
PA,bellevue,Diocese of Pittsburgh,PA
PA,bellwood,Diocese of Altoona–Johnstown,PA
PA,belmont,Diocese of Altoona–Johnstown,PA
PA,ben avon,Diocese of Pittsburgh,PA
PA,ben avon heights,Diocese of Pittsburgh,PA
PA,bendersville,Diocese of Harrisburg,PA
PA,bensalem,Archdiocese of Philadelphia,PA
PA,bentleyville,Diocese of Pittsburgh,PA
PA,benton,Diocese of Harrisburg,PA
PA,berlin,Diocese of Altoona–Johnstown,PA
PA,bernville,Diocese of Allentown,PA
PA,berrysburg,Diocese of Harrisburg,PA
PA,berwick,Diocese of Harrisburg,PA
PA,berwyn,Archdiocese of Philadelphia,PA
PA,bessemer,Diocese of Pittsburgh,PA
PA,bethel,Diocese of Allentown,PA
PA,bethel park,Diocese of Pittsburgh,PA
PA,bethlehem,Diocese of Allentown,PA
PA,big bass lake,Diocese of Scranton,PA
PA,big beaver,Diocese of Pittsburgh,PA
PA,big run,Diocese of Erie,PA
PA,bigler,Diocese of Erie,PA
PA,biglerville,Diocese of Harrisburg,PA
PA,birchwood lakes,Diocese of Scranton,PA
PA,bird in hand,Diocese of Harrisburg,PA
PA,birdsboro,Diocese of Allentown,PA
PA,black lick,Diocese of Greensburg,PA
PA,blairsville,Diocese of Greensburg,PA
PA,blakely,Diocese of Scranton,PA
PA,blanchard,Diocese of Altoona–Johnstown,PA
PA,blandburg,Diocese of Altoona–Johnstown,PA
PA,blandon,Diocese of Allentown,PA
PA,blawnox,Diocese of Pittsburgh,PA
PA,bloomfield,Diocese of Pittsburgh,PA
PA,blooming valley,Diocese of Erie,PA
PA,bloomsburg,Diocese of Harrisburg,PA
PA,blossburg,Diocese of Scranton,PA
PA,blue ball,Diocese of Harrisburg,PA
PA,blue bell,Archdiocese of Philadelphia,PA
PA,blue ridge summit,Diocese of Harrisburg,PA
PA,boalsburg,Diocese of Altoona–Johnstown,PA
PA,bobtown,Diocese of Pittsburgh,PA
PA,boiling springs,Diocese of Harrisburg,PA
PA,bolivar,Diocese of Greensburg,PA
PA,bonneauville,Diocese of Harrisburg,PA
PA,boothwyn,Archdiocese of Philadelphia,PA
PA,boston,Diocese of Pittsburgh,PA
PA,boswell,Diocese of Altoona–Johnstown,PA
PA,bowers,Diocese of Allentown,PA
PA,bowmanstown,Diocese of Allentown,PA
PA,bowmansville,Diocese of Harrisburg,PA
PA,boyertown,Diocese of Allentown,PA
PA,brackenridge,Diocese of Pittsburgh,PA
PA,braddock,Diocese of Pittsburgh,PA
PA,braddock hills,Diocese of Pittsburgh,PA
PA,bradenville,Diocese of Greensburg,PA
PA,bradford,Diocese of Erie,PA
PA,bradford woods,Diocese of Pittsburgh,PA
PA,branch dale,Diocese of Allentown,PA
PA,breinigsville,Diocese of Allentown,PA
PA,brentwood,Diocese of Pittsburgh,PA
PA,bressler,Diocese of Harrisburg,PA
PA,briar creek,Diocese of Harrisburg,PA
PA,brickerville,Diocese of Harrisburg,PA
PA,bridgeport,Archdiocese of Philadelphia,PA
PA,bridgeville,Diocese of Pittsburgh,PA
PA,bridgewater,Diocese of Pittsburgh,PA
PA,brisbin,Diocese of Erie,PA
PA,bristol,Archdiocese of Philadelphia,PA
PA,brittany farmshighlands,Archdiocese of Philadelphia,PA
PA,broad top city,Diocese of Altoona–Johnstown,PA
PA,brockway,Diocese of Erie,PA
PA,brodheadsville,Diocese of Scranton,PA
PA,brookhaven,Archdiocese of Philadelphia,PA
PA,brookville,Diocese of Erie,PA
PA,broomall,Archdiocese of Philadelphia,PA
PA,brownsville,Diocese of Greensburg,PA
PA,browntown,Diocese of Scranton,PA
PA,bruin,Diocese of Pittsburgh,PA
PA,bryn athyn,Archdiocese of Philadelphia,PA
PA,buckhorn,Diocese of Harrisburg,PA
PA,bulger,Diocese of Pittsburgh,PA
PA,burgettstown,Diocese of Pittsburgh,PA
PA,burnham,Diocese of Harrisburg,PA
PA,butler,Diocese of Pittsburgh,PA
PA,byrnedale,Diocese of Erie,PA
PA,cairnbrook,Diocese of Altoona–Johnstown,PA
PA,california,Diocese of Pittsburgh,PA
PA,callery,Diocese of Pittsburgh,PA
PA,caln,Archdiocese of Philadelphia,PA
PA,calumet,Diocese of Greensburg,PA
PA,cambridge springs,Diocese of Erie,PA
PA,camp hill,Diocese of Harrisburg,PA
PA,campbelltown,Diocese of Harrisburg,PA
PA,canadensis,Diocese of Scranton,PA
PA,canadohta lake,Diocese of Erie,PA
PA,canonsburg,Diocese of Pittsburgh,PA
PA,canton,Diocese of Scranton,PA
PA,carbondale,Diocese of Scranton,PA
PA,carlisle,Diocese of Harrisburg,PA
PA,carmichaels,Diocese of Pittsburgh,PA
PA,carnegie,Diocese of Pittsburgh,PA
PA,carnotmoon,Diocese of Pittsburgh,PA
PA,carroll valley,Diocese of Harrisburg,PA
PA,carrolltown,Diocese of Altoona–Johnstown,PA
PA,cashtown,Diocese of Harrisburg,PA
PA,castanea,Diocese of Altoona–Johnstown,PA
PA,castle shannon,Diocese of Pittsburgh,PA
PA,catasauqua,Diocese of Allentown,PA
PA,catawissa,Diocese of Harrisburg,PA
PA,cecilbishop,Diocese of Pittsburgh,PA
PA,cementon,Diocese of Allentown,PA
PA,center valley,Diocese of Allentown,PA
PA,centerport,Diocese of Allentown,PA
PA,centerville,Diocese of Pittsburgh,PA
PA,central city,Diocese of Altoona–Johnstown,PA
PA,centre hall,Diocese of Altoona–Johnstown,PA
PA,cetronia,Diocese of Allentown,PA
PA,chalfant,Diocese of Pittsburgh,PA
PA,chalfont,Archdiocese of Philadelphia,PA
PA,chambersburg,Diocese of Harrisburg,PA
PA,charleroi,Diocese of Pittsburgh,PA
PA,chase,Diocese of Scranton,PA
PA,cheltenham,Archdiocese of Philadelphia,PA
PA,cherry tree,Diocese of Greensburg,PA
PA,cherryville,Diocese of Allentown,PA
PA,chester,Archdiocese of Philadelphia,PA
PA,chester heights,Archdiocese of Philadelphia,PA
PA,chester hill,Diocese of Erie,PA
PA,chester springs,Archdiocese of Philadelphia,PA
PA,chesterbrook,Archdiocese of Philadelphia,PA
PA,cheswick,Diocese of Pittsburgh,PA
PA,chevy chase heights,Diocese of Greensburg,PA
PA,chewton,Diocese of Pittsburgh,PA
PA,chicora,Diocese of Pittsburgh,PA
PA,chinchilla,Diocese of Scranton,PA
PA,christiana,Diocese of Harrisburg,PA
PA,church hill,Diocese of Harrisburg,PA
PA,churchill,Diocese of Pittsburgh,PA
PA,churchtown,Diocese of Harrisburg,PA
PA,churchville,Archdiocese of Philadelphia,PA
PA,clairton,Diocese of Pittsburgh,PA
PA,clarence,Diocese of Altoona–Johnstown,PA
PA,clarendon,Diocese of Erie,PA
PA,clarion,Diocese of Erie,PA
PA,clark,Diocese of Erie,PA
PA,clarks green,Diocese of Scranton,PA
PA,clarks summit,Diocese of Scranton,PA
PA,clay,Diocese of Harrisburg,PA
PA,claysburg,Diocese of Altoona–Johnstown,PA
PA,claysville,Diocese of Pittsburgh,PA
PA,clearfield,Diocese of Erie,PA
PA,cleona,Diocese of Harrisburg,PA
PA,clifton heights,Archdiocese of Philadelphia,PA
PA,clinton,Diocese of Pittsburgh,PA
PA,clintonville,Diocese of Erie,PA
PA,clymer,Diocese of Greensburg,PA
PA,coaldale,Diocese of Allentown,PA
PA,coalport,Diocese of Erie,PA
PA,coatesville,Archdiocese of Philadelphia,PA
PA,cochranton,Diocese of Erie,PA
PA,cochranville,Archdiocese of Philadelphia,PA
PA,cokeburg,Diocese of Pittsburgh,PA
PA,collegeville,Archdiocese of Philadelphia,PA
PA,collingdale,Archdiocese of Philadelphia,PA
PA,collinsburg,Diocese of Greensburg,PA
PA,colonial park,Diocese of Harrisburg,PA
PA,colony park,Diocese of Allentown,PA
PA,columbia,Diocese of Harrisburg,PA
PA,columbia cross roads,Diocese of Scranton,PA
PA,columbus,Diocese of Erie,PA
PA,colver,Diocese of Altoona–Johnstown,PA
PA,colwyn,Archdiocese of Philadelphia,PA
PA,commodore,Diocese of Greensburg,PA
PA,conashaugh lakes,Diocese of Scranton,PA
PA,conemaugh,Diocese of Altoona–Johnstown,PA
PA,conestoga,Diocese of Harrisburg,PA
PA,confluence,Diocese of Altoona–Johnstown,PA
PA,conneaut lake,Diocese of Erie,PA
PA,conneaut lakeshore,Diocese of Erie,PA
PA,conneautville,Diocese of Erie,PA
PA,connellsville,Diocese of Greensburg,PA
PA,connoquenessing,Diocese of Pittsburgh,PA
PA,conshohocken,Archdiocese of Philadelphia,PA
PA,conway,Diocese of Pittsburgh,PA
PA,conyngham,Diocese of Scranton,PA
PA,coopersburg,Diocese of Allentown,PA
PA,cooperstown,Diocese of Erie,PA
PA,coplay,Diocese of Allentown,PA
PA,coral,Diocese of Greensburg,PA
PA,coraopolis,Diocese of Pittsburgh,PA
PA,cornwall,Diocese of Harrisburg,PA
PA,cornwells heights,Archdiocese of Philadelphia,PA
PA,corry,Diocese of Erie,PA
PA,corsica,Diocese of Erie,PA
PA,coudersport,Diocese of Erie,PA
PA,courtdale,Diocese of Scranton,PA
PA,crafton,Diocese of Pittsburgh,PA
PA,cranberry township,Diocese of Pittsburgh,PA
PA,cranesville,Diocese of Erie,PA
PA,creekside,Diocese of Greensburg,PA
PA,crenshaw,Diocese of Erie,PA
PA,cresco,Diocese of Scranton,PA
PA,cresson,Diocese of Altoona–Johnstown,PA
PA,cressona,Diocese of Allentown,PA
PA,cross roads,Diocese of Harrisburg,PA
PA,croydon,Archdiocese of Philadelphia,PA
PA,crucible,Diocese of Pittsburgh,PA
PA,cumbola,Diocese of Allentown,PA
PA,curtisville,Diocese of Pittsburgh,PA
PA,curwensville,Diocese of Erie,PA
PA,daisytown,Diocese of Altoona–Johnstown,PA
PA,dale,Diocese of Altoona–Johnstown,PA
PA,dallas,Diocese of Scranton,PA
PA,dallastown,Diocese of Harrisburg,PA
PA,dalmatia,Diocese of Harrisburg,PA
PA,dalton,Diocese of Scranton,PA
PA,danville,Diocese of Harrisburg,PA
PA,darby,Archdiocese of Philadelphia,PA
PA,dauberville,Diocese of Allentown,PA
PA,dauphin,Diocese of Harrisburg,PA
PA,davidsville,Diocese of Altoona–Johnstown,PA
PA,dawson,Diocese of Greensburg,PA
PA,dayton,Diocese of Greensburg,PA
PA,deemston,Diocese of Pittsburgh,PA
PA,delano,Diocese of Allentown,PA
PA,delaware water gap,Diocese of Scranton,PA
PA,delmont,Diocese of Greensburg,PA
PA,delta,Diocese of Harrisburg,PA
PA,denver,Diocese of Harrisburg,PA
PA,derry,Diocese of Greensburg,PA
PA,devon,Archdiocese of Philadelphia,PA
PA,dewart,Diocese of Harrisburg,PA
PA,dickson city,Diocese of Scranton,PA
PA,dicksonville,Diocese of Greensburg,PA
PA,dillsburg,Diocese of Harrisburg,PA
PA,donaldson,Diocese of Allentown,PA
PA,donora,Diocese of Pittsburgh,PA
PA,dormont,Diocese of Pittsburgh,PA
PA,dorneyville,Diocese of Allentown,PA
PA,douglassville,Diocese of Allentown,PA
PA,dover,Diocese of Harrisburg,PA
PA,downingtown,Archdiocese of Philadelphia,PA
PA,doylestown,Archdiocese of Philadelphia,PA
PA,dravosburg,Diocese of Pittsburgh,PA
PA,dresher,Archdiocese of Philadelphia,PA
PA,drexel hill,Archdiocese of Philadelphia,PA
PA,dry tavern,Diocese of Pittsburgh,PA
PA,dryville,Diocese of Allentown,PA
PA,dublin,Archdiocese of Philadelphia,PA
PA,dubois,Diocese of Erie,PA
PA,duboistown,Diocese of Scranton,PA
PA,dunbar,Diocese of Greensburg,PA
PA,duncannon,Diocese of Harrisburg,PA
PA,duncansville,Diocese of Altoona–Johnstown,PA
PA,dunlevy,Diocese of Pittsburgh,PA
PA,dunlo,Diocese of Altoona–Johnstown,PA
PA,dunmore,Diocese of Scranton,PA
PA,dunnstown,Diocese of Altoona–Johnstown,PA
PA,dupont,Diocese of Scranton,PA
PA,duquesne,Diocese of Pittsburgh,PA
PA,duryea,Diocese of Scranton,PA
PA,dushore,Diocese of Scranton,PA
PA,eagleview,Archdiocese of Philadelphia,PA
PA,earlston,Diocese of Altoona–Johnstown,PA
PA,east bangor,Diocese of Allentown,PA
PA,east berlin,Diocese of Harrisburg,PA
PA,east berwick,Diocese of Scranton,PA
PA,east brady,Diocese of Erie,PA
PA,east butler,Diocese of Pittsburgh,PA
PA,east conemaugh,Diocese of Altoona–Johnstown,PA
PA,east earl,Diocese of Harrisburg,PA
PA,east freedom,Diocese of Altoona–Johnstown,PA
PA,east greenville,Archdiocese of Philadelphia,PA
PA,east lansdowne,Archdiocese of Philadelphia,PA
PA,east mckeesport,Diocese of Pittsburgh,PA
PA,east norriton,Archdiocese of Philadelphia,PA
PA,east petersburg,Diocese of Harrisburg,PA
PA,east pittsburgh,Diocese of Pittsburgh,PA
PA,east prospect,Diocese of Harrisburg,PA
PA,east rochester,Diocese of Pittsburgh,PA
PA,east side,Diocese of Allentown,PA
PA,east stroudsburg,Diocese of Scranton,PA
PA,east uniontown,Diocese of Greensburg,PA
PA,east vandergrift,Diocese of Greensburg,PA
PA,east washington,Diocese of Pittsburgh,PA
PA,east york,Diocese of Harrisburg,PA
PA,eastlawn gardens,Diocese of Allentown,PA
PA,easton,Diocese of Allentown,PA
PA,ebensburg,Diocese of Altoona–Johnstown,PA
PA,economy,Diocese of Pittsburgh,PA
PA,eddington,Archdiocese of Philadelphia,PA
PA,eddystone,Archdiocese of Philadelphia,PA
PA,edenburg,Diocese of Allentown,PA
PA,edgeworth,Diocese of Pittsburgh,PA
PA,edinboro,Diocese of Erie,PA
PA,edwardsville,Diocese of Scranton,PA
PA,effort,Diocese of Scranton,PA
PA,egypt,Diocese of Allentown,PA
PA,eighty four,Diocese of Pittsburgh,PA
PA,elco,Diocese of Pittsburgh,PA
PA,elderton,Diocese of Greensburg,PA
PA,eldred,Diocese of Erie,PA
PA,elim,Diocese of Altoona–Johnstown,PA
PA,elizabeth,Diocese of Pittsburgh,PA
PA,elizabethtown,Diocese of Harrisburg,PA
PA,elizabethville,Diocese of Harrisburg,PA
PA,elkins park,Archdiocese of Philadelphia,PA
PA,elkland,Diocese of Scranton,PA
PA,ellport,Diocese of Pittsburgh,PA
PA,ellsworth,Diocese of Pittsburgh,PA
PA,ellwood city,Diocese of Pittsburgh,PA
PA,elrama,Diocese of Pittsburgh,PA
PA,elverson,Archdiocese of Philadelphia,PA
PA,elysburg,Diocese of Harrisburg,PA
PA,emerald lakes,Diocese of Scranton,PA
PA,emigsville,Diocese of Harrisburg,PA
PA,emlenton,Diocese of Erie,PA
PA,emmaus,Diocese of Allentown,PA
PA,emporium,Diocese of Erie,PA
PA,emsworth,Diocese of Pittsburgh,PA
PA,englewood,Diocese of Allentown,PA
PA,enhaut,Diocese of Harrisburg,PA
PA,enlow,Diocese of Pittsburgh,PA
PA,enola,Diocese of Harrisburg,PA
PA,ephrata,Diocese of Harrisburg,PA
PA,erie,Diocese of Erie,PA
PA,ernest,Diocese of Greensburg,PA
PA,espy,Diocese of Harrisburg,PA
PA,etna,Diocese of Pittsburgh,PA
PA,evans city,Diocese of Pittsburgh,PA
PA,evansburg,Archdiocese of Philadelphia,PA
PA,everett,Diocese of Altoona–Johnstown,PA
PA,everson,Diocese of Greensburg,PA
PA,exeter,Diocese of Scranton,PA
PA,export,Diocese of Greensburg,PA
PA,exton,Archdiocese of Philadelphia,PA
PA,fairchance,Diocese of Greensburg,PA
PA,fairdale,Diocese of Pittsburgh,PA
PA,fairhope,Diocese of Greensburg,PA
PA,fairless hills,Archdiocese of Philadelphia,PA
PA,fairview,Diocese of Erie,PA
PA,fairviewferndale,Diocese of Harrisburg,PA
PA,falls creek,Diocese of Erie,PA
PA,falmouth,Diocese of Harrisburg,PA
PA,farmersville,Diocese of Harrisburg,PA
PA,farmington,Diocese of Greensburg,PA
PA,farrell,Diocese of Erie,PA
PA,fawn grove,Diocese of Harrisburg,PA
PA,fawn lake forest,Diocese of Scranton,PA
PA,faxon,Diocese of Scranton,PA
PA,fayette city,Diocese of Greensburg,PA
PA,fayetteville,Diocese of Harrisburg,PA
PA,feasterville,Archdiocese of Philadelphia,PA
PA,fellsburg,Diocese of Greensburg,PA
PA,felton,Diocese of Harrisburg,PA
PA,ferndale,Diocese of Altoona–Johnstown,PA
PA,fernville,Diocese of Harrisburg,PA
PA,fernway,Diocese of Pittsburgh,PA
PA,finleyville,Diocese of Pittsburgh,PA
PA,fivepointville,Diocese of Harrisburg,PA
PA,fleetwood,Diocese of Allentown,PA
PA,flemington,Diocese of Altoona–Johnstown,PA
PA,flourtown,Archdiocese of Philadelphia,PA
PA,flying hills,Diocese of Allentown,PA
PA,folcroft,Archdiocese of Philadelphia,PA
PA,folsom,Archdiocese of Philadelphia,PA
PA,foot of ten,Diocese of Altoona–Johnstown,PA
PA,ford city,Diocese of Greensburg,PA
PA,ford cliff,Diocese of Greensburg,PA
PA,forest city,Diocese of Scranton,PA
PA,forest hills,Diocese of Pittsburgh,PA
PA,forestville,Diocese of Allentown,PA
PA,fort loudon,Diocese of Harrisburg,PA
PA,fort washington,Archdiocese of Philadelphia,PA
PA,forty fort,Diocese of Scranton,PA
PA,foster brook,Diocese of Erie,PA
PA,fountain hill,Diocese of Allentown,PA
PA,fox chapel,Diocese of Pittsburgh,PA
PA,fox chase,Diocese of Allentown,PA
PA,fox run,Diocese of Pittsburgh,PA
PA,frackville,Diocese of Allentown,PA
PA,franklin park,Diocese of Pittsburgh,PA
PA,franklintown,Diocese of Harrisburg,PA
PA,fredericktown,Diocese of Pittsburgh,PA
PA,fredonia,Diocese of Erie,PA
PA,freeburg,Diocese of Harrisburg,PA
PA,freedom,Diocese of Pittsburgh,PA
PA,freeland,Diocese of Scranton,PA
PA,freemansburg,Diocese of Allentown,PA
PA,freeport,Diocese of Greensburg,PA
PA,friedens,Diocese of Altoona–Johnstown,PA
PA,friedensburg,Diocese of Allentown,PA
PA,frizzleburg,Diocese of Pittsburgh,PA
PA,frystown,Diocese of Allentown,PA
PA,fullerton,Diocese of Allentown,PA
PA,galeton,Diocese of Erie,PA
PA,gallitzin,Diocese of Altoona–Johnstown,PA
PA,gap,Diocese of Harrisburg,PA
PA,garden view,Diocese of Scranton,PA
PA,garrett,Diocese of Altoona–Johnstown,PA
PA,gastonville,Diocese of Pittsburgh,PA
PA,geistown,Diocese of Altoona–Johnstown,PA
PA,gettysburg,Diocese of Harrisburg,PA
PA,gibraltar,Diocese of Allentown,PA
PA,gibsonia,Diocese of Pittsburgh,PA
PA,gilberton,Diocese of Allentown,PA
PA,gilbertsville,Archdiocese of Philadelphia,PA
PA,girard,Diocese of Erie,PA
PA,girardville,Diocese of Allentown,PA
PA,glassport,Diocese of Pittsburgh,PA
PA,glen lyon,Diocese of Scranton,PA
PA,glen rock,Diocese of Harrisburg,PA
PA,glenburn,Diocese of Scranton,PA
PA,glendon,Diocese of Allentown,PA
PA,glenolden,Archdiocese of Philadelphia,PA
PA,glenshaw,Diocese of Pittsburgh,PA
PA,glenside,Archdiocese of Philadelphia,PA
PA,gold key lake,Diocese of Scranton,PA
PA,goldsboro,Diocese of Harrisburg,PA
PA,goodville,Diocese of Harrisburg,PA
PA,gordon,Diocese of Allentown,PA
PA,gordonville,Diocese of Harrisburg,PA
PA,gouglersville,Diocese of Allentown,PA
PA,gouldsboro,Diocese of Scranton,PA
PA,grampian,Diocese of Erie,PA
PA,grantley,Diocese of Harrisburg,PA
PA,granville,Diocese of Harrisburg,PA
PA,grapeville,Diocese of Greensburg,PA
PA,grassflat,Diocese of Erie,PA
PA,gratz,Diocese of Harrisburg,PA
PA,grazierville,Diocese of Altoona–Johnstown,PA
PA,great bend,Diocese of Scranton,PA
PA,green lane,Archdiocese of Philadelphia,PA
PA,green tree,Diocese of Pittsburgh,PA
PA,greencastle,Diocese of Harrisburg,PA
PA,greenfields,Diocese of Allentown,PA
PA,greenock,Diocese of Pittsburgh,PA
PA,greensburg,Diocese of Greensburg,PA
PA,greenville,Diocese of Erie,PA
PA,greenwood,Diocese of Altoona–Johnstown,PA
PA,grill,Diocese of Allentown,PA
PA,grindstone,Diocese of Greensburg,PA
PA,grove city,Diocese of Erie,PA
PA,guilford,Diocese of Harrisburg,PA
PA,guilford siding,Diocese of Harrisburg,PA
PA,halfway house,Archdiocese of Philadelphia,PA
PA,halifax,Diocese of Harrisburg,PA
PA,hallam,Diocese of Harrisburg,PA
PA,hallstead,Diocese of Scranton,PA
PA,hamburg,Diocese of Allentown,PA
PA,hampton,Diocese of Harrisburg,PA
PA,hanover,Diocese of Harrisburg,PA
PA,harleigh,Diocese of Scranton,PA
PA,harleysville,Archdiocese of Philadelphia,PA
PA,harmonsburg,Diocese of Erie,PA
PA,harmony,Diocese of Pittsburgh,PA
PA,harrisburg,Diocese of Harrisburg,PA
PA,harrisville,Diocese of Pittsburgh,PA
PA,harveys lake,Diocese of Scranton,PA
PA,harwick,Diocese of Pittsburgh,PA
PA,hasson heights,Diocese of Erie,PA
PA,hastings,Diocese of Altoona–Johnstown,PA
PA,hatboro,Archdiocese of Philadelphia,PA
PA,hatfield,Archdiocese of Philadelphia,PA
PA,havertown,Archdiocese of Philadelphia,PA
PA,hawk run,Diocese of Erie,PA
PA,hawley,Diocese of Scranton,PA
PA,hawthorn,Diocese of Erie,PA
PA,hazleton,Diocese of Scranton,PA
PA,hebron,Diocese of Harrisburg,PA
PA,hegins,Diocese of Allentown,PA
PA,heidelberg,Diocese of Pittsburgh,PA
PA,heidlersburg,Diocese of Harrisburg,PA
PA,heilwood,Diocese of Greensburg,PA
PA,hellertown,Diocese of Allentown,PA
PA,hemlock farms,Diocese of Scranton,PA
PA,hendersonville,Diocese of Pittsburgh,PA
PA,hereford,Diocese of Allentown,PA
PA,herminie,Diocese of Greensburg,PA
PA,hermitage,Diocese of Erie,PA
PA,herndon,Diocese of Harrisburg,PA
PA,hershey,Diocese of Harrisburg,PA
PA,hickory,Diocese of Pittsburgh,PA
PA,hickory hills,Diocese of Scranton,PA
PA,highland park,Diocese of Harrisburg,PA
PA,highspire,Diocese of Harrisburg,PA
PA,hilldale,Diocese of Scranton,PA
PA,hiller,Diocese of Greensburg,PA
PA,hokendauqua,Diocese of Allentown,PA
PA,holiday pocono,Diocese of Allentown,PA
PA,hollidaysburg,Diocese of Altoona–Johnstown,PA
PA,homeacrelyndora,Diocese of Pittsburgh,PA
PA,homer city,Diocese of Greensburg,PA
PA,homestead,Diocese of Pittsburgh,PA
PA,hometown,Diocese of Allentown,PA
PA,honesdale,Diocese of Scranton,PA
PA,honey brook,Archdiocese of Philadelphia,PA
PA,hooversville,Diocese of Altoona–Johnstown,PA
PA,hop bottom,Diocese of Scranton,PA
PA,hopeland,Diocese of Harrisburg,PA
PA,hopwood,Diocese of Greensburg,PA
PA,horsham,Archdiocese of Philadelphia,PA
PA,hostetter,Diocese of Greensburg,PA
PA,houserville,Diocese of Altoona–Johnstown,PA
PA,houston,Diocese of Pittsburgh,PA
PA,houtzdale,Diocese of Erie,PA
PA,howard,Diocese of Altoona–Johnstown,PA
PA,hudson,Diocese of Scranton,PA
PA,hughestown,Diocese of Scranton,PA
PA,hughesville,Diocese of Scranton,PA
PA,hulmeville,Archdiocese of Philadelphia,PA
PA,hummels wharf,Diocese of Harrisburg,PA
PA,hummelstown,Diocese of Harrisburg,PA
PA,hunterstown,Diocese of Harrisburg,PA
PA,huntingdon,Diocese of Altoona–Johnstown,PA
PA,hyde,Diocese of Erie,PA
PA,hydetown,Diocese of Erie,PA
PA,hyndman,Diocese of Altoona–Johnstown,PA
PA,imperial,Diocese of Pittsburgh,PA
PA,indian lake,Diocese of Altoona–Johnstown,PA
PA,indian mountain lake,Diocese of Scranton,PA
PA,indiana,Diocese of Greensburg,PA
PA,industry,Diocese of Pittsburgh,PA
PA,ingram,Diocese of Pittsburgh,PA
PA,inkerman,Diocese of Scranton,PA
PA,intercourse,Diocese of Harrisburg,PA
PA,irvona,Diocese of Erie,PA
PA,irwin,Diocese of Greensburg,PA
PA,ivyland,Archdiocese of Philadelphia,PA
PA,jacksonville,Diocese of Greensburg,PA
PA,jacksonwald,Diocese of Allentown,PA
PA,jacobus,Diocese of Harrisburg,PA
PA,jamestown,Diocese of Erie,PA
PA,jeannette,Diocese of Greensburg,PA
PA,jefferson,Diocese of Harrisburg,PA
PA,jefferson hills,Diocese of Pittsburgh,PA
PA,jenkintown,Archdiocese of Philadelphia,PA
PA,jennerstown,Diocese of Altoona–Johnstown,PA
PA,jermyn,Diocese of Scranton,PA
PA,jerome,Diocese of Altoona–Johnstown,PA
PA,jersey shore,Diocese of Scranton,PA
PA,jessup,Diocese of Scranton,PA
PA,jim thorpe,Diocese of Allentown,PA
PA,joffre,Diocese of Pittsburgh,PA
PA,johnstown,Diocese of Altoona–Johnstown,PA
PA,jonestown,Diocese of Harrisburg,PA
PA,juniata terrace,Diocese of Harrisburg,PA
PA,kane,Diocese of Erie,PA
PA,kapp heights,Diocese of Harrisburg,PA
PA,kelayres,Diocese of Allentown,PA
PA,kenhorst,Diocese of Allentown,PA
PA,kenilworth,Archdiocese of Philadelphia,PA
PA,kenmar,Diocese of Scranton,PA
PA,kennedy township,Diocese of Pittsburgh,PA
PA,kennett square,Archdiocese of Philadelphia,PA
PA,kerrtown,Diocese of Erie,PA
PA,kersey,Diocese of Erie,PA
PA,king of prussia,Archdiocese of Philadelphia,PA
PA,kingston,Diocese of Scranton,PA
PA,kirkwood,Diocese of Harrisburg,PA
PA,kistler,Diocese of Harrisburg,PA
PA,kittanning,Diocese of Greensburg,PA
PA,knox,Diocese of Erie,PA
PA,knoxville,Diocese of Scranton,PA
PA,koppel,Diocese of Pittsburgh,PA
PA,kratzerville,Diocese of Harrisburg,PA
PA,kreamer,Diocese of Harrisburg,PA
PA,kulpmont,Diocese of Harrisburg,PA
PA,kulpsville,Archdiocese of Philadelphia,PA
PA,kutztown,Diocese of Allentown,PA
PA,kylertown,Diocese of Erie,PA
PA,laceyville,Diocese of Scranton,PA
PA,lafayette hill,Archdiocese of Philadelphia,PA
PA,laflin,Diocese of Scranton,PA
PA,lake arthur estates,Diocese of Pittsburgh,PA
PA,lake city,Diocese of Erie,PA
PA,lake heritage,Diocese of Harrisburg,PA
PA,lake latonka,Diocese of Erie,PA
PA,lake meade,Diocese of Harrisburg,PA
PA,lake winola,Diocese of Scranton,PA
PA,lake wynonah,Diocese of Allentown,PA
PA,lakemont,Diocese of Altoona–Johnstown,PA
PA,lamar,Diocese of Altoona–Johnstown,PA
PA,lampeter,Diocese of Harrisburg,PA
PA,lancaster,Diocese of Harrisburg,PA
PA,landenberg,Archdiocese of Philadelphia,PA
PA,landisville,Diocese of Harrisburg,PA
PA,lanesboro,Diocese of Scranton,PA
PA,langeloth,Diocese of Pittsburgh,PA
PA,langhorne,Archdiocese of Philadelphia,PA
PA,langhorne manor,Archdiocese of Philadelphia,PA
PA,lansdale,Archdiocese of Philadelphia,PA
PA,lansdowne,Archdiocese of Philadelphia,PA
PA,lansford,Diocese of Allentown,PA
PA,laporte,Diocese of Scranton,PA
PA,larksville,Diocese of Scranton,PA
PA,latrobe,Diocese of Greensburg,PA
PA,lattimer,Diocese of Scranton,PA
PA,laurel run,Diocese of Scranton,PA
PA,laureldale,Diocese of Allentown,PA
PA,laurys station,Diocese of Allentown,PA
PA,lavelle,Diocese of Allentown,PA
PA,lawnton,Diocese of Harrisburg,PA
PA,lawrence,Diocese of Pittsburgh,PA
PA,lawson heights,Diocese of Greensburg,PA
PA,lebanon,Diocese of Harrisburg,PA
PA,lebanon south,Diocese of Harrisburg,PA
PA,leechburg,Diocese of Greensburg,PA
PA,leesport,Diocese of Allentown,PA
PA,leetsdale,Diocese of Pittsburgh,PA
PA,lehighton,Diocese of Allentown,PA
PA,leithhatfield,Diocese of Greensburg,PA
PA,lemont,Diocese of Altoona–Johnstown,PA
PA,lemont furnace,Diocese of Greensburg,PA
PA,lemoyne,Diocese of Harrisburg,PA
PA,lenape heights,Diocese of Greensburg,PA
PA,lenkerville,Diocese of Harrisburg,PA
PA,leola,Diocese of Harrisburg,PA
PA,level green,Diocese of Greensburg,PA
PA,levittown,Archdiocese of Philadelphia,PA
PA,lewis run,Diocese of Erie,PA
PA,lewisberry,Diocese of Harrisburg,PA
PA,lewisburg,Diocese of Harrisburg,PA
PA,lewistown,Diocese of Harrisburg,PA
PA,liberty,Diocese of Pittsburgh,PA
PA,light street,Diocese of Harrisburg,PA
PA,ligonier,Diocese of Greensburg,PA
PA,lilly,Diocese of Altoona–Johnstown,PA
PA,lima,Archdiocese of Philadelphia,PA
PA,lime ridge,Diocese of Harrisburg,PA
PA,limerick,Archdiocese of Philadelphia,PA
PA,lincoln,Diocese of Pittsburgh,PA
PA,lincoln park,Diocese of Allentown,PA
PA,linesville,Diocese of Erie,PA
PA,linglestown,Diocese of Harrisburg,PA
PA,linntown,Diocese of Harrisburg,PA
PA,linwood,Archdiocese of Philadelphia,PA
PA,lionville,Archdiocese of Philadelphia,PA
PA,lititz,Diocese of Harrisburg,PA
PA,little britain,Diocese of Harrisburg,PA
PA,littlestown,Diocese of Harrisburg,PA
PA,liverpool,Diocese of Harrisburg,PA
PA,lock haven,Diocese of Altoona–Johnstown,PA
PA,loganton,Diocese of Altoona–Johnstown,PA
PA,loganville,Diocese of Harrisburg,PA
PA,long branch,Diocese of Pittsburgh,PA
PA,lorain,Diocese of Altoona–Johnstown,PA
PA,lorane,Diocese of Allentown,PA
PA,loretto,Diocese of Altoona–Johnstown,PA
PA,lower allen,Diocese of Harrisburg,PA
PA,lower burrell,Diocese of Greensburg,PA
PA,loyalhanna,Diocese of Greensburg,PA
PA,lucerne mines,Diocese of Greensburg,PA
PA,lykens,Diocese of Harrisburg,PA
PA,lynnwoodpricedale,Diocese of Greensburg,PA
PA,lyons,Diocese of Allentown,PA
PA,macungie,Diocese of Allentown,PA
PA,madison,Diocese of Greensburg,PA
PA,mahaffey,Diocese of Erie,PA
PA,mahanoy city,Diocese of Allentown,PA
PA,maitland,Diocese of Harrisburg,PA
PA,malvern,Archdiocese of Philadelphia,PA
PA,mammoth,Diocese of Greensburg,PA
PA,manchester,Diocese of Harrisburg,PA
PA,manheim,Diocese of Harrisburg,PA
PA,manor,Diocese of Greensburg,PA
PA,manorville,Diocese of Greensburg,PA
PA,mansfield,Diocese of Scranton,PA
PA,mapleton,Diocese of Altoona–Johnstown,PA
PA,marcus hook,Archdiocese of Philadelphia,PA
PA,marianna,Diocese of Pittsburgh,PA
PA,marianne,Diocese of Erie,PA
PA,marienville,Diocese of Erie,PA
PA,marietta,Diocese of Harrisburg,PA
PA,marion,Diocese of Harrisburg,PA
PA,marion center,Diocese of Greensburg,PA
PA,marion heights,Diocese of Harrisburg,PA
PA,marlin,Diocese of Allentown,PA
PA,mars,Diocese of Pittsburgh,PA
PA,marshallton,Diocese of Harrisburg,PA
PA,martins creek,Diocese of Allentown,PA
PA,martinsburg,Diocese of Altoona–Johnstown,PA
PA,marysville,Diocese of Harrisburg,PA
PA,masontown,Diocese of Greensburg,PA
PA,masthope,Diocese of Scranton,PA
PA,mather,Diocese of Pittsburgh,PA
PA,maytown,Diocese of Harrisburg,PA
PA,mcadoo,Diocese of Allentown,PA
PA,mcalisterville,Diocese of Harrisburg,PA
PA,mcclure,Diocese of Harrisburg,PA
PA,mcconnellsburg,Diocese of Altoona–Johnstown,PA
PA,mcconnellstown,Diocese of Altoona–Johnstown,PA
PA,mcdonald,Diocese of Pittsburgh,PA
PA,mcelhattan,Diocese of Altoona–Johnstown,PA
PA,mcgovern,Diocese of Pittsburgh,PA
PA,mckees rocks,Diocese of Pittsburgh,PA
PA,mckeesport,Diocese of Pittsburgh,PA
PA,mcmurray,Diocese of Pittsburgh,PA
PA,mcsherrystown,Diocese of Harrisburg,PA
PA,mcveytown,Diocese of Harrisburg,PA
PA,meadow lands,Diocese of Pittsburgh,PA
PA,meadowood,Diocese of Pittsburgh,PA
PA,meadville,Diocese of Erie,PA
PA,mechanicsburg,Diocese of Harrisburg,PA
PA,media,Archdiocese of Philadelphia,PA
PA,mercer,Diocese of Erie,PA
PA,mercersburg,Diocese of Harrisburg,PA
PA,meridian,Diocese of Pittsburgh,PA
PA,mertztown,Diocese of Allentown,PA
PA,meshoppen,Diocese of Scranton,PA
PA,mexico,Diocese of Harrisburg,PA
PA,meyersdale,Diocese of Altoona–Johnstown,PA
PA,middleboro,Diocese of Erie,PA
PA,middleburg,Diocese of Harrisburg,PA
PA,middleport,Diocese of Allentown,PA
PA,midland,Diocese of Pittsburgh,PA
PA,mifflin,Diocese of Harrisburg,PA
PA,mifflinburg,Diocese of Harrisburg,PA
PA,mifflintown,Diocese of Harrisburg,PA
PA,mifflinville,Diocese of Harrisburg,PA
PA,milesburg,Diocese of Altoona–Johnstown,PA
PA,milford square,Archdiocese of Philadelphia,PA
PA,mill creek,Diocese of Altoona–Johnstown,PA
PA,mill hall,Diocese of Altoona–Johnstown,PA
PA,mill village,Diocese of Erie,PA
PA,millbourne,Archdiocese of Philadelphia,PA
PA,millersburg,Diocese of Harrisburg,PA
PA,millerstown,Diocese of Harrisburg,PA
PA,millersville,Diocese of Harrisburg,PA
PA,millerton,Diocese of Scranton,PA
PA,millheim,Diocese of Altoona–Johnstown,PA
PA,millsboro,Diocese of Pittsburgh,PA
PA,millvale,Diocese of Pittsburgh,PA
PA,millwood,Diocese of Greensburg,PA
PA,milroy,Diocese of Harrisburg,PA
PA,milton,Diocese of Harrisburg,PA
PA,minersville,Diocese of Allentown,PA
PA,mingoville,Diocese of Altoona–Johnstown,PA
PA,mocanaqua,Diocese of Scranton,PA
PA,modena,Archdiocese of Philadelphia,PA
PA,mohnton,Diocese of Allentown,PA
PA,mohrsville,Diocese of Allentown,PA
PA,monaca,Diocese of Pittsburgh,PA
PA,monessen,Diocese of Greensburg,PA
PA,monongahela,Diocese of Pittsburgh,PA
PA,monroe,Diocese of Pittsburgh,PA
PA,monroeton,Diocese of Scranton,PA
PA,monroeville,Diocese of Pittsburgh,PA
PA,mont alto,Diocese of Harrisburg,PA
PA,montandon,Diocese of Harrisburg,PA
PA,montgomery,Diocese of Scranton,PA
PA,montgomeryville,Archdiocese of Philadelphia,PA
PA,montoursville,Diocese of Scranton,PA
PA,montrose manor,Diocese of Allentown,PA
PA,moosic,Diocese of Scranton,PA
PA,morgantown,Diocese of Allentown,PA
PA,morrisdale,Diocese of Erie,PA
PA,morton,Archdiocese of Philadelphia,PA
PA,moscow,Diocese of Scranton,PA
PA,mount aetna,Diocese of Allentown,PA
PA,mount carmel,Diocese of Harrisburg,PA
PA,mount cobb,Diocese of Scranton,PA
PA,mount gretna heights,Diocese of Harrisburg,PA
PA,mount holly springs,Diocese of Harrisburg,PA
PA,mount jewett,Diocese of Erie,PA
PA,mount joy,Diocese of Harrisburg,PA
PA,mount lebanon,Diocese of Pittsburgh,PA
PA,mount morris,Diocese of Pittsburgh,PA
PA,mount oliver,Diocese of Pittsburgh,PA
PA,mount penn,Diocese of Allentown,PA
PA,mount pleasant mill,Diocese of Harrisburg,PA
PA,mount pleasant mills,Diocese of Harrisburg,PA
PA,mount pocono,Diocese of Scranton,PA
PA,mount union,Diocese of Altoona–Johnstown,PA
PA,mount wolf,Diocese of Harrisburg,PA
PA,mountain top,Diocese of Scranton,PA
PA,mountainhome,Diocese of Scranton,PA
PA,mountville,Diocese of Harrisburg,PA
PA,muhlenberg park,Diocese of Allentown,PA
PA,muir,Diocese of Allentown,PA
PA,muncy,Diocese of Scranton,PA
PA,mundys corner,Diocese of Altoona–Johnstown,PA
PA,munhall,Diocese of Pittsburgh,PA
PA,murrysville,Diocese of Greensburg,PA
PA,muse,Diocese of Pittsburgh,PA
PA,myerstown,Diocese of Harrisburg,PA
PA,nanticoke,Diocese of Scranton,PA
PA,nanty glo,Diocese of Altoona–Johnstown,PA
PA,narberth,Archdiocese of Philadelphia,PA
PA,natrona heights,Diocese of Pittsburgh,PA
PA,nazareth,Diocese of Allentown,PA
PA,nemacolin,Diocese of Pittsburgh,PA
PA,nescopeck,Diocese of Scranton,PA
PA,nesquehoning,Diocese of Allentown,PA
PA,new albany,Diocese of Scranton,PA
PA,new alexandria,Diocese of Greensburg,PA
PA,new beaver,Diocese of Pittsburgh,PA
PA,new bedford,Diocese of Pittsburgh,PA
PA,new berlin,Diocese of Harrisburg,PA
PA,new berlinville,Diocese of Allentown,PA
PA,new bethlehem,Diocese of Erie,PA
PA,new bloomfield,Diocese of Harrisburg,PA
PA,new brighton,Diocese of Pittsburgh,PA
PA,new britain,Archdiocese of Philadelphia,PA
PA,new castle,Diocese of Pittsburgh,PA
PA,new castle northwest,Diocese of Pittsburgh,PA
PA,new columbia,Diocese of Harrisburg,PA
PA,new cumberland,Diocese of Harrisburg,PA
PA,new eagle,Diocese of Pittsburgh,PA
PA,new florence,Diocese of Greensburg,PA
PA,new freedom,Diocese of Harrisburg,PA
PA,new galilee,Diocese of Pittsburgh,PA
PA,new holland,Diocese of Harrisburg,PA
PA,new hope,Archdiocese of Philadelphia,PA
PA,new jerusalem,Diocese of Allentown,PA
PA,new kensington,Diocese of Greensburg,PA
PA,new kingstown,Diocese of Harrisburg,PA
PA,new market,Diocese of Harrisburg,PA
PA,new milford,Diocese of Scranton,PA
PA,new oxford,Diocese of Harrisburg,PA
PA,new philadelphia,Diocese of Allentown,PA
PA,new stanton,Diocese of Greensburg,PA
PA,new tripoli,Diocese of Allentown,PA
PA,new wilmington,Diocese of Pittsburgh,PA
PA,newburg,Diocese of Harrisburg,PA
PA,newell,Diocese of Greensburg,PA
PA,newmanstown,Diocese of Harrisburg,PA
PA,newport,Diocese of Harrisburg,PA
PA,newtown,Archdiocese of Philadelphia,PA
PA,newtown grant,Archdiocese of Philadelphia,PA
PA,newville,Diocese of Harrisburg,PA
PA,nicholson,Diocese of Scranton,PA
PA,nittany,Diocese of Altoona–Johnstown,PA
PA,nixon,Diocese of Pittsburgh,PA
PA,noblestown,Diocese of Pittsburgh,PA
PA,norristown,Archdiocese of Philadelphia,PA
PA,north apollo,Diocese of Greensburg,PA
PA,north belle vernon,Diocese of Greensburg,PA
PA,north braddock,Diocese of Pittsburgh,PA
PA,north catasauqua,Diocese of Allentown,PA
PA,north charleroi,Diocese of Pittsburgh,PA
PA,north east,Diocese of Erie,PA
PA,north irwin,Diocese of Greensburg,PA
PA,north philipsburg,Diocese of Altoona–Johnstown,PA
PA,north vandergrift,Diocese of Greensburg,PA
PA,north versailles,Diocese of Pittsburgh,PA
PA,north wales,Archdiocese of Philadelphia,PA
PA,north warren,Diocese of Erie,PA
PA,north york,Diocese of Harrisburg,PA
PA,northampton,Diocese of Allentown,PA
PA,northern cambria,Diocese of Altoona–Johnstown,PA
PA,northumberland,Diocese of Harrisburg,PA
PA,northwest harborcreek,Diocese of Erie,PA
PA,norvelt,Diocese of Greensburg,PA
PA,norwood,Archdiocese of Philadelphia,PA
PA,noxen,Diocese of Scranton,PA
PA,nuangola,Diocese of Scranton,PA
PA,nuremberg,Diocese of Allentown,PA
PA,oak hills,Diocese of Pittsburgh,PA
PA,oakmont,Diocese of Pittsburgh,PA
PA,oakwood,Diocese of Pittsburgh,PA
PA,oberlin,Diocese of Harrisburg,PA
PA,ohioville,Diocese of Pittsburgh,PA
PA,oil city,Diocese of Erie,PA
PA,old forge,Diocese of Scranton,PA
PA,old orchard,Diocese of Allentown,PA
PA,oley,Diocese of Allentown,PA
PA,oliver,Diocese of Greensburg,PA
PA,olyphant,Diocese of Scranton,PA
PA,orangeville,Diocese of Harrisburg,PA
PA,orbisonia,Diocese of Altoona–Johnstown,PA
PA,orchard hills,Diocese of Greensburg,PA
PA,oreland,Archdiocese of Philadelphia,PA
PA,orwigsburg,Diocese of Allentown,PA
PA,orwin,Diocese of Allentown,PA
PA,osborne,Diocese of Pittsburgh,PA
PA,osceola mills,Diocese of Erie,PA
PA,oval,Diocese of Scranton,PA
PA,oxford,Archdiocese of Philadelphia,PA
PA,paint,Diocese of Altoona–Johnstown,PA
PA,palmdale,Diocese of Harrisburg,PA
PA,palmer heights,Diocese of Allentown,PA
PA,palmerton,Diocese of Allentown,PA
PA,palmyra,Diocese of Harrisburg,PA
PA,palo alto,Diocese of Allentown,PA
PA,paoli,Archdiocese of Philadelphia,PA
PA,paradise,Diocese of Harrisburg,PA
PA,pardeesville,Diocese of Scranton,PA
PA,paris,Diocese of Pittsburgh,PA
PA,park crest,Diocese of Allentown,PA
PA,park forest village,Diocese of Altoona–Johnstown,PA
PA,parker,Diocese of Greensburg,PA
PA,parkesburg,Archdiocese of Philadelphia,PA
PA,parkville,Diocese of Harrisburg,PA
PA,parryville,Diocese of Allentown,PA
PA,patterson heights,Diocese of Pittsburgh,PA
PA,patton,Diocese of Altoona–Johnstown,PA
PA,paxtang,Diocese of Harrisburg,PA
PA,paxtonia,Diocese of Harrisburg,PA
PA,pen argyl,Diocese of Allentown,PA
PA,pen mar,Diocese of Harrisburg,PA
PA,penbrook,Diocese of Harrisburg,PA
PA,penn,Diocese of Greensburg,PA
PA,penn estates,Diocese of Scranton,PA
PA,penn lake park,Diocese of Scranton,PA
PA,penn wynne,Archdiocese of Philadelphia,PA
PA,penndel,Archdiocese of Philadelphia,PA
PA,penns creek,Diocese of Harrisburg,PA
PA,pennsburg,Archdiocese of Philadelphia,PA
PA,pennsbury village,Diocese of Pittsburgh,PA
PA,pennside,Diocese of Allentown,PA
PA,pennville,Diocese of Harrisburg,PA
PA,pennwyn,Diocese of Allentown,PA
PA,penryn,Diocese of Harrisburg,PA
PA,perkasie,Archdiocese of Philadelphia,PA
PA,perryopolis,Diocese of Greensburg,PA
PA,petersburg,Diocese of Altoona–Johnstown,PA
PA,philadelphia,Archdiocese of Philadelphia,PA
PA,philipsburg,Diocese of Altoona–Johnstown,PA
PA,phoenixville,Archdiocese of Philadelphia,PA
PA,picture rocks,Diocese of Scranton,PA
PA,pillow,Diocese of Harrisburg,PA
PA,pine grove,Diocese of Allentown,PA
PA,pine grove mills,Diocese of Altoona–Johnstown,PA
PA,pine ridge,Diocese of Scranton,PA
PA,pitcairn,Diocese of Pittsburgh,PA
PA,pittsburgh,Diocese of Pittsburgh,PA
PA,pittston,Diocese of Scranton,PA
PA,plainfield,Diocese of Harrisburg,PA
PA,plains,Diocese of Scranton,PA
PA,platea,Diocese of Erie,PA
PA,pleasant gap,Diocese of Altoona–Johnstown,PA
PA,pleasant hill,Diocese of Harrisburg,PA
PA,pleasant hills,Diocese of Pittsburgh,PA
PA,pleasant view,Diocese of Greensburg,PA
PA,pleasantville,Diocese of Erie,PA
PA,plum,Diocese of Pittsburgh,PA
PA,plumsteadville,Archdiocese of Philadelphia,PA
PA,plymouth,Diocese of Scranton,PA
PA,plymouth meeting,Archdiocese of Philadelphia,PA
PA,plymptonville,Diocese of Erie,PA
PA,pocono pines,Diocese of Scranton,PA
PA,pocono ranch lands,Diocese of Scranton,PA
PA,pocono springs,Diocese of Scranton,PA
PA,point marion,Diocese of Greensburg,PA
PA,polk,Diocese of Erie,PA
PA,pomeroy,Archdiocese of Philadelphia,PA
PA,port allegany,Diocese of Erie,PA
PA,port carbon,Diocese of Allentown,PA
PA,port clinton,Diocese of Allentown,PA
PA,port matilda,Diocese of Altoona–Johnstown,PA
PA,port royal,Diocese of Harrisburg,PA
PA,port trevorton,Diocese of Harrisburg,PA
PA,port vue,Diocese of Pittsburgh,PA
PA,portage,Diocese of Altoona–Johnstown,PA
PA,portland,Diocese of Allentown,PA
PA,pottsgrove,Archdiocese of Philadelphia,PA
PA,pottstown,Archdiocese of Philadelphia,PA
PA,pottsville,Diocese of Allentown,PA
PA,pringle,Diocese of Scranton,PA
PA,progress,Diocese of Harrisburg,PA
PA,prospect,Diocese of Pittsburgh,PA
PA,punxsutawney,Diocese of Erie,PA
PA,pymatuning central,Diocese of Erie,PA
PA,pymatuning north,Diocese of Erie,PA
PA,pymatuning south,Diocese of Erie,PA
PA,quakertown,Archdiocese of Philadelphia,PA
PA,quarryville,Diocese of Harrisburg,PA
PA,quentin,Diocese of Harrisburg,PA
PA,radnor,Archdiocese of Philadelphia,PA
PA,ramblewood,Diocese of Altoona–Johnstown,PA
PA,ramey,Diocese of Erie,PA
PA,rankin,Diocese of Pittsburgh,PA
PA,ranshaw,Diocese of Harrisburg,PA
PA,raubsville,Diocese of Allentown,PA
PA,rauchtown,Diocese of Altoona–Johnstown,PA
PA,ravine,Diocese of Allentown,PA
PA,reading,Diocese of Allentown,PA
PA,reamstown,Diocese of Harrisburg,PA
PA,rebersburg,Diocese of Altoona–Johnstown,PA
PA,red hill,Archdiocese of Philadelphia,PA
PA,reedsville,Diocese of Harrisburg,PA
PA,rehrersburg,Diocese of Allentown,PA
PA,reiffton,Diocese of Allentown,PA
PA,reinerton,Diocese of Allentown,PA
PA,reinholds,Diocese of Harrisburg,PA
PA,rennerdale,Diocese of Pittsburgh,PA
PA,renningers,Diocese of Allentown,PA
PA,renovo,Diocese of Altoona–Johnstown,PA
PA,republic,Diocese of Greensburg,PA
PA,revloc,Diocese of Altoona–Johnstown,PA
PA,reynolds heights,Diocese of Erie,PA
PA,reynoldsville,Diocese of Erie,PA
PA,rheems,Diocese of Harrisburg,PA
PA,rices landing,Diocese of Pittsburgh,PA
PA,richboro,Archdiocese of Philadelphia,PA
PA,richfield,Diocese of Harrisburg,PA
PA,richland,Diocese of Harrisburg,PA
PA,richlandtown,Archdiocese of Philadelphia,PA
PA,ridgway,Diocese of Erie,PA
PA,ridley park,Archdiocese of Philadelphia,PA
PA,riegelsville,Archdiocese of Philadelphia,PA
PA,rimersburg,Diocese of Erie,PA
PA,ringtown,Diocese of Allentown,PA
PA,river view park,Diocese of Allentown,PA
PA,roaring spring,Diocese of Altoona–Johnstown,PA
PA,robesonia,Diocese of Allentown,PA
PA,robinson,Diocese of Greensburg,PA
PA,rochester,Diocese of Pittsburgh,PA
PA,rockhill,Diocese of Altoona–Johnstown,PA
PA,rockledge,Archdiocese of Philadelphia,PA
PA,rome,Diocese of Scranton,PA
PA,ronks,Diocese of Harrisburg,PA
PA,roscoe,Diocese of Pittsburgh,PA
PA,rose valley,Archdiocese of Philadelphia,PA
PA,roseto,Diocese of Allentown,PA
PA,rossiter,Diocese of Greensburg,PA
PA,rosslyn farms,Diocese of Pittsburgh,PA
PA,rote,Diocese of Altoona–Johnstown,PA
PA,rothsville,Diocese of Harrisburg,PA
PA,roulette,Diocese of Erie,PA
PA,rouseville,Diocese of Erie,PA
PA,rouzerville,Diocese of Harrisburg,PA
PA,rowes run,Diocese of Greensburg,PA
PA,royalton,Diocese of Harrisburg,PA
PA,royersford,Archdiocese of Philadelphia,PA
PA,rural valley,Diocese of Greensburg,PA
PA,russell,Diocese of Erie,PA
PA,russellton,Diocese of Pittsburgh,PA
PA,rutherford,Diocese of Harrisburg,PA
PA,rutledge,Archdiocese of Philadelphia,PA
PA,saegertown,Diocese of Erie,PA
PA,salisbury,Diocese of Altoona–Johnstown,PA
PA,salix,Diocese of Altoona–Johnstown,PA
PA,saltillo,Diocese of Altoona–Johnstown,PA
PA,saltsburg,Diocese of Greensburg,PA
PA,salunga,Diocese of Harrisburg,PA
PA,sanatoga,Archdiocese of Philadelphia,PA
PA,sand hill,Diocese of Harrisburg,PA
PA,sandy,Diocese of Erie,PA
PA,sandy lake,Diocese of Erie,PA
PA,sandy ridge,Diocese of Altoona–Johnstown,PA
PA,sankertown,Diocese of Altoona–Johnstown,PA
PA,saw creek,Diocese of Scranton,PA
PA,saxonburg,Diocese of Pittsburgh,PA
PA,saxton,Diocese of Altoona–Johnstown,PA
PA,saylorsburg,Diocese of Scranton,PA
PA,sayre,Diocese of Scranton,PA
PA,scalp level,Diocese of Altoona–Johnstown,PA
PA,schaefferstown,Diocese of Harrisburg,PA
PA,schellsburg,Diocese of Altoona–Johnstown,PA
PA,schlusser,Diocese of Harrisburg,PA
PA,schnecksville,Diocese of Allentown,PA
PA,schoeneck,Diocese of Harrisburg,PA
PA,schuylkill haven,Diocese of Allentown,PA
PA,schwenksville,Archdiocese of Philadelphia,PA
PA,scotland,Diocese of Harrisburg,PA
PA,scottdale,Diocese of Greensburg,PA
PA,scranton,Diocese of Scranton,PA
PA,selinsgrove,Diocese of Harrisburg,PA
PA,sellersville,Archdiocese of Philadelphia,PA
PA,seltzer,Diocese of Allentown,PA
PA,seneca,Diocese of Erie,PA
PA,seven fields,Diocese of Pittsburgh,PA
PA,seven valleys,Diocese of Harrisburg,PA
PA,seward,Diocese of Greensburg,PA
PA,sewickley,Diocese of Pittsburgh,PA
PA,sewickley heights,Diocese of Pittsburgh,PA
PA,sewickley hills,Diocese of Pittsburgh,PA
PA,shamokin,Diocese of Harrisburg,PA
PA,shamokin dam,Diocese of Harrisburg,PA
PA,shanornorthvue,Diocese of Pittsburgh,PA
PA,sharon,Diocese of Erie,PA
PA,sharon hill,Archdiocese of Philadelphia,PA
PA,sharpsburg,Diocese of Pittsburgh,PA
PA,sharpsville,Diocese of Erie,PA
PA,shartlesville,Diocese of Allentown,PA
PA,shavertown,Diocese of Scranton,PA
PA,sheatown,Diocese of Scranton,PA
PA,sheffield,Diocese of Erie,PA
PA,shenandoah,Diocese of Allentown,PA
PA,shenandoah heights,Diocese of Allentown,PA
PA,shickshinny,Diocese of Scranton,PA
PA,shillington,Diocese of Allentown,PA
PA,shinglehouse,Diocese of Erie,PA
PA,shippensburg,Diocese of Harrisburg,PA
PA,shippenville,Diocese of Erie,PA
PA,shiremanstown,Diocese of Harrisburg,PA
PA,shoemakersville,Diocese of Allentown,PA
PA,shrewsbury,Diocese of Harrisburg,PA
PA,sidman,Diocese of Altoona–Johnstown,PA
PA,sierra view,Diocese of Scranton,PA
PA,silkworth,Diocese of Scranton,PA
PA,silverdale,Archdiocese of Philadelphia,PA
PA,simpson,Diocese of Scranton,PA
PA,sinking spring,Diocese of Allentown,PA
PA,skippack,Archdiocese of Philadelphia,PA
PA,skyline view,Diocese of Harrisburg,PA
PA,slatedale,Diocese of Allentown,PA
PA,slatington,Diocese of Allentown,PA
PA,slickville,Diocese of Greensburg,PA
PA,sligo,Diocese of Erie,PA
PA,slippery rock,Diocese of Pittsburgh,PA
PA,slovan,Diocese of Pittsburgh,PA
PA,smethport,Diocese of Erie,PA
PA,smithfield,Diocese of Greensburg,PA
PA,smithton,Diocese of Greensburg,PA
PA,smock,Diocese of Greensburg,PA
PA,smoketown,Diocese of Harrisburg,PA
PA,snow shoe,Diocese of Altoona–Johnstown,PA
PA,somerset,Diocese of Altoona–Johnstown,PA
PA,soudersburg,Diocese of Harrisburg,PA
PA,souderton,Archdiocese of Philadelphia,PA
PA,south bethlehem,Diocese of Greensburg,PA
PA,south coatesville,Archdiocese of Philadelphia,PA
PA,south connellsville,Diocese of Greensburg,PA
PA,south fork,Diocese of Altoona–Johnstown,PA
PA,south greensburg,Diocese of Greensburg,PA
PA,south heights,Diocese of Pittsburgh,PA
PA,south new castle,Diocese of Pittsburgh,PA
PA,south park township,Diocese of Pittsburgh,PA
PA,south philipsburg,Diocese of Altoona–Johnstown,PA
PA,south pottstown,Archdiocese of Philadelphia,PA
PA,south renovo,Diocese of Altoona–Johnstown,PA
PA,south temple,Diocese of Allentown,PA
PA,south uniontown,Diocese of Greensburg,PA
PA,south waverly,Diocese of Scranton,PA
PA,south williamsport,Diocese of Scranton,PA
PA,southmont,Diocese of Altoona–Johnstown,PA
PA,southwest greensburg,Diocese of Greensburg,PA
PA,spangler,Diocese of Altoona–Johnstown,PA
PA,speers,Diocese of Pittsburgh,PA
PA,spinnerstown,Archdiocese of Philadelphia,PA
PA,spring city,Archdiocese of Philadelphia,PA
PA,spring grove,Diocese of Harrisburg,PA
PA,spring hill,Diocese of Altoona–Johnstown,PA
PA,spring house,Archdiocese of Philadelphia,PA
PA,spring mount,Archdiocese of Philadelphia,PA
PA,spring ridge,Diocese of Allentown,PA
PA,springboro,Diocese of Erie,PA
PA,springdale,Diocese of Pittsburgh,PA
PA,springfield,Archdiocese of Philadelphia,PA
PA,springmont,Diocese of Allentown,PA
PA,spry,Diocese of Harrisburg,PA
PA,st clair,Diocese of Allentown,PA
PA,st lawrence,Diocese of Allentown,PA
PA,st marys,Diocese of Erie,PA
PA,st michael,Diocese of Altoona–Johnstown,PA
PA,st petersburg,Diocese of Erie,PA
PA,star junction,Diocese of Greensburg,PA
PA,starbrick,Diocese of Erie,PA
PA,state college,Diocese of Altoona–Johnstown,PA
PA,state line,Diocese of Harrisburg,PA
PA,steelton,Diocese of Harrisburg,PA
PA,stevens,Diocese of Harrisburg,PA
PA,stewartstown,Diocese of Harrisburg,PA
PA,stiles,Diocese of Allentown,PA
PA,stockdale,Diocese of Pittsburgh,PA
PA,stockertown,Diocese of Allentown,PA
PA,stoneboro,Diocese of Erie,PA
PA,stonerstown,Diocese of Altoona–Johnstown,PA
PA,stony creek mills,Diocese of Allentown,PA
PA,stonybrook,Diocese of Harrisburg,PA
PA,stormstown,Diocese of Altoona–Johnstown,PA
PA,stouchsburg,Diocese of Allentown,PA
PA,stowe,Archdiocese of Philadelphia,PA
PA,stoystown,Diocese of Altoona–Johnstown,PA
PA,strasburg,Diocese of Harrisburg,PA
PA,strattanville,Diocese of Erie,PA
PA,strausstown,Diocese of Allentown,PA
PA,strodes mills,Diocese of Harrisburg,PA
PA,stroudsburg,Diocese of Scranton,PA
PA,sturgeon,Diocese of Pittsburgh,PA
PA,sugar grove,Diocese of Erie,PA
PA,sugar notch,Diocese of Scranton,PA
PA,sugarcreek,Diocese of Erie,PA
PA,summerhill,Diocese of Altoona–Johnstown,PA
PA,summerville,Diocese of Erie,PA
PA,summit hill,Diocese of Allentown,PA
PA,sun valley,Diocese of Scranton,PA
PA,sunbury,Diocese of Harrisburg,PA
PA,sunrise lake,Diocese of Scranton,PA
PA,susquehanna,Diocese of Scranton,PA
PA,susquehanna trails,Diocese of Harrisburg,PA
PA,sutersville,Diocese of Greensburg,PA
PA,swarthmore,Archdiocese of Philadelphia,PA
PA,swartzville,Diocese of Harrisburg,PA
PA,swissvale,Diocese of Pittsburgh,PA
PA,swoyersville,Diocese of Scranton,PA
PA,sykesville,Diocese of Erie,PA
PA,tamaqua,Diocese of Allentown,PA
PA,tannersville,Diocese of Scranton,PA
PA,tarentum,Diocese of Pittsburgh,PA
PA,tatamy,Diocese of Allentown,PA
PA,taylor,Diocese of Scranton,PA
PA,telford,Archdiocese of Philadelphia,PA
PA,temple,Diocese of Allentown,PA
PA,templeton,Diocese of Greensburg,PA
PA,terre hill,Diocese of Harrisburg,PA
PA,the hideout,Diocese of Scranton,PA
PA,thompsontown,Diocese of Harrisburg,PA
PA,thompsonville,Diocese of Pittsburgh,PA
PA,thornburg,Diocese of Pittsburgh,PA
PA,thorndale,Archdiocese of Philadelphia,PA
PA,three springs,Diocese of Altoona–Johnstown,PA
PA,throop,Diocese of Scranton,PA
PA,tidioute,Diocese of Erie,PA
PA,timber hills,Diocese of Harrisburg,PA
PA,tinicum,Archdiocese of Philadelphia,PA
PA,tioga,Diocese of Scranton,PA
PA,tionesta,Diocese of Erie,PA
PA,tipton,Diocese of Altoona–Johnstown,PA
PA,titusville,Diocese of Erie,PA
PA,toftrees,Diocese of Altoona–Johnstown,PA
PA,topton,Diocese of Allentown,PA
PA,toughkenamon,Archdiocese of Philadelphia,PA
PA,towamensing trails,Diocese of Allentown,PA
PA,towanda,Diocese of Scranton,PA
PA,tower city,Diocese of Allentown,PA
PA,townville,Diocese of Erie,PA
PA,trafford,Diocese of Greensburg,PA
PA,trainer,Archdiocese of Philadelphia,PA
PA,trappe,Archdiocese of Philadelphia,PA
PA,treasure lake,Diocese of Erie,PA
PA,tremont,Diocese of Allentown,PA
PA,tresckow,Diocese of Allentown,PA
PA,trevorton,Diocese of Harrisburg,PA
PA,trevose,Archdiocese of Philadelphia,PA
PA,trexlertown,Diocese of Allentown,PA
PA,trooper,Archdiocese of Philadelphia,PA
PA,trucksville,Diocese of Scranton,PA
PA,trumbauersville,Archdiocese of Philadelphia,PA
PA,tullytown,Archdiocese of Philadelphia,PA
PA,tunkhannock,Diocese of Scranton,PA
PA,tunnelhill,Diocese of Altoona–Johnstown,PA
PA,turbotville,Diocese of Harrisburg,PA
PA,turtle creek,Diocese of Pittsburgh,PA
PA,tuscarora,Diocese of Allentown,PA
PA,tyrone,Diocese of Altoona–Johnstown,PA
PA,ulysses,Diocese of Erie,PA
PA,union city,Diocese of Erie,PA
PA,union deposit,Diocese of Harrisburg,PA
PA,uniontown,Diocese of Greensburg,PA
PA,unionville,Diocese of Pittsburgh,PA
PA,upland,Archdiocese of Philadelphia,PA
PA,upper exeter,Diocese of Scranton,PA
PA,upper st clair,Diocese of Pittsburgh,PA
PA,valencia,Diocese of Pittsburgh,PA
PA,valley green,Diocese of Harrisburg,PA
PA,vanderbilt,Diocese of Greensburg,PA
PA,vandergrift,Diocese of Greensburg,PA
PA,vandling,Diocese of Scranton,PA
PA,verona,Diocese of Pittsburgh,PA
PA,versailles,Diocese of Pittsburgh,PA
PA,village greengreen ridge,Archdiocese of Philadelphia,PA
PA,village shires,Archdiocese of Philadelphia,PA
PA,vinco,Diocese of Altoona–Johnstown,PA
PA,vintondale,Diocese of Altoona–Johnstown,PA
PA,virginville,Diocese of Allentown,PA
PA,wakefield,Diocese of Harrisburg,PA
PA,wall,Diocese of Pittsburgh,PA
PA,wallaceton,Diocese of Erie,PA
PA,wallenpaupack lake estates,Diocese of Scranton,PA
PA,walnutport,Diocese of Allentown,PA
PA,walnuttown,Diocese of Allentown,PA
PA,wampum,Diocese of Pittsburgh,PA
PA,wanamie,Diocese of Scranton,PA
PA,warminster heights,Archdiocese of Philadelphia,PA
PA,warren,Diocese of Erie,PA
PA,washington,Diocese of Pittsburgh,PA
PA,washington boro,Diocese of Harrisburg,PA
PA,watsontown,Diocese of Harrisburg,PA
PA,wattsburg,Diocese of Erie,PA
PA,waverly,Diocese of Scranton,PA
PA,waymart,Diocese of Scranton,PA
PA,wayne,Archdiocese of Philadelphia,PA
PA,wayne heights,Diocese of Harrisburg,PA
PA,waynesboro,Diocese of Harrisburg,PA
PA,waynesburg,Diocese of Pittsburgh,PA
PA,weatherly,Diocese of Allentown,PA
PA,weedville,Diocese of Erie,PA
PA,weigelstown,Diocese of Harrisburg,PA
PA,weissport,Diocese of Allentown,PA
PA,weissport east,Diocese of Allentown,PA
PA,wellsboro,Diocese of Scranton,PA
PA,wernersville,Diocese of Allentown,PA
PA,wescosville,Diocese of Allentown,PA
PA,wesleyville,Diocese of Erie,PA
PA,west alexander,Diocese of Pittsburgh,PA
PA,west brownsville,Diocese of Pittsburgh,PA
PA,west chester,Archdiocese of Philadelphia,PA
PA,west conshohocken,Archdiocese of Philadelphia,PA
PA,west decatur,Diocese of Erie,PA
PA,west easton,Diocese of Allentown,PA
PA,west elizabeth,Diocese of Pittsburgh,PA
PA,west fairview,Diocese of Harrisburg,PA
PA,west falls,Diocese of Scranton,PA
PA,west grove,Archdiocese of Philadelphia,PA
PA,west hamburg,Diocese of Allentown,PA
PA,west hazleton,Diocese of Scranton,PA
PA,west hills,Diocese of Greensburg,PA
PA,west homestead,Diocese of Pittsburgh,PA
PA,west kittanning,Diocese of Greensburg,PA
PA,west lawn,Diocese of Allentown,PA
PA,west leechburg,Diocese of Greensburg,PA
PA,west liberty,Diocese of Pittsburgh,PA
PA,west mayfield,Diocese of Pittsburgh,PA
PA,west middlesex,Diocese of Erie,PA
PA,west mifflin,Diocese of Pittsburgh,PA
PA,west milton,Diocese of Harrisburg,PA
PA,west nanticoke,Diocese of Scranton,PA
PA,west newton,Diocese of Greensburg,PA
PA,west norriton,Archdiocese of Philadelphia,PA
PA,west pittsburg,Diocese of Pittsburgh,PA
PA,west pittston,Diocese of Scranton,PA
PA,west reading,Diocese of Allentown,PA
PA,west view,Diocese of Pittsburgh,PA
PA,west waynesburg,Diocese of Pittsburgh,PA
PA,west wyoming,Diocese of Scranton,PA
PA,west wyomissing,Diocese of Allentown,PA
PA,west york,Diocese of Harrisburg,PA
PA,westfield,Diocese of Scranton,PA
PA,westmont,Diocese of Altoona–Johnstown,PA
PA,weston,Diocese of Scranton,PA
PA,westover,Diocese of Erie,PA
PA,westwood,Archdiocese of Philadelphia,PA
PA,whitaker,Diocese of Pittsburgh,PA
PA,white haven,Diocese of Scranton,PA
PA,white mills,Diocese of Scranton,PA
PA,white oak,Diocese of Pittsburgh,PA
PA,whitehall,Diocese of Pittsburgh,PA
PA,whitehall township,Diocese of Allentown,PA
PA,whitfield,Diocese of Allentown,PA
PA,wickerham manorfisher,Diocese of Pittsburgh,PA
PA,wiconisco,Diocese of Harrisburg,PA
PA,wilcox,Diocese of Erie,PA
PA,wilkesbarre,Diocese of Scranton,PA
PA,wilkinsburg,Diocese of Pittsburgh,PA
PA,williamsburg,Diocese of Altoona–Johnstown,PA
PA,williamsport,Diocese of Scranton,PA
PA,williamstown,Diocese of Harrisburg,PA
PA,willow grove,Archdiocese of Philadelphia,PA
PA,willow street,Diocese of Harrisburg,PA
PA,wilmerding,Diocese of Pittsburgh,PA
PA,wind gap,Diocese of Allentown,PA
PA,windber,Diocese of Altoona–Johnstown,PA
PA,windsor,Diocese of Harrisburg,PA
PA,winfield,Diocese of Harrisburg,PA
PA,winterstown,Diocese of Harrisburg,PA
PA,witmer,Diocese of Harrisburg,PA
PA,wolfdale,Diocese of Pittsburgh,PA
PA,womelsdorf,Diocese of Allentown,PA
PA,woodbourne,Archdiocese of Philadelphia,PA
PA,woodland heights,Diocese of Erie,PA
PA,woodlyn,Archdiocese of Philadelphia,PA
PA,woodside,Archdiocese of Philadelphia,PA
PA,wormleysburg,Diocese of Harrisburg,PA
PA,worthington,Diocese of Greensburg,PA
PA,woxall,Archdiocese of Philadelphia,PA
PA,wrightsville,Diocese of Harrisburg,PA
PA,wyalusing,Diocese of Scranton,PA
PA,wyano,Diocese of Greensburg,PA
PA,wylandville,Diocese of Pittsburgh,PA
PA,wyncote,Archdiocese of Philadelphia,PA
PA,wyndmoor,Archdiocese of Philadelphia,PA
PA,wyoming,Diocese of Scranton,PA
PA,wyomissing,Diocese of Allentown,PA
PA,wyomissing hills,Diocese of Allentown,PA
PA,yardley,Archdiocese of Philadelphia,PA
PA,yeadon,Archdiocese of Philadelphia,PA
PA,yeagertown,Diocese of Harrisburg,PA
PA,yoe,Diocese of Harrisburg,PA
PA,york,Diocese of Harrisburg,PA
PA,york haven,Diocese of Harrisburg,PA
PA,york springs,Diocese of Harrisburg,PA
PA,yorklyn,Diocese of Harrisburg,PA
PA,youngstown,Diocese of Greensburg,PA
PA,youngwood,Diocese of Greensburg,PA
PA,yukon,Diocese of Greensburg,PA
PA,zelienople,Diocese of Pittsburgh,PA
PA,zion,Diocese of Altoona–Johnstown,PA
RI,ashaway,Diocese of Providence,RI
RI,barrington,Diocese of Providence,RI
RI,bradford,Diocese of Providence,RI
RI,bristol,Diocese of Providence,RI
RI,carolina,Diocese of Providence,RI
RI,central falls,Diocese of Providence,RI
RI,charlestown,Diocese of Providence,RI
RI,chepachet,Diocese of Providence,RI
RI,clayville,Diocese of Providence,RI
RI,coventry,Diocese of Providence,RI
RI,cranston,Diocese of Providence,RI
RI,cumberland,Diocese of Providence,RI
RI,cumberland hill,Diocese of Providence,RI
RI,east greenwich,Diocese of Providence,RI
RI,east providence,Diocese of Providence,RI
RI,exeter,Diocese of Providence,RI
RI,foster,Diocese of Providence,RI
RI,foster center,Diocese of Providence,RI
RI,greene,Diocese of Providence,RI
RI,greenville,Diocese of Providence,RI
RI,harmony,Diocese of Providence,RI
RI,harrisville,Diocese of Providence,RI
RI,hope valley,Diocese of Providence,RI
RI,hopkinton,Diocese of Providence,RI
RI,jamestown,Diocese of Providence,RI
RI,johnston,Diocese of Providence,RI
RI,kingston,Diocese of Providence,RI
RI,lincoln,Diocese of Providence,RI
RI,melville,Diocese of Providence,RI
RI,middletown,Diocese of Providence,RI
RI,misquamicut,Diocese of Providence,RI
RI,narragansett,Diocese of Providence,RI
RI,narragansett pier,Diocese of Providence,RI
RI,new shoreham,Diocese of Providence,RI
RI,newport,Diocese of Providence,RI
RI,newport east,Diocese of Providence,RI
RI,north kingstown,Diocese of Providence,RI
RI,north providence,Diocese of Providence,RI
RI,north scituate,Diocese of Providence,RI
RI,north smithfield,Diocese of Providence,RI
RI,pascoag,Diocese of Providence,RI
RI,pawtucket,Diocese of Providence,RI
RI,portsmouth,Diocese of Providence,RI
RI,providence,Diocese of Providence,RI
RI,quonochontaug,Diocese of Providence,RI
RI,smithfield,Diocese of Providence,RI
RI,south kingstown,Diocese of Providence,RI
RI,tiverton,Diocese of Providence,RI
RI,valley falls,Diocese of Providence,RI
RI,wakefieldpeacedale,Diocese of Providence,RI
RI,warren,Diocese of Providence,RI
RI,warwick,Diocese of Providence,RI
RI,weekapaug,Diocese of Providence,RI
RI,west greenwich,Diocese of Providence,RI
RI,west warwick,Diocese of Providence,RI
RI,westerly,Diocese of Providence,RI
RI,woonsocket,Diocese of Providence,RI
SC,abbeville,Diocese of Charleston,SC
SC,aiken,Diocese of Charleston,SC
SC,alcolu,Diocese of Charleston,SC
SC,allendale,Diocese of Charleston,SC
SC,anderson,Diocese of Charleston,SC
SC,andrews,Diocese of Charleston,SC
SC,arcadia,Diocese of Charleston,SC
SC,arcadia lakes,Diocese of Charleston,SC
SC,arial,Diocese of Charleston,SC
SC,atlantic beach,Diocese of Charleston,SC
SC,awendaw,Diocese of Charleston,SC
SC,aynor,Diocese of Charleston,SC
SC,bamberg,Diocese of Charleston,SC
SC,barnwell,Diocese of Charleston,SC
SC,batesburg,Diocese of Charleston,SC
SC,batesburgleesville,Diocese of Charleston,SC
SC,beaufort,Diocese of Charleston,SC
SC,belton,Diocese of Charleston,SC
SC,belvedere,Diocese of Charleston,SC
SC,bennettsville,Diocese of Charleston,SC
SC,berea,Diocese of Charleston,SC
SC,bethune,Diocese of Charleston,SC
SC,bishopville,Diocese of Charleston,SC
SC,blacksburg,Diocese of Charleston,SC
SC,blackville,Diocese of Charleston,SC
SC,bluffton,Diocese of Charleston,SC
SC,blythewood,Diocese of Charleston,SC
SC,boiling springs,Diocese of Charleston,SC
SC,bonneau,Diocese of Charleston,SC
SC,bonneau beach,Diocese of Charleston,SC
SC,bowman,Diocese of Charleston,SC
SC,branchville,Diocese of Charleston,SC
SC,briarcliffe acres,Diocese of Charleston,SC
SC,brookdale,Diocese of Charleston,SC
SC,brunson,Diocese of Charleston,SC
SC,bucksport,Diocese of Charleston,SC
SC,buffalo,Diocese of Charleston,SC
SC,burnettown,Diocese of Charleston,SC
SC,burton,Diocese of Charleston,SC
SC,calhoun falls,Diocese of Charleston,SC
SC,camden,Diocese of Charleston,SC
SC,cameron,Diocese of Charleston,SC
SC,campobello,Diocese of Charleston,SC
SC,cane savannah,Diocese of Charleston,SC
SC,carlisle,Diocese of Charleston,SC
SC,catawba,Diocese of Charleston,SC
SC,cayce,Diocese of Charleston,SC
SC,centerville,Diocese of Charleston,SC
SC,central,Diocese of Charleston,SC
SC,chapin,Diocese of Charleston,SC
SC,charleston,Diocese of Charleston,SC
SC,cheraw,Diocese of Charleston,SC
SC,cherryvale,Diocese of Charleston,SC
SC,chesnee,Diocese of Charleston,SC
SC,chester,Diocese of Charleston,SC
SC,chesterfield,Diocese of Charleston,SC
SC,city view,Diocese of Charleston,SC
SC,clarks hill,Diocese of Charleston,SC
SC,clearwater,Diocese of Charleston,SC
SC,clemson,Diocese of Charleston,SC
SC,clifton,Diocese of Charleston,SC
SC,clinton,Diocese of Charleston,SC
SC,clio,Diocese of Charleston,SC
SC,clover,Diocese of Charleston,SC
SC,columbia,Diocese of Charleston,SC
SC,converse,Diocese of Charleston,SC
SC,conway,Diocese of Charleston,SC
SC,cottageville,Diocese of Charleston,SC
SC,coward,Diocese of Charleston,SC
SC,cowpens,Diocese of Charleston,SC
SC,cross hill,Diocese of Charleston,SC
SC,dalzell,Diocese of Charleston,SC
SC,darlington,Diocese of Charleston,SC
SC,denmark,Diocese of Charleston,SC
SC,dentsville,Diocese of Charleston,SC
SC,dillon,Diocese of Charleston,SC
SC,donalds,Diocese of Charleston,SC
SC,due west,Diocese of Charleston,SC
SC,duncan,Diocese of Charleston,SC
SC,dunean,Diocese of Charleston,SC
SC,easley,Diocese of Charleston,SC
SC,east gaffney,Diocese of Charleston,SC
SC,east sumter,Diocese of Charleston,SC
SC,eastover,Diocese of Charleston,SC
SC,edgefield,Diocese of Charleston,SC
SC,edisto,Diocese of Charleston,SC
SC,edisto beach,Diocese of Charleston,SC
SC,ehrhardt,Diocese of Charleston,SC
SC,elgin,Diocese of Charleston,SC
SC,elloree,Diocese of Charleston,SC
SC,enoree,Diocese of Charleston,SC
SC,estill,Diocese of Charleston,SC
SC,eureka mill,Diocese of Charleston,SC
SC,eutawville,Diocese of Charleston,SC
SC,fair play,Diocese of Charleston,SC
SC,fairfax,Diocese of Charleston,SC
SC,fairforest,Diocese of Charleston,SC
SC,five forks,Diocese of Charleston,SC
SC,florence,Diocese of Charleston,SC
SC,folly beach,Diocese of Charleston,SC
SC,forest acres,Diocese of Charleston,SC
SC,forestbrook,Diocese of Charleston,SC
SC,fort lawn,Diocese of Charleston,SC
SC,fort mill,Diocese of Charleston,SC
SC,fountain inn,Diocese of Charleston,SC
SC,gadsden,Diocese of Charleston,SC
SC,gaffney,Diocese of Charleston,SC
SC,gantt,Diocese of Charleston,SC
SC,garden city,Diocese of Charleston,SC
SC,gaston,Diocese of Charleston,SC
SC,gayle mill,Diocese of Charleston,SC
SC,georgetown,Diocese of Charleston,SC
SC,gilbert,Diocese of Charleston,SC
SC,glendale,Diocese of Charleston,SC
SC,gloverville,Diocese of Charleston,SC
SC,golden grove,Diocese of Charleston,SC
SC,goose creek,Diocese of Charleston,SC
SC,graniteville,Diocese of Charleston,SC
SC,gray court,Diocese of Charleston,SC
SC,great falls,Diocese of Charleston,SC
SC,greeleyville,Diocese of Charleston,SC
SC,greenville,Diocese of Charleston,SC
SC,greenwood,Diocese of Charleston,SC
SC,greer,Diocese of Charleston,SC
SC,hampton,Diocese of Charleston,SC
SC,hanahan,Diocese of Charleston,SC
SC,hardeeville,Diocese of Charleston,SC
SC,harleyville,Diocese of Charleston,SC
SC,hartsville,Diocese of Charleston,SC
SC,heath springs,Diocese of Charleston,SC
SC,hemingway,Diocese of Charleston,SC
SC,hickory grove,Diocese of Charleston,SC
SC,hilda,Diocese of Charleston,SC
SC,hilton head,Diocese of Charleston,SC
SC,hilton head island,Diocese of Charleston,SC
SC,holly hill,Diocese of Charleston,SC
SC,hollywood,Diocese of Charleston,SC
SC,homeland park,Diocese of Charleston,SC
SC,honea path,Diocese of Charleston,SC
SC,hopkins,Diocese of Charleston,SC
SC,india hook,Diocese of Charleston,SC
SC,inman,Diocese of Charleston,SC
SC,inman mills,Diocese of Charleston,SC
SC,irmo,Diocese of Charleston,SC
SC,irwin,Diocese of Charleston,SC
SC,isle of palms,Diocese of Charleston,SC
SC,iva,Diocese of Charleston,SC
SC,jackson,Diocese of Charleston,SC
SC,jacksonboro,Diocese of Charleston,SC
SC,james island,Diocese of Charleston,SC
SC,jefferson,Diocese of Charleston,SC
SC,joanna,Diocese of Charleston,SC
SC,johnsonville,Diocese of Charleston,SC
SC,johnston,Diocese of Charleston,SC
SC,jonesville,Diocese of Charleston,SC
SC,judson,Diocese of Charleston,SC
SC,kershaw,Diocese of Charleston,SC
SC,kiawah island,Diocese of Charleston,SC
SC,kingstree,Diocese of Charleston,SC
SC,ladson,Diocese of Charleston,SC
SC,lake city,Diocese of Charleston,SC
SC,lake murray of richland,Diocese of Charleston,SC
SC,lake secession,Diocese of Charleston,SC
SC,lake view,Diocese of Charleston,SC
SC,lake wylie,Diocese of Charleston,SC
SC,lakewood,Diocese of Charleston,SC
SC,lamar,Diocese of Charleston,SC
SC,lancaster,Diocese of Charleston,SC
SC,lancaster mill,Diocese of Charleston,SC
SC,landrum,Diocese of Charleston,SC
SC,lane,Diocese of Charleston,SC
SC,langley,Diocese of Charleston,SC
SC,latta,Diocese of Charleston,SC
SC,laurel bay,Diocese of Charleston,SC
SC,laurens,Diocese of Charleston,SC
SC,leesville,Diocese of Charleston,SC
SC,lesslie,Diocese of Charleston,SC
SC,lexington,Diocese of Charleston,SC
SC,liberty,Diocese of Charleston,SC
SC,lincolnville,Diocese of Charleston,SC
SC,little river,Diocese of Charleston,SC
SC,lockhart,Diocese of Charleston,SC
SC,loris,Diocese of Charleston,SC
SC,lugoff,Diocese of Charleston,SC
SC,lydia,Diocese of Charleston,SC
SC,lyman,Diocese of Charleston,SC
SC,lynchburg,Diocese of Charleston,SC
SC,manning,Diocese of Charleston,SC
SC,marion,Diocese of Charleston,SC
SC,mauldin,Diocese of Charleston,SC
SC,mayesville,Diocese of Charleston,SC
SC,mayo,Diocese of Charleston,SC
SC,mcbee,Diocese of Charleston,SC
SC,mcclellanville,Diocese of Charleston,SC
SC,mccoll,Diocese of Charleston,SC
SC,mccormick,Diocese of Charleston,SC
SC,meggett,Diocese of Charleston,SC
SC,millwood,Diocese of Charleston,SC
SC,monarch mill,Diocese of Charleston,SC
SC,moncks corner,Diocese of Charleston,SC
SC,mount pleasant,Diocese of Charleston,SC
SC,mulberry,Diocese of Charleston,SC
SC,mullins,Diocese of Charleston,SC
SC,murphys estates,Diocese of Charleston,SC
SC,murrells inlet,Diocese of Charleston,SC
SC,myrtle beach,Diocese of Charleston,SC
SC,neeses,Diocese of Charleston,SC
SC,new ellenton,Diocese of Charleston,SC
SC,newberry,Diocese of Charleston,SC
SC,newport,Diocese of Charleston,SC
SC,nichols,Diocese of Charleston,SC
SC,ninety six,Diocese of Charleston,SC
SC,norris,Diocese of Charleston,SC
SC,north,Diocese of Charleston,SC
SC,north augusta,Diocese of Charleston,SC
SC,north charleston,Diocese of Charleston,SC
SC,north hartsville,Diocese of Charleston,SC
SC,north myrtle beach,Diocese of Charleston,SC
SC,northlake,Diocese of Charleston,SC
SC,norway,Diocese of Charleston,SC
SC,oak grove,Diocese of Charleston,SC
SC,oakland,Diocese of Charleston,SC
SC,olanta,Diocese of Charleston,SC
SC,orangeburg,Diocese of Charleston,SC
SC,pacolet,Diocese of Charleston,SC
SC,pacolet mills,Diocese of Charleston,SC
SC,pageland,Diocese of Charleston,SC
SC,pamplico,Diocese of Charleston,SC
SC,parker,Diocese of Charleston,SC
SC,patrick,Diocese of Charleston,SC
SC,pelion,Diocese of Charleston,SC
SC,pendleton,Diocese of Charleston,SC
SC,pickens,Diocese of Charleston,SC
SC,piedmont,Diocese of Charleston,SC
SC,pineridge,Diocese of Charleston,SC
SC,pinewood,Diocese of Charleston,SC
SC,pinopolis,Diocese of Charleston,SC
SC,port royal,Diocese of Charleston,SC
SC,powdersville,Diocese of Charleston,SC
SC,privateer,Diocese of Charleston,SC
SC,promised land,Diocese of Charleston,SC
SC,prosperity,Diocese of Charleston,SC
SC,quinby,Diocese of Charleston,SC
SC,ravenel,Diocese of Charleston,SC
SC,red bank,Diocese of Charleston,SC
SC,red hill,Diocese of Charleston,SC
SC,reidville,Diocese of Charleston,SC
SC,rembert,Diocese of Charleston,SC
SC,ridge spring,Diocese of Charleston,SC
SC,ridgeland,Diocese of Charleston,SC
SC,ridgeville,Diocese of Charleston,SC
SC,ridgeway,Diocese of Charleston,SC
SC,riverview,Diocese of Charleston,SC
SC,rock hill,Diocese of Charleston,SC
SC,roebuck,Diocese of Charleston,SC
SC,ruby,Diocese of Charleston,SC
SC,russellville,Diocese of Charleston,SC
SC,salley,Diocese of Charleston,SC
SC,saluda,Diocese of Charleston,SC
SC,sangaree,Diocese of Charleston,SC
SC,sans souci,Diocese of Charleston,SC
SC,santee,Diocese of Charleston,SC
SC,saxon,Diocese of Charleston,SC
SC,scranton,Diocese of Charleston,SC
SC,seabrook island,Diocese of Charleston,SC
SC,seneca,Diocese of Charleston,SC
SC,seven oaks,Diocese of Charleston,SC
SC,sharon,Diocese of Charleston,SC
SC,shell point,Diocese of Charleston,SC
SC,simpsonville,Diocese of Charleston,SC
SC,six mile,Diocese of Charleston,SC
SC,slatermarietta,Diocese of Charleston,SC
SC,socastee,Diocese of Charleston,SC
SC,society hill,Diocese of Charleston,SC
SC,south congaree,Diocese of Charleston,SC
SC,south sumter,Diocese of Charleston,SC
SC,southern shops,Diocese of Charleston,SC
SC,spartanburg,Diocese of Charleston,SC
SC,springdale,Diocese of Charleston,SC
SC,springfield,Diocese of Charleston,SC
SC,st andrews,Diocese of Charleston,SC
SC,st george,Diocese of Charleston,SC
SC,st matthews,Diocese of Charleston,SC
SC,st stephen,Diocese of Charleston,SC
SC,startex,Diocese of Charleston,SC
SC,stateburg,Diocese of Charleston,SC
SC,sullivans island,Diocese of Charleston,SC
SC,summerton,Diocese of Charleston,SC
SC,summerville,Diocese of Charleston,SC
SC,summit,Diocese of Charleston,SC
SC,sumter,Diocese of Charleston,SC
SC,surfside beach,Diocese of Charleston,SC
SC,swansea,Diocese of Charleston,SC
SC,taylors,Diocese of Charleston,SC
SC,tega cay,Diocese of Charleston,SC
SC,tigerville,Diocese of Charleston,SC
SC,timmonsville,Diocese of Charleston,SC
SC,travelers rest,Diocese of Charleston,SC
SC,turbeville,Diocese of Charleston,SC
SC,union,Diocese of Charleston,SC
SC,utica,Diocese of Charleston,SC
SC,valley falls,Diocese of Charleston,SC
SC,varnville,Diocese of Charleston,SC
SC,wade hampton,Diocese of Charleston,SC
SC,wagener,Diocese of Charleston,SC
SC,walhalla,Diocese of Charleston,SC
SC,wallace,Diocese of Charleston,SC
SC,walterboro,Diocese of Charleston,SC
SC,ware shoals,Diocese of Charleston,SC
SC,warrenville,Diocese of Charleston,SC
SC,watts mills,Diocese of Charleston,SC
SC,wedgefield,Diocese of Charleston,SC
SC,wedgewood,Diocese of Charleston,SC
SC,welcome,Diocese of Charleston,SC
SC,wellford,Diocese of Charleston,SC
SC,west columbia,Diocese of Charleston,SC
SC,west pelzer,Diocese of Charleston,SC
SC,west union,Diocese of Charleston,SC
SC,westminster,Diocese of Charleston,SC
SC,whitmire,Diocese of Charleston,SC
SC,wilkinson heights,Diocese of Charleston,SC
SC,williamston,Diocese of Charleston,SC
SC,williston,Diocese of Charleston,SC
SC,winnsboro,Diocese of Charleston,SC
SC,winnsboro mills,Diocese of Charleston,SC
SC,woodfield,Diocese of Charleston,SC
SC,woodruff,Diocese of Charleston,SC
SC,yemassee,Diocese of Charleston,SC
SC,york,Diocese of Charleston,SC
SD,aberdeen,Diocese of Sioux Falls,SD
SD,alcester,Diocese of Sioux Falls,SD
SD,alexandria,Diocese of Sioux Falls,SD
SD,allen,Diocese of Rapid City,SD
SD,antelope,Diocese of Rapid City,SD
SD,arlington,Diocese of Sioux Falls,SD
SD,armour,Diocese of Sioux Falls,SD
SD,ashland heights,Diocese of Rapid City,SD
SD,aurora,Diocese of Sioux Falls,SD
SD,avon,Diocese of Sioux Falls,SD
SD,baltic,Diocese of Sioux Falls,SD
SD,belle fourche,Diocese of Rapid City,SD
SD,beresford,Diocese of Sioux Falls,SD
SD,big stone city,Diocese of Sioux Falls,SD
SD,bison,Diocese of Rapid City,SD
SD,blackhawk,Diocese of Rapid City,SD
SD,blucksberg mountain,Diocese of Rapid City,SD
SD,blunt,Diocese of Sioux Falls,SD
SD,bowdle,Diocese of Sioux Falls,SD
SD,box elder,Diocese of Rapid City,SD
SD,brandon,Diocese of Sioux Falls,SD
SD,bridgewater,Diocese of Sioux Falls,SD
SD,bristol,Diocese of Sioux Falls,SD
SD,britton,Diocese of Sioux Falls,SD
SD,brookings,Diocese of Sioux Falls,SD
SD,bryant,Diocese of Sioux Falls,SD
SD,buffalo,Diocese of Rapid City,SD
SD,bullhead,Diocese of Rapid City,SD
SD,burke,Diocese of Rapid City,SD
SD,canistota,Diocese of Sioux Falls,SD
SD,canton,Diocese of Sioux Falls,SD
SD,castlewood,Diocese of Sioux Falls,SD
SD,centerville,Diocese of Sioux Falls,SD
SD,chamberlain,Diocese of Sioux Falls,SD
SD,clark,Diocese of Sioux Falls,SD
SD,clear lake,Diocese of Sioux Falls,SD
SD,colman,Diocese of Sioux Falls,SD
SD,colonial pine hills,Diocese of Rapid City,SD
SD,colton,Diocese of Sioux Falls,SD
SD,corsica,Diocese of Sioux Falls,SD
SD,crooks,Diocese of Sioux Falls,SD
SD,custer,Diocese of Rapid City,SD
SD,dakota dunes,Diocese of Sioux Falls,SD
SD,de smet,Diocese of Sioux Falls,SD
SD,deadwood,Diocese of Rapid City,SD
SD,dell rapids,Diocese of Sioux Falls,SD
SD,dupree,Diocese of Rapid City,SD
SD,eagle butte,Diocese of Rapid City,SD
SD,edgemont,Diocese of Rapid City,SD
SD,elk point,Diocese of Sioux Falls,SD
SD,elkton,Diocese of Sioux Falls,SD
SD,ellsworth air force base,Diocese of Rapid City,SD
SD,emery,Diocese of Sioux Falls,SD
SD,estelline,Diocese of Sioux Falls,SD
SD,ethan,Diocese of Sioux Falls,SD
SD,eureka,Diocese of Sioux Falls,SD
SD,faith,Diocese of Rapid City,SD
SD,faulkton,Diocese of Sioux Falls,SD
SD,flandreau,Diocese of Sioux Falls,SD
SD,florence,Diocese of Sioux Falls,SD
SD,fort pierre,Diocese of Rapid City,SD
SD,fort thompson,Diocese of Sioux Falls,SD
SD,freeman,Diocese of Sioux Falls,SD
SD,garretson,Diocese of Sioux Falls,SD
SD,gayville,Diocese of Sioux Falls,SD
SD,gettysburg,Diocese of Sioux Falls,SD
SD,goodwill,Diocese of Sioux Falls,SD
SD,green valley,Diocese of Rapid City,SD
SD,gregory,Diocese of Rapid City,SD
SD,groton,Diocese of Sioux Falls,SD
SD,harrisburg,Diocese of Sioux Falls,SD
SD,hartford,Diocese of Sioux Falls,SD
SD,hayti,Diocese of Sioux Falls,SD
SD,hermosa,Diocese of Rapid City,SD
SD,herreid,Diocese of Sioux Falls,SD
SD,highmore,Diocese of Sioux Falls,SD
SD,hill city,Diocese of Rapid City,SD
SD,hot springs,Diocese of Rapid City,SD
SD,hoven,Diocese of Sioux Falls,SD
SD,howard,Diocese of Sioux Falls,SD
SD,hudson,Diocese of Sioux Falls,SD
SD,humboldt,Diocese of Sioux Falls,SD
SD,hurley,Diocese of Sioux Falls,SD
SD,huron,Diocese of Sioux Falls,SD
SD,ipswich,Diocese of Sioux Falls,SD
SD,irene,Diocese of Sioux Falls,SD
SD,jefferson,Diocese of Sioux Falls,SD
SD,johnson siding,Diocese of Rapid City,SD
SD,kadoka,Diocese of Rapid City,SD
SD,keystone,Diocese of Rapid City,SD
SD,kimball,Diocese of Sioux Falls,SD
SD,kyle,Diocese of Rapid City,SD
SD,lake andes,Diocese of Sioux Falls,SD
SD,lake norden,Diocese of Sioux Falls,SD
SD,lake preston,Diocese of Sioux Falls,SD
SD,langford,Diocese of Sioux Falls,SD
SD,lead,Diocese of Rapid City,SD
SD,lemmon,Diocese of Rapid City,SD
SD,lennox,Diocese of Sioux Falls,SD
SD,leola,Diocese of Sioux Falls,SD
SD,little eagle,Diocese of Rapid City,SD
SD,lower brule,Diocese of Rapid City,SD
SD,madison,Diocese of Sioux Falls,SD
SD,mandersonwhite horse creek,Diocese of Rapid City,SD
SD,marion,Diocese of Sioux Falls,SD
SD,martin,Diocese of Rapid City,SD
SD,marty,Diocese of Sioux Falls,SD
SD,mclaughlin,Diocese of Rapid City,SD
SD,meadow view addition,Diocese of Sioux Falls,SD
SD,menno,Diocese of Sioux Falls,SD
SD,milbank,Diocese of Sioux Falls,SD
SD,miller,Diocese of Sioux Falls,SD
SD,mission,Diocese of Rapid City,SD
SD,mitchell,Diocese of Sioux Falls,SD
SD,mobridge,Diocese of Sioux Falls,SD
SD,montrose,Diocese of Sioux Falls,SD
SD,mount vernon,Diocese of Sioux Falls,SD
SD,murdo,Diocese of Rapid City,SD
SD,new underwood,Diocese of Rapid City,SD
SD,newell,Diocese of Rapid City,SD
SD,north eagle butte,Diocese of Rapid City,SD
SD,north sioux city,Diocese of Sioux Falls,SD
SD,north spearfish,Diocese of Rapid City,SD
SD,oacoma,Diocese of Rapid City,SD
SD,oglala,Diocese of Rapid City,SD
SD,onida,Diocese of Sioux Falls,SD
SD,parker,Diocese of Sioux Falls,SD
SD,parkston,Diocese of Sioux Falls,SD
SD,parmelee,Diocese of Rapid City,SD
SD,philip,Diocese of Rapid City,SD
SD,piedmont,Diocese of Rapid City,SD
SD,pierre,Diocese of Sioux Falls,SD
SD,pine lakes addition,Diocese of Sioux Falls,SD
SD,pine ridge,Diocese of Rapid City,SD
SD,plankinton,Diocese of Sioux Falls,SD
SD,platte,Diocese of Sioux Falls,SD
SD,porcupine,Diocese of Rapid City,SD
SD,presho,Diocese of Rapid City,SD
SD,rapid city,Diocese of Rapid City,SD
SD,rapid valley,Diocese of Rapid City,SD
SD,redfield,Diocese of Sioux Falls,SD
SD,renner corner,Diocese of Sioux Falls,SD
SD,roscoe,Diocese of Sioux Falls,SD
SD,rosebud,Diocese of Rapid City,SD
SD,rosholt,Diocese of Sioux Falls,SD
SD,salem,Diocese of Sioux Falls,SD
SD,scotland,Diocese of Sioux Falls,SD
SD,selby,Diocese of Sioux Falls,SD
SD,shindler,Diocese of Sioux Falls,SD
SD,sioux falls,Diocese of Sioux Falls,SD
SD,sisseton,Diocese of Sioux Falls,SD
SD,spearfish,Diocese of Rapid City,SD
SD,springfield,Diocese of Sioux Falls,SD
SD,st francis,Diocese of Rapid City,SD
SD,sturgis,Diocese of Rapid City,SD
SD,summerset,Diocese of Rapid City,SD
SD,tabor,Diocese of Sioux Falls,SD
SD,tea,Diocese of Sioux Falls,SD
SD,timber lake,Diocese of Rapid City,SD
SD,tripp,Diocese of Sioux Falls,SD
SD,tyndall,Diocese of Sioux Falls,SD
SD,valley springs,Diocese of Sioux Falls,SD
SD,veblen,Diocese of Sioux Falls,SD
SD,vermillion,Diocese of Sioux Falls,SD
SD,viborg,Diocese of Sioux Falls,SD
SD,volga,Diocese of Sioux Falls,SD
SD,wagner,Diocese of Sioux Falls,SD
SD,wakonda,Diocese of Sioux Falls,SD
SD,wall,Diocese of Rapid City,SD
SD,wanblee,Diocese of Rapid City,SD
SD,warner,Diocese of Sioux Falls,SD
SD,watertown,Diocese of Sioux Falls,SD
SD,waubay,Diocese of Sioux Falls,SD
SD,webster,Diocese of Sioux Falls,SD
SD,wessington springs,Diocese of Sioux Falls,SD
SD,white,Diocese of Sioux Falls,SD
SD,white lake,Diocese of Sioux Falls,SD
SD,white river,Diocese of Rapid City,SD
SD,whitewood,Diocese of Rapid City,SD
SD,wilmot,Diocese of Sioux Falls,SD
SD,winner,Diocese of Rapid City,SD
SD,wolsey,Diocese of Sioux Falls,SD
SD,woonsocket,Diocese of Sioux Falls,SD
SD,worthing,Diocese of Sioux Falls,SD
SD,wounded knee,Diocese of Rapid City,SD
SD,yankton,Diocese of Sioux Falls,SD
TN,adams,Diocese of Nashville,TN
TN,adamsville,Diocese of Memphis,TN
TN,alamo,Diocese of Memphis,TN
TN,alcoa,Diocese of Knoxville,TN
TN,alexandria,Diocese of Nashville,TN
TN,algood,Diocese of Nashville,TN
TN,allardt,Diocese of Knoxville,TN
TN,altamont,Diocese of Nashville,TN
TN,andersonville,Diocese of Knoxville,TN
TN,apison,Diocese of Knoxville,TN
TN,ardmore,Diocese of Nashville,TN
TN,arlington,Diocese of Memphis,TN
TN,ashland city,Diocese of Nashville,TN
TN,athens,Diocese of Knoxville,TN
TN,atoka,Diocese of Memphis,TN
TN,atwood,Diocese of Memphis,TN
TN,baileyton,Diocese of Knoxville,TN
TN,baneberry,Diocese of Knoxville,TN
TN,banner hill,Diocese of Knoxville,TN
TN,bartlett,Diocese of Memphis,TN
TN,baxter,Diocese of Nashville,TN
TN,bean station,Diocese of Knoxville,TN
TN,beersheba springs,Diocese of Nashville,TN
TN,bell buckle,Diocese of Nashville,TN
TN,belle meade,Diocese of Nashville,TN
TN,bells,Diocese of Memphis,TN
TN,benton,Diocese of Knoxville,TN
TN,berry hill,Diocese of Nashville,TN
TN,bethel springs,Diocese of Memphis,TN
TN,big sandy,Diocese of Memphis,TN
TN,blaine,Diocese of Knoxville,TN
TN,bloomingdale,Diocese of Knoxville,TN
TN,blountville,Diocese of Knoxville,TN
TN,bluff city,Diocese of Knoxville,TN
TN,bolivar,Diocese of Memphis,TN
TN,bon aqua junction,Diocese of Nashville,TN
TN,bowman,Diocese of Knoxville,TN
TN,braden,Diocese of Knoxville,TN
TN,bradford,Diocese of Memphis,TN
TN,brentwood,Diocese of Nashville,TN
TN,bristol,Diocese of Knoxville,TN
TN,brownsville,Diocese of Memphis,TN
TN,bruceton,Diocese of Memphis,TN
TN,bulls gap,Diocese of Knoxville,TN
TN,burlison,Diocese of Memphis,TN
TN,burns,Diocese of Nashville,TN
TN,byrdstown,Diocese of Knoxville,TN
TN,calhoun,Diocese of Knoxville,TN
TN,camden,Diocese of Memphis,TN
TN,carthage,Diocese of Nashville,TN
TN,caryville,Diocese of Knoxville,TN
TN,castalian springs,Diocese of Nashville,TN
TN,cedar hill,Diocese of Nashville,TN
TN,celina,Diocese of Nashville,TN
TN,centerville,Diocese of Nashville,TN
TN,chapel hill,Diocese of Nashville,TN
TN,charleston,Diocese of Knoxville,TN
TN,charlotte,Diocese of Nashville,TN
TN,chattanooga,Diocese of Knoxville,TN
TN,chesterfield,Diocese of Memphis,TN
TN,christiana,Diocese of Nashville,TN
TN,chuckey,Diocese of Knoxville,TN
TN,church hill,Diocese of Knoxville,TN
TN,clarkrange,Diocese of Knoxville,TN
TN,clarksburg,Diocese of Memphis,TN
TN,clarksville,Diocese of Nashville,TN
TN,cleveland,Diocese of Knoxville,TN
TN,clifton,Diocese of Nashville,TN
TN,clinton,Diocese of Knoxville,TN
TN,coalfield,Diocese of Knoxville,TN
TN,coalmont,Diocese of Nashville,TN
TN,collegedale,Diocese of Knoxville,TN
TN,collierville,Diocese of Memphis,TN
TN,collinwood,Diocese of Nashville,TN
TN,colonial heights,Diocese of Knoxville,TN
TN,columbia,Diocese of Nashville,TN
TN,condon,Diocese of Knoxville,TN
TN,cookeville,Diocese of Nashville,TN
TN,coopertown,Diocese of Nashville,TN
TN,copperhill,Diocese of Knoxville,TN
TN,cordova,Diocese of Memphis,TN
TN,cornersville,Diocese of Nashville,TN
TN,cottontown,Diocese of Nashville,TN
TN,covington,Diocese of Memphis,TN
TN,cowan,Diocese of Nashville,TN
TN,crab orchard,Diocese of Knoxville,TN
TN,cross plains,Diocese of Nashville,TN
TN,crossville,Diocese of Knoxville,TN
TN,crump,Diocese of Memphis,TN
TN,cumberland city,Diocese of Nashville,TN
TN,cumberland gap,Diocese of Knoxville,TN
TN,dandridge,Diocese of Knoxville,TN
TN,darden,Diocese of Memphis,TN
TN,dayton,Diocese of Knoxville,TN
TN,decatur,Diocese of Knoxville,TN
TN,decaturville,Diocese of Memphis,TN
TN,decherd,Diocese of Nashville,TN
TN,dickson,Diocese of Nashville,TN
TN,dodson branch,Diocese of Nashville,TN
TN,dover,Diocese of Nashville,TN
TN,dowelltown,Diocese of Nashville,TN
TN,doyle,Diocese of Nashville,TN
TN,dresden,Diocese of Memphis,TN
TN,ducktown,Diocese of Knoxville,TN
TN,dunlap,Diocese of Knoxville,TN
TN,dyer,Diocese of Memphis,TN
TN,dyersburg,Diocese of Memphis,TN
TN,eagleton village,Diocese of Knoxville,TN
TN,eagleville,Diocese of Nashville,TN
TN,east brainerd,Diocese of Knoxville,TN
TN,east chattanooga,Diocese of Knoxville,TN
TN,east cleveland,Diocese of Knoxville,TN
TN,east ridge,Diocese of Knoxville,TN
TN,eastview,Diocese of Memphis,TN
TN,elizabethton,Diocese of Knoxville,TN
TN,elkton,Diocese of Nashville,TN
TN,ellendale,Diocese of Memphis,TN
TN,erin,Diocese of Nashville,TN
TN,erwin,Diocese of Knoxville,TN
TN,estill springs,Diocese of Nashville,TN
TN,ethridge,Diocese of Nashville,TN
TN,etowah,Diocese of Knoxville,TN
TN,fair garden,Diocese of Knoxville,TN
TN,fairfield glade,Diocese of Knoxville,TN
TN,fairmount,Diocese of Knoxville,TN
TN,fairview,Diocese of Nashville,TN
TN,fall branch,Diocese of Knoxville,TN
TN,falling water,Diocese of Knoxville,TN
TN,farragut,Diocese of Knoxville,TN
TN,fayetteville,Diocese of Nashville,TN
TN,fincastle,Diocese of Knoxville,TN
TN,flat top mountain,Diocese of Knoxville,TN
TN,flintville,Diocese of Nashville,TN
TN,forest hills,Diocese of Nashville,TN
TN,franklin,Diocese of Nashville,TN
TN,friendship,Diocese of Memphis,TN
TN,friendsville,Diocese of Knoxville,TN
TN,gadsden,Diocese of Memphis,TN
TN,gainesboro,Diocese of Nashville,TN
TN,gallatin,Diocese of Nashville,TN
TN,gallaway,Diocese of Memphis,TN
TN,gates,Diocese of Memphis,TN
TN,gatlinburg,Diocese of Knoxville,TN
TN,germantown,Diocese of Memphis,TN
TN,gibson,Diocese of Memphis,TN
TN,gilt edge,Diocese of Memphis,TN
TN,gleason,Diocese of Memphis,TN
TN,goodlettsville,Diocese of Nashville,TN
TN,gordonsville,Diocese of Nashville,TN
TN,grand junction,Diocese of Memphis,TN
TN,gray,Diocese of Knoxville,TN
TN,graysville,Diocese of Knoxville,TN
TN,green hill,Diocese of Nashville,TN
TN,greenback,Diocese of Knoxville,TN
TN,greenbrier,Diocese of Nashville,TN
TN,greeneville,Diocese of Knoxville,TN
TN,greenfield,Diocese of Memphis,TN
TN,grimsley,Diocese of Knoxville,TN
TN,gruetlilaager,Diocese of Nashville,TN
TN,guys,Diocese of Memphis,TN
TN,halls,Diocese of Memphis,TN
TN,harriman,Diocese of Knoxville,TN
TN,harrison,Diocese of Knoxville,TN
TN,harrogate,Diocese of Knoxville,TN
TN,hartsville,Diocese of Nashville,TN
TN,helenwood,Diocese of Knoxville,TN
TN,henderson,Diocese of Memphis,TN
TN,hendersonville,Diocese of Nashville,TN
TN,henning,Diocese of Memphis,TN
TN,henry,Diocese of Memphis,TN
TN,hermitage,Diocese of Nashville,TN
TN,hickory withe,Diocese of Memphis,TN
TN,hillsboro,Diocese of Nashville,TN
TN,hohenwald,Diocese of Nashville,TN
TN,hollow rock,Diocese of Memphis,TN
TN,hopewell,Diocese of Knoxville,TN
TN,hornbeak,Diocese of Memphis,TN
TN,humboldt,Diocese of Memphis,TN
TN,hunter,Diocese of Knoxville,TN
TN,huntingdon,Diocese of Memphis,TN
TN,huntland,Diocese of Nashville,TN
TN,huntsville,Diocese of Knoxville,TN
TN,iron city,Diocese of Nashville,TN
TN,jacksboro,Diocese of Knoxville,TN
TN,jackson,Diocese of Memphis,TN
TN,jamestown,Diocese of Knoxville,TN
TN,jasper,Diocese of Knoxville,TN
TN,jefferson city,Diocese of Knoxville,TN
TN,jellico,Diocese of Knoxville,TN
TN,johnson city,Diocese of Knoxville,TN
TN,johnsonville,Diocese of Nashville,TN
TN,jonesborough,Diocese of Knoxville,TN
TN,kenton,Diocese of Memphis,TN
TN,kimball,Diocese of Knoxville,TN
TN,kingsport,Diocese of Knoxville,TN
TN,kingston,Diocese of Knoxville,TN
TN,kingston springs,Diocese of Nashville,TN
TN,knoxville,Diocese of Knoxville,TN
TN,la vergne,Diocese of Nashville,TN
TN,lafayette,Diocese of Nashville,TN
TN,lafollette,Diocese of Knoxville,TN
TN,lake tansi,Diocese of Knoxville,TN
TN,lakeland,Diocese of Memphis,TN
TN,lakesite,Diocese of Knoxville,TN
TN,lakewood,Diocese of Nashville,TN
TN,lakewood park,Diocese of Nashville,TN
TN,lawrenceburg,Diocese of Nashville,TN
TN,lebanon,Diocese of Nashville,TN
TN,lenoir city,Diocese of Knoxville,TN
TN,lewisburg,Diocese of Nashville,TN
TN,lexington,Diocese of Memphis,TN
TN,liberty,Diocese of Nashville,TN
TN,linden,Diocese of Nashville,TN
TN,livingston,Diocese of Nashville,TN
TN,lobelville,Diocese of Nashville,TN
TN,lone oak,Diocese of Knoxville,TN
TN,lookout mountain,Diocese of Knoxville,TN
TN,loretto,Diocese of Nashville,TN
TN,loudon,Diocese of Knoxville,TN
TN,louisville,Diocese of Knoxville,TN
TN,luttrell,Diocese of Knoxville,TN
TN,lyles,Diocese of Nashville,TN
TN,lynchburg,Diocese of Nashville,TN
TN,madisonville,Diocese of Knoxville,TN
TN,manchester,Diocese of Nashville,TN
TN,martin,Diocese of Memphis,TN
TN,maryville,Diocese of Knoxville,TN
TN,mascot,Diocese of Knoxville,TN
TN,mason,Diocese of Memphis,TN
TN,maury city,Diocese of Memphis,TN
TN,maynardville,Diocese of Knoxville,TN
TN,mcewen,Diocese of Nashville,TN
TN,mckenzie,Diocese of Memphis,TN
TN,mclemoresville,Diocese of Memphis,TN
TN,mcminnville,Diocese of Nashville,TN
TN,medina,Diocese of Memphis,TN
TN,memphis,Diocese of Memphis,TN
TN,michie,Diocese of Memphis,TN
TN,middle valley,Diocese of Knoxville,TN
TN,middleton,Diocese of Memphis,TN
TN,midtown,Diocese of Knoxville,TN
TN,midway,Diocese of Knoxville,TN
TN,milan,Diocese of Memphis,TN
TN,millersville,Diocese of Nashville,TN
TN,millington,Diocese of Memphis,TN
TN,minor hill,Diocese of Nashville,TN
TN,monteagle,Diocese of Knoxville,TN
TN,monterey,Diocese of Nashville,TN
TN,mooresburg,Diocese of Knoxville,TN
TN,morrison,Diocese of Nashville,TN
TN,morristown,Diocese of Knoxville,TN
TN,moscow,Diocese of Memphis,TN
TN,mosheim,Diocese of Knoxville,TN
TN,mount juliet,Diocese of Nashville,TN
TN,mount pleasant,Diocese of Nashville,TN
TN,mountain city,Diocese of Knoxville,TN
TN,mowbray mountain,Diocese of Knoxville,TN
TN,munford,Diocese of Memphis,TN
TN,murfreesboro,Diocese of Nashville,TN
TN,nashville,Diocese of Nashville,TN
TN,new deal,Diocese of Nashville,TN
TN,new hope,Diocese of Knoxville,TN
TN,new johnsonville,Diocese of Nashville,TN
TN,new market,Diocese of Knoxville,TN
TN,new tazewell,Diocese of Knoxville,TN
TN,new union,Diocese of Nashville,TN
TN,newbern,Diocese of Memphis,TN
TN,newport,Diocese of Knoxville,TN
TN,niota,Diocese of Knoxville,TN
TN,nolensville,Diocese of Nashville,TN
TN,norris,Diocese of Knoxville,TN
TN,oak grove,Diocese of Knoxville,TN
TN,oak hill,Diocese of Nashville,TN
TN,oak ridge,Diocese of Knoxville,TN
TN,oakland,Diocese of Memphis,TN
TN,obion,Diocese of Memphis,TN
TN,oliver springs,Diocese of Knoxville,TN
TN,olivet,Diocese of Memphis,TN
TN,oneida,Diocese of Knoxville,TN
TN,ooltewah,Diocese of Knoxville,TN
TN,orlinda,Diocese of Nashville,TN
TN,palmer,Diocese of Nashville,TN
TN,paris,Diocese of Memphis,TN
TN,park city,Diocese of Nashville,TN
TN,parsons,Diocese of Memphis,TN
TN,pegram,Diocese of Nashville,TN
TN,pelham,Diocese of Nashville,TN
TN,petersburg,Diocese of Nashville,TN
TN,petros,Diocese of Knoxville,TN
TN,philadelphia,Diocese of Knoxville,TN
TN,pigeon forge,Diocese of Knoxville,TN
TN,pikeville,Diocese of Knoxville,TN
TN,pine crest,Diocese of Knoxville,TN
TN,piperton,Diocese of Memphis,TN
TN,pittman center,Diocese of Knoxville,TN
TN,plainview,Diocese of Knoxville,TN
TN,pleasant view,Diocese of Nashville,TN
TN,portland,Diocese of Nashville,TN
TN,powells crossroads,Diocese of Knoxville,TN
TN,pulaski,Diocese of Nashville,TN
TN,puryear,Diocese of Memphis,TN
TN,ramer,Diocese of Memphis,TN
TN,red bank,Diocese of Knoxville,TN
TN,red boiling springs,Diocese of Nashville,TN
TN,riceville,Diocese of Knoxville,TN
TN,ridgely,Diocese of Memphis,TN
TN,ridgeside,Diocese of Knoxville,TN
TN,ridgetop,Diocese of Nashville,TN
TN,ripley,Diocese of Memphis,TN
TN,rives,Diocese of Memphis,TN
TN,roan mountain,Diocese of Knoxville,TN
TN,rockford,Diocese of Knoxville,TN
TN,rockwood,Diocese of Knoxville,TN
TN,rocky top,Diocese of Knoxville,TN
TN,rogersville,Diocese of Knoxville,TN
TN,rossville,Diocese of Memphis,TN
TN,rural hill,Diocese of Nashville,TN
TN,rutherford,Diocese of Memphis,TN
TN,rutledge,Diocese of Knoxville,TN
TN,sale creek,Diocese of Knoxville,TN
TN,saltillo,Diocese of Memphis,TN
TN,sardis,Diocese of Memphis,TN
TN,savannah,Diocese of Memphis,TN
TN,scotts hill,Diocese of Memphis,TN
TN,selmer,Diocese of Memphis,TN
TN,sevierville,Diocese of Knoxville,TN
TN,sewanee,Diocese of Nashville,TN
TN,seymour,Diocese of Knoxville,TN
TN,shackle island,Diocese of Nashville,TN
TN,sharon,Diocese of Memphis,TN
TN,shelbyville,Diocese of Nashville,TN
TN,signal mountain,Diocese of Knoxville,TN
TN,smithville,Diocese of Nashville,TN
TN,smyrna,Diocese of Nashville,TN
TN,sneedville,Diocese of Knoxville,TN
TN,soddydaisy,Diocese of Knoxville,TN
TN,somerville,Diocese of Memphis,TN
TN,south carthage,Diocese of Nashville,TN
TN,south cleveland,Diocese of Knoxville,TN
TN,south fulton,Diocese of Memphis,TN
TN,south pittsburg,Diocese of Knoxville,TN
TN,sparta,Diocese of Nashville,TN
TN,speedwell,Diocese of Knoxville,TN
TN,spencer,Diocese of Nashville,TN
TN,spring city,Diocese of Knoxville,TN
TN,spring hill,Diocese of Nashville,TN
TN,springfield,Diocese of Nashville,TN
TN,spurgeon,Diocese of Knoxville,TN
TN,st joseph,Diocese of Nashville,TN
TN,stanton,Diocese of Memphis,TN
TN,summertown,Diocese of Nashville,TN
TN,sunbright,Diocese of Knoxville,TN
TN,surgoinsville,Diocese of Knoxville,TN
TN,sweetwater,Diocese of Knoxville,TN
TN,tazewell,Diocese of Knoxville,TN
TN,telford,Diocese of Knoxville,TN
TN,tellico plains,Diocese of Knoxville,TN
TN,tellico village,Diocese of Knoxville,TN
TN,tennessee ridge,Diocese of Nashville,TN
TN,thompsons station,Diocese of Nashville,TN
TN,three way,Diocese of Memphis,TN
TN,tiptonville,Diocese of Memphis,TN
TN,toone,Diocese of Memphis,TN
TN,townsend,Diocese of Knoxville,TN
TN,tracy city,Diocese of Nashville,TN
TN,trenton,Diocese of Memphis,TN
TN,trezevant,Diocese of Memphis,TN
TN,trimble,Diocese of Memphis,TN
TN,troy,Diocese of Memphis,TN
TN,tullahoma,Diocese of Nashville,TN
TN,tusculum,Diocese of Knoxville,TN
TN,unicoi,Diocese of Knoxville,TN
TN,union city,Diocese of Memphis,TN
TN,unionville,Diocese of Nashville,TN
TN,vanleer,Diocese of Nashville,TN
TN,vonore,Diocese of Knoxville,TN
TN,walden,Diocese of Knoxville,TN
TN,walnut hill,Diocese of Knoxville,TN
TN,walterhill,Diocese of Nashville,TN
TN,wartburg,Diocese of Knoxville,TN
TN,wartrace,Diocese of Nashville,TN
TN,watauga,Diocese of Knoxville,TN
TN,watertown,Diocese of Nashville,TN
TN,waverly,Diocese of Nashville,TN
TN,waynesboro,Diocese of Nashville,TN
TN,westmoreland,Diocese of Nashville,TN
TN,white bluff,Diocese of Nashville,TN
TN,white house,Diocese of Nashville,TN
TN,white pine,Diocese of Knoxville,TN
TN,whiteville,Diocese of Memphis,TN
TN,whitwell,Diocese of Knoxville,TN
TN,wildwood,Diocese of Knoxville,TN
TN,wildwood lake,Diocese of Knoxville,TN
TN,williston,Diocese of Memphis,TN
TN,winchester,Diocese of Nashville,TN
TN,winfield,Diocese of Knoxville,TN
TN,woodbury,Diocese of Nashville,TN
TN,woodland mills,Diocese of Memphis,TN
TX,abbott,Diocese of Fort Worth,TX
TX,abernathy,Diocese of Lubbock,TX
TX,abilene,Diocese of San Angelo,TX
TX,abram,Diocese of Brownsville,TX
TX,addison,Diocese of Dallas,TX
TX,alamo,Diocese of Brownsville,TX
TX,alba,Diocese of Tyler,TX
TX,albany,Diocese of Fort Worth,TX
TX,aledo,Diocese of Fort Worth,TX
TX,alice,Diocese of Corpus Christi,TX
TX,alice acres,Diocese of Corpus Christi,TX
TX,allen,Diocese of Dallas,TX
TX,alma,Diocese of Dallas,TX
TX,alpine,Diocese of El Paso,TX
TX,alto,Diocese of Tyler,TX
TX,alto bonito,Diocese of Brownsville,TX
TX,alto bonito colonia,Diocese of Brownsville,TX
TX,alton,Diocese of Brownsville,TX
TX,alton north historical,Diocese of Brownsville,TX
TX,alvarado,Diocese of Fort Worth,TX
TX,alvin,Archdiocese of Galveston–Houston,TX
TX,alvord,Diocese of Fort Worth,TX
TX,amarillo,Diocese of Amarillo,TX
TX,amherst,Diocese of Lubbock,TX
TX,anahuac,Diocese of Beaumont,TX
TX,andrews,Diocese of San Angelo,TX
TX,angleton,Archdiocese of Galveston–Houston,TX
TX,angus,Diocese of Dallas,TX
TX,anna,Diocese of Dallas,TX
TX,annetta,Diocese of Fort Worth,TX
TX,annetta north,Diocese of Fort Worth,TX
TX,annetta south,Diocese of Fort Worth,TX
TX,annona,Diocese of Tyler,TX
TX,anson,Diocese of Lubbock,TX
TX,anthony,Diocese of El Paso,TX
TX,anton,Diocese of Lubbock,TX
TX,appleby,Diocese of Tyler,TX
TX,aransas pass,Diocese of Corpus Christi,TX
TX,archer city,Diocese of Fort Worth,TX
TX,arcola,Archdiocese of Galveston–Houston,TX
TX,argyle,Diocese of Fort Worth,TX
TX,arlington,Diocese of Fort Worth,TX
TX,arp,Diocese of Tyler,TX
TX,arroyo alto,Diocese of Brownsville,TX
TX,arroyo colorado estates colonia,Diocese of Brownsville,TX
TX,arroyo gardens,Diocese of Brownsville,TX
TX,asherton,Diocese of Laredo,TX
TX,aspermont,Diocese of Lubbock,TX
TX,athens,Diocese of Tyler,TX
TX,atlanta,Diocese of Tyler,TX
TX,aubrey,Diocese of Fort Worth,TX
TX,aurora,Diocese of Fort Worth,TX
TX,austin,Diocese of Austin,TX
TX,avery,Diocese of Tyler,TX
TX,avinger,Diocese of Tyler,TX
TX,azle,Diocese of Fort Worth,TX
TX,b and e colonia,Diocese of Brownsville,TX
TX,bacliff,Archdiocese of Galveston–Houston,TX
TX,bailey prairie,Archdiocese of Galveston–Houston,TX
TX,baird,Diocese of San Angelo,TX
TX,balch springs,Diocese of Dallas,TX
TX,ballinger,Diocese of San Angelo,TX
TX,balmorhea,Diocese of El Paso,TX
TX,bandera,Archdiocese of San Antonio,TX
TX,bangs,Diocese of San Angelo,TX
TX,banquete,Diocese of Corpus Christi,TX
TX,bardwell,Diocese of Dallas,TX
TX,barrett,Archdiocese of Galveston–Houston,TX
TX,barstow,Diocese of El Paso,TX
TX,bartlett,Diocese of Austin,TX
TX,barton creek,Diocese of Austin,TX
TX,bartonville,Diocese of Fort Worth,TX
TX,bastrop,Diocese of Austin,TX
TX,batesville,Diocese of Laredo,TX
TX,bay city,Diocese of Victoria,TX
TX,bayou vista,Archdiocese of Galveston–Houston,TX
TX,bayside,Diocese of Corpus Christi,TX
TX,baytown,Archdiocese of Galveston–Houston,TX
TX,beach city,Diocese of Beaumont,TX
TX,bear creek,Diocese of Austin,TX
TX,beasley,Archdiocese of Galveston–Houston,TX
TX,beaumont,Diocese of Beaumont,TX
TX,beckville,Diocese of Tyler,TX
TX,bedford,Diocese of Fort Worth,TX
TX,bedias,Archdiocese of Galveston–Houston,TX
TX,bee cave,Diocese of Austin,TX
TX,beeville,Diocese of Corpus Christi,TX
TX,bellevue,Diocese of Fort Worth,TX
TX,bellmead,Diocese of Austin,TX
TX,bells,Diocese of Dallas,TX
TX,bellville,Archdiocese of Galveston–Houston,TX
TX,belton,Diocese of Austin,TX
TX,benavides,Diocese of Corpus Christi,TX
TX,benbrook,Diocese of Fort Worth,TX
TX,berryville,Diocese of Tyler,TX
TX,bertram,Diocese of Austin,TX
TX,beverly,Diocese of Austin,TX
TX,beverly hills,Diocese of Austin,TX
TX,bevil oaks,Diocese of Beaumont,TX
TX,big lake,Diocese of San Angelo,TX
TX,big sandy,Diocese of Tyler,TX
TX,big spring,Diocese of San Angelo,TX
TX,big wells,Diocese of Laredo,TX
TX,bigfoot,Archdiocese of San Antonio,TX
TX,bishop,Diocese of Corpus Christi,TX
TX,bixby,Diocese of Brownsville,TX
TX,blackwell,Diocese of San Angelo,TX
TX,blanco,Diocese of Austin,TX
TX,blanket,Diocese of San Angelo,TX
TX,blessing,Diocese of Victoria,TX
TX,bloomburg,Diocese of Tyler,TX
TX,blooming grove,Diocese of Dallas,TX
TX,bloomington,Diocese of Victoria,TX
TX,blossom,Diocese of Tyler,TX
TX,blue berry hill,Diocese of Corpus Christi,TX
TX,blue mound,Diocese of Fort Worth,TX
TX,bluetown,Diocese of Brownsville,TX
TX,bluetown colonia,Diocese of Brownsville,TX
TX,blum,Diocese of Fort Worth,TX
TX,boerne,Archdiocese of San Antonio,TX
TX,bogata,Diocese of Tyler,TX
TX,boling,Diocese of Victoria,TX
TX,bolivar peninsula,Archdiocese of Galveston–Houston,TX
TX,bonham,Diocese of Dallas,TX
TX,bonney,Archdiocese of Galveston–Houston,TX
TX,booker,Diocese of Amarillo,TX
TX,borger,Diocese of Amarillo,TX
TX,bovina,Diocese of Amarillo,TX
TX,bowie,Diocese of Fort Worth,TX
TX,boyd,Diocese of Fort Worth,TX
TX,brackettville,Archdiocese of San Antonio,TX
TX,brady,Diocese of San Angelo,TX
TX,brazoria,Archdiocese of Galveston–Houston,TX
TX,brazos bend,Diocese of Fort Worth,TX
TX,brazos country,Archdiocese of Galveston–Houston,TX
TX,breckenridge,Diocese of Fort Worth,TX
TX,bremond,Diocese of Austin,TX
TX,brenham,Diocese of Austin,TX
TX,briar,Diocese of Fort Worth,TX
TX,briarcliff,Diocese of Austin,TX
TX,briaroaks,Diocese of Fort Worth,TX
TX,bridge city,Diocese of Beaumont,TX
TX,bridgeport,Diocese of Fort Worth,TX
TX,bristol,Diocese of Dallas,TX
TX,bronte,Diocese of San Angelo,TX
TX,brookshire,Archdiocese of Galveston–Houston,TX
TX,brookside village,Archdiocese of Galveston–Houston,TX
TX,brownfield,Diocese of Lubbock,TX
TX,brownsboro,Diocese of Tyler,TX
TX,brownsville,Diocese of Brownsville,TX
TX,brownwood,Diocese of San Angelo,TX
TX,brucevilleeddy,Diocese of Austin,TX
TX,bruni,Diocese of Laredo,TX
TX,brushy creek,Diocese of Austin,TX
TX,bryan,Diocese of Austin,TX
TX,bryson,Diocese of Fort Worth,TX
TX,buchanan dam,Diocese of Austin,TX
TX,buchanan lake village,Diocese of Austin,TX
TX,buckholts,Diocese of Austin,TX
TX,buda,Diocese of Austin,TX
TX,buffalo,Diocese of Tyler,TX
TX,buffalo springs,Diocese of Lubbock,TX
TX,bullard,Diocese of Tyler,TX
TX,bulverde,Archdiocese of San Antonio,TX
TX,buna,Diocese of Beaumont,TX
TX,burkburnett,Diocese of Fort Worth,TX
TX,burke,Diocese of Tyler,TX
TX,burleson,Diocese of Fort Worth,TX
TX,burnet,Diocese of Austin,TX
TX,burton,Diocese of Austin,TX
TX,bushland,Diocese of Amarillo,TX
TX,byers,Diocese of Fort Worth,TX
TX,caddo mills,Diocese of Dallas,TX
TX,caldwell,Diocese of Austin,TX
TX,callisburg,Diocese of Fort Worth,TX
TX,calvert,Diocese of Austin,TX
TX,cameron,Diocese of Austin,TX
TX,cameron park,Diocese of Brownsville,TX
TX,cameron park colonia,Diocese of Brownsville,TX
TX,camp swift,Diocese of Austin,TX
TX,camp wood,Archdiocese of San Antonio,TX
TX,campbell,Diocese of Dallas,TX
TX,canadian,Diocese of Amarillo,TX
TX,canton,Diocese of Tyler,TX
TX,canutillo,Diocese of El Paso,TX
TX,canyon,Diocese of Amarillo,TX
TX,canyon lake,Archdiocese of San Antonio,TX
TX,carlsbad,Diocese of San Angelo,TX
TX,carrizo hill,Diocese of Laredo,TX
TX,carrizo springs,Diocese of Laredo,TX
TX,carrollton,Diocese of Dallas,TX
TX,carthage,Diocese of Tyler,TX
TX,cashion community,Diocese of Fort Worth,TX
TX,castroville,Archdiocese of San Antonio,TX
TX,cedar hill,Diocese of Dallas,TX
TX,cedar park,Diocese of Austin,TX
TX,celeste,Diocese of Dallas,TX
TX,celina,Diocese of Dallas,TX
TX,centerville,Diocese of Tyler,TX
TX,central gardens,Diocese of Beaumont,TX
TX,cesar chavez,Diocese of Brownsville,TX
TX,chandler,Diocese of Tyler,TX
TX,channelview,Archdiocese of Galveston–Houston,TX
TX,channing,Diocese of Amarillo,TX
TX,charlotte,Archdiocese of San Antonio,TX
TX,chester,Diocese of Beaumont,TX
TX,chico,Diocese of Fort Worth,TX
TX,childress,Diocese of Amarillo,TX
TX,chillicothe,Diocese of Fort Worth,TX
TX,chilton,Diocese of Austin,TX
TX,china,Diocese of Beaumont,TX
TX,china grove,Archdiocese of San Antonio,TX
TX,chireno,Diocese of Tyler,TX
TX,christine,Archdiocese of San Antonio,TX
TX,christoval,Diocese of San Angelo,TX
TX,chula vista colonia,Diocese of Laredo,TX
TX,cibolo,Archdiocese of San Antonio,TX
TX,cienegas terrace,Archdiocese of San Antonio,TX
TX,cinco ranch,Archdiocese of Galveston–Houston,TX
TX,circle dkc estates,Diocese of Austin,TX
TX,cisco,Diocese of Fort Worth,TX
TX,citrus city,Diocese of Brownsville,TX
TX,clarendon,Diocese of Amarillo,TX
TX,clarksville,Diocese of Tyler,TX
TX,clarksville city,Diocese of Tyler,TX
TX,claude,Diocese of Amarillo,TX
TX,clear lake shores,Archdiocese of Galveston–Houston,TX
TX,cleburne,Diocese of Fort Worth,TX
TX,cleveland,Diocese of Beaumont,TX
TX,clifton,Diocese of Fort Worth,TX
TX,clint,Diocese of El Paso,TX
TX,clute,Archdiocese of Galveston–Houston,TX
TX,clyde,Diocese of San Angelo,TX
TX,coahoma,Diocese of San Angelo,TX
TX,coldspring,Archdiocese of Galveston–Houston,TX
TX,coleman,Diocese of San Angelo,TX
TX,college station,Diocese of Austin,TX
TX,colleyville,Diocese of Fort Worth,TX
TX,collinsville,Diocese of Dallas,TX
TX,colmesneil,Diocese of Beaumont,TX
TX,colonia iglesia antigua,Diocese of Brownsville,TX
TX,colorado city,Diocese of San Angelo,TX
TX,columbus,Diocese of Victoria,TX
TX,comanche,Diocese of Fort Worth,TX
TX,combes,Diocese of Brownsville,TX
TX,combine,Diocese of Dallas,TX
TX,comfort,Archdiocese of San Antonio,TX
TX,commerce,Diocese of Dallas,TX
TX,como,Diocese of Tyler,TX
TX,conroe,Archdiocese of Galveston–Houston,TX
TX,converse,Archdiocese of San Antonio,TX
TX,coolidge,Diocese of Austin,TX
TX,cooper,Diocese of Tyler,TX
TX,coppell,Diocese of Dallas,TX
TX,copper canyon,Diocese of Fort Worth,TX
TX,copperas cove,Diocese of Austin,TX
TX,corinth,Diocese of Fort Worth,TX
TX,corpus christi,Diocese of Corpus Christi,TX
TX,corrigan,Diocese of Beaumont,TX
TX,corsicana,Diocese of Dallas,TX
TX,cottonwood shores,Diocese of Austin,TX
TX,cotulla,Diocese of Laredo,TX
TX,coupland,Diocese of Austin,TX
TX,cove,Diocese of Beaumont,TX
TX,coyote acres,Diocese of Corpus Christi,TX
TX,coyote acres colonia,Diocese of Corpus Christi,TX
TX,crandall,Diocese of Dallas,TX
TX,crane,Diocese of San Angelo,TX
TX,crawford,Diocese of Austin,TX
TX,cresson,Diocese of Fort Worth,TX
TX,crockett,Diocese of Tyler,TX
TX,crosby,Archdiocese of Galveston–Houston,TX
TX,crosbyton,Diocese of Lubbock,TX
TX,cross mountain,Archdiocese of San Antonio,TX
TX,cross plains,Diocese of San Angelo,TX
TX,cross roads,Diocese of Fort Worth,TX
TX,crowell,Diocese of Fort Worth,TX
TX,crowley,Diocese of Fort Worth,TX
TX,crystal city,Diocese of Laredo,TX
TX,cuero,Diocese of Victoria,TX
TX,cumby,Diocese of Tyler,TX
TX,cumings,Archdiocese of Galveston–Houston,TX
TX,cushing,Diocese of Tyler,TX
TX,cut and shoot,Archdiocese of Galveston–Houston,TX
TX,cypress,Archdiocese of Galveston–Houston,TX
TX,daingerfield,Diocese of Tyler,TX
TX,daisetta,Diocese of Beaumont,TX
TX,dalhart,Diocese of Amarillo,TX
TX,dallas,Diocese of Dallas,TX
TX,dalworthington gardens,Diocese of Fort Worth,TX
TX,damon,Archdiocese of Galveston–Houston,TX
TX,danbury,Archdiocese of Galveston–Houston,TX
TX,darrouzett,Diocese of Amarillo,TX
TX,dawson,Diocese of Dallas,TX
TX,dayton,Diocese of Beaumont,TX
TX,de kalb,Diocese of Tyler,TX
TX,de leon,Diocese of Fort Worth,TX
TX,dean,Diocese of Fort Worth,TX
TX,decatur,Diocese of Fort Worth,TX
TX,decordova,Diocese of Fort Worth,TX
TX,deer park,Archdiocese of Galveston–Houston,TX
TX,del rio,Archdiocese of San Antonio,TX
TX,dell city,Diocese of El Paso,TX
TX,denison,Diocese of Dallas,TX
TX,denton,Diocese of Fort Worth,TX
TX,denver city,Diocese of Lubbock,TX
TX,deport,Diocese of Tyler,TX
TX,desoto,Diocese of Dallas,TX
TX,detroit,Diocese of Tyler,TX
TX,devers,Diocese of Beaumont,TX
TX,devine,Archdiocese of San Antonio,TX
TX,deweyville,Diocese of Beaumont,TX
TX,dhanis,Archdiocese of San Antonio,TX
TX,diboll,Diocese of Tyler,TX
TX,dickinson,Archdiocese of Galveston–Houston,TX
TX,dilley,Archdiocese of San Antonio,TX
TX,dimmitt,Diocese of Amarillo,TX
TX,dish,Diocese of Fort Worth,TX
TX,dodd city,Diocese of Dallas,TX
TX,doffing,Diocese of Brownsville,TX
TX,donna,Diocese of Brownsville,TX
TX,doolittle,Diocese of Brownsville,TX
TX,double oak,Diocese of Fort Worth,TX
TX,doyle,Diocese of Austin,TX
TX,dripping springs,Diocese of Austin,TX
TX,driscoll,Diocese of Corpus Christi,TX
TX,dublin,Diocese of Fort Worth,TX
TX,dumas,Diocese of Amarillo,TX
TX,duncanville,Diocese of Dallas,TX
TX,eagle lake,Diocese of Victoria,TX
TX,eagle mountain,Diocese of Fort Worth,TX
TX,eagle pass,Diocese of Laredo,TX
TX,early,Diocese of San Angelo,TX
TX,earth,Diocese of Lubbock,TX
TX,east bernard,Diocese of Victoria,TX
TX,east mountain,Diocese of Tyler,TX
TX,east tawakoni,Diocese of Tyler,TX
TX,eastland,Diocese of Fort Worth,TX
TX,easton,Diocese of Tyler,TX
TX,ector,Diocese of Dallas,TX
TX,edcouch,Diocese of Brownsville,TX
TX,eden,Diocese of San Angelo,TX
TX,edgecliff village,Diocese of Fort Worth,TX
TX,edgewood,Diocese of Tyler,TX
TX,edinburg,Diocese of Brownsville,TX
TX,edna,Diocese of Victoria,TX
TX,edom,Diocese of Tyler,TX
TX,edroy,Diocese of Corpus Christi,TX
TX,eidson road,Diocese of Laredo,TX
TX,el campo,Diocese of Victoria,TX
TX,el cenizo,Diocese of Laredo,TX
TX,el lago,Archdiocese of Galveston–Houston,TX
TX,el paso,Diocese of El Paso,TX
TX,el refugio,Diocese of Brownsville,TX
TX,eldorado,Diocese of San Angelo,TX
TX,electra,Diocese of Fort Worth,TX
TX,elgin,Diocese of Austin,TX
TX,elkhart,Diocese of Tyler,TX
TX,elm creek,Diocese of Laredo,TX
TX,elmendorf,Archdiocese of San Antonio,TX
TX,elmo,Diocese of Dallas,TX
TX,elsa,Diocese of Brownsville,TX
TX,emory,Diocese of Tyler,TX
TX,encantadaranchitoel calaboz,Diocese of Brownsville,TX
TX,enchanted oaks,Diocese of Tyler,TX
TX,encinal,Diocese of Laredo,TX
TX,ennis,Diocese of Dallas,TX
TX,escobar i,Diocese of Brownsville,TX
TX,escobares,Diocese of Brownsville,TX
TX,euless,Diocese of Fort Worth,TX
TX,eureka,Diocese of Dallas,TX
TX,eustace,Diocese of Tyler,TX
TX,evadale,Diocese of Beaumont,TX
TX,evant,Diocese of Austin,TX
TX,everman,Diocese of Fort Worth,TX
TX,fabens,Diocese of El Paso,TX
TX,fair oaks ranch,Archdiocese of San Antonio,TX
TX,fairchilds,Archdiocese of Galveston–Houston,TX
TX,fairfield,Diocese of Tyler,TX
TX,falcon lake estates,Diocese of Laredo,TX
TX,falcon mesa,Diocese of Laredo,TX
TX,falfurrias,Diocese of Corpus Christi,TX
TX,falls city,Archdiocese of San Antonio,TX
TX,fannett,Diocese of Beaumont,TX
TX,farmers branch,Diocese of Dallas,TX
TX,farmersville,Diocese of Dallas,TX
TX,farwell,Diocese of Amarillo,TX
TX,fate,Diocese of Dallas,TX
TX,faysville,Diocese of Brownsville,TX
TX,ferris,Diocese of Dallas,TX
TX,fifth street,Archdiocese of Galveston–Houston,TX
TX,florence,Diocese of Austin,TX
TX,floresville,Archdiocese of San Antonio,TX
TX,flower mound,Diocese of Fort Worth,TX
TX,floydada,Diocese of Lubbock,TX
TX,follett,Diocese of Amarillo,TX
TX,forest hill,Diocese of Fort Worth,TX
TX,forney,Diocese of Dallas,TX
TX,fort bliss,Diocese of El Paso,TX
TX,fort cavazos,Diocese of Austin,TX
TX,fort clark springs,Archdiocese of San Antonio,TX
TX,fort davis,Diocese of El Paso,TX
TX,fort gates,Diocese of Austin,TX
TX,fort hancock,Diocese of El Paso,TX
TX,fort stockton,Diocese of San Angelo,TX
TX,fort worth,Diocese of Fort Worth,TX
TX,four corners,Archdiocese of Galveston–Houston,TX
TX,franklin,Diocese of Austin,TX
TX,frankston,Diocese of Tyler,TX
TX,fredericksburg,Archdiocese of San Antonio,TX
TX,freeport,Archdiocese of Galveston–Houston,TX
TX,freer,Diocese of Corpus Christi,TX
TX,fresno,Archdiocese of Galveston–Houston,TX
TX,friendswood,Archdiocese of Galveston–Houston,TX
TX,friona,Diocese of Amarillo,TX
TX,frisco,Diocese of Dallas,TX
TX,fritch,Diocese of Amarillo,TX
TX,frost,Diocese of Dallas,TX
TX,fruitvale,Diocese of Tyler,TX
TX,fulshear,Archdiocese of Galveston–Houston,TX
TX,fulton,Diocese of Corpus Christi,TX
TX,gainesville,Diocese of Fort Worth,TX
TX,gallatin,Diocese of Tyler,TX
TX,galveston,Archdiocese of Galveston–Houston,TX
TX,ganado,Diocese of Victoria,TX
TX,garceno,Diocese of Brownsville,TX
TX,garden city,Diocese of San Angelo,TX
TX,garden ridge,Archdiocese of San Antonio,TX
TX,garfield,Diocese of Austin,TX
TX,garland,Diocese of Dallas,TX
TX,garrett,Diocese of Dallas,TX
TX,garrison,Diocese of Tyler,TX
TX,gary city,Diocese of Tyler,TX
TX,garzasalinas ii,Diocese of Brownsville,TX
TX,gatesville,Diocese of Austin,TX
TX,george west,Diocese of Corpus Christi,TX
TX,georgetown,Diocese of Austin,TX
TX,geronimo,Archdiocese of San Antonio,TX
TX,gholson,Diocese of Austin,TX
TX,giddings,Diocese of Austin,TX
TX,gilmer,Diocese of Tyler,TX
TX,gladewater,Diocese of Tyler,TX
TX,glen rose,Diocese of Fort Worth,TX
TX,glenn heights,Diocese of Dallas,TX
TX,glidden,Diocese of Victoria,TX
TX,godley,Diocese of Fort Worth,TX
TX,goldthwaite,Diocese of Austin,TX
TX,goliad,Diocese of Victoria,TX
TX,golinda,Diocese of Austin,TX
TX,gonzales,Archdiocese of San Antonio,TX
TX,gordon,Diocese of Fort Worth,TX
TX,gorman,Diocese of Fort Worth,TX
TX,graford,Diocese of Fort Worth,TX
TX,graham,Diocese of Fort Worth,TX
TX,granbury,Diocese of Fort Worth,TX
TX,grand prairie,Diocese of Dallas,TX
TX,grand saline,Diocese of Tyler,TX
TX,grandfalls,Diocese of El Paso,TX
TX,grandview,Diocese of Fort Worth,TX
TX,granger,Diocese of Austin,TX
TX,granite shoals,Diocese of Austin,TX
TX,grape creek,Diocese of San Angelo,TX
TX,grapeland,Diocese of Tyler,TX
TX,grapevine,Diocese of Fort Worth,TX
TX,grays prairie,Diocese of Dallas,TX
TX,greatwood,Archdiocese of Galveston–Houston,TX
TX,green valley farms,Diocese of Brownsville,TX
TX,greenville,Diocese of Dallas,TX
TX,gregory,Diocese of Corpus Christi,TX
TX,grey forest,Archdiocese of San Antonio,TX
TX,groesbeck,Diocese of Austin,TX
TX,groom,Diocese of Amarillo,TX
TX,groves,Diocese of Beaumont,TX
TX,groveton,Diocese of Tyler,TX
TX,gruver,Diocese of Amarillo,TX
TX,gun barrel city,Diocese of Tyler,TX
TX,gustine,Diocese of Fort Worth,TX
TX,hale center,Diocese of Lubbock,TX
TX,hallettsville,Diocese of Victoria,TX
TX,hallsburg,Diocese of Austin,TX
TX,hallsville,Diocese of Tyler,TX
TX,haltom city,Diocese of Fort Worth,TX
TX,hamilton,Diocese of Austin,TX
TX,hamlin,Diocese of Lubbock,TX
TX,happy,Diocese of Amarillo,TX
TX,hardin,Diocese of Beaumont,TX
TX,hargill,Diocese of Brownsville,TX
TX,harker heights,Diocese of Austin,TX
TX,harlingen,Diocese of Brownsville,TX
TX,harper,Archdiocese of San Antonio,TX
TX,hart,Diocese of Amarillo,TX
TX,hartley,Diocese of Amarillo,TX
TX,haskell,Diocese of Lubbock,TX
TX,haslet,Diocese of Fort Worth,TX
TX,havana,Diocese of Brownsville,TX
TX,hawk cove,Diocese of Dallas,TX
TX,hawkins,Diocese of Tyler,TX
TX,hawley,Diocese of Lubbock,TX
TX,hearne,Diocese of Austin,TX
TX,heath,Diocese of Dallas,TX
TX,hebbronville,Diocese of Laredo,TX
TX,hebron,Diocese of Fort Worth,TX
TX,hedley,Diocese of Amarillo,TX
TX,heidelberg,Diocese of Brownsville,TX
TX,helotes,Archdiocese of San Antonio,TX
TX,hemphill,Diocese of Tyler,TX
TX,hempstead,Archdiocese of Galveston–Houston,TX
TX,henderson,Diocese of Tyler,TX
TX,henrietta,Diocese of Fort Worth,TX
TX,hereford,Diocese of Amarillo,TX
TX,hermleigh,Diocese of Lubbock,TX
TX,hewitt,Diocese of Austin,TX
TX,hico,Diocese of Austin,TX
TX,hidalgo,Diocese of Brownsville,TX
TX,hideaway,Diocese of Tyler,TX
TX,higgins,Diocese of Amarillo,TX
TX,highland haven,Diocese of Austin,TX
TX,highland village,Diocese of Fort Worth,TX
TX,highlands,Archdiocese of Galveston–Houston,TX
TX,hillcrest,Archdiocese of Galveston–Houston,TX
TX,hillsboro,Diocese of Fort Worth,TX
TX,hilltop lakes,Diocese of Tyler,TX
TX,hitchcock,Archdiocese of Galveston–Houston,TX
TX,holiday beach,Diocese of Corpus Christi,TX
TX,holiday lakes,Archdiocese of Galveston–Houston,TX
TX,holland,Diocese of Austin,TX
TX,holliday,Diocese of Fort Worth,TX
TX,holly lake ranch,Diocese of Tyler,TX
TX,homestead meadows north,Diocese of El Paso,TX
TX,homestead meadows south,Diocese of El Paso,TX
TX,hondo,Archdiocese of San Antonio,TX
TX,honey grove,Diocese of Dallas,TX
TX,hooks,Diocese of Tyler,TX
TX,horizon city,Diocese of El Paso,TX
TX,hornsby bend,Diocese of Austin,TX
TX,horseshoe bay,Diocese of Austin,TX
TX,houston,Archdiocese of Galveston–Houston,TX
TX,howardwick,Diocese of Amarillo,TX
TX,howe,Diocese of Dallas,TX
TX,hubbard,Diocese of Fort Worth,TX
TX,hudson bend,Diocese of Austin,TX
TX,hudson oaks,Diocese of Fort Worth,TX
TX,hughes springs,Diocese of Tyler,TX
TX,hull,Diocese of Beaumont,TX
TX,humble,Archdiocese of Galveston–Houston,TX
TX,hungerford,Diocese of Victoria,TX
TX,huntington,Diocese of Tyler,TX
TX,huntsville,Archdiocese of Galveston–Houston,TX
TX,hurst,Diocese of Fort Worth,TX
TX,hutchins,Diocese of Dallas,TX
TX,hutto,Diocese of Austin,TX
TX,huxley,Diocese of Tyler,TX
TX,idalou,Diocese of Lubbock,TX
TX,indian hills,Diocese of Brownsville,TX
TX,indian lake,Diocese of Brownsville,TX
TX,indian springs,Diocese of Beaumont,TX
TX,industry,Archdiocese of Galveston–Houston,TX
TX,inez,Diocese of Victoria,TX
TX,ingleside,Diocese of Corpus Christi,TX
TX,ingleside onthebay,Diocese of Corpus Christi,TX
TX,ingram,Archdiocese of San Antonio,TX
TX,iola,Archdiocese of Galveston–Houston,TX
TX,iowa colony,Archdiocese of Galveston–Houston,TX
TX,iowa park,Diocese of Fort Worth,TX
TX,iraan,Diocese of San Angelo,TX
TX,iredell,Diocese of Fort Worth,TX
TX,irving,Diocese of Dallas,TX
TX,italy,Diocese of Dallas,TX
TX,itasca,Diocese of Fort Worth,TX
TX,jacksboro,Diocese of Fort Worth,TX
TX,jacksonville,Diocese of Tyler,TX
TX,jamaica beach,Archdiocese of Galveston–Houston,TX
TX,jarrell,Diocese of Austin,TX
TX,jasper,Diocese of Beaumont,TX
TX,jayton,Diocese of Lubbock,TX
TX,jefferson,Diocese of Tyler,TX
TX,jersey village,Archdiocese of Galveston–Houston,TX
TX,jewett,Diocese of Tyler,TX
TX,joaquin,Diocese of Tyler,TX
TX,johnson city,Diocese of Austin,TX
TX,jones creek,Archdiocese of Galveston–Houston,TX
TX,jonestown,Diocese of Austin,TX
TX,josephine,Diocese of Dallas,TX
TX,joshua,Diocese of Fort Worth,TX
TX,jourdanton,Archdiocese of San Antonio,TX
TX,junction,Diocese of San Angelo,TX
TX,justin,Diocese of Fort Worth,TX
TX,karnes city,Archdiocese of San Antonio,TX
TX,katy,Archdiocese of Galveston–Houston,TX
TX,kaufman,Diocese of Dallas,TX
TX,kbar ranch,Diocese of Corpus Christi,TX
TX,keene,Diocese of Fort Worth,TX
TX,keller,Diocese of Fort Worth,TX
TX,kemah,Archdiocese of Galveston–Houston,TX
TX,kemp,Diocese of Dallas,TX
TX,kempner,Diocese of Austin,TX
TX,kendleton,Archdiocese of Galveston–Houston,TX
TX,kenedy,Archdiocese of San Antonio,TX
TX,kenefick,Diocese of Beaumont,TX
TX,kennard,Diocese of Tyler,TX
TX,kennedale,Diocese of Fort Worth,TX
TX,kerens,Diocese of Dallas,TX
TX,kermit,Diocese of El Paso,TX
TX,kerrville,Archdiocese of San Antonio,TX
TX,kilgore,Diocese of Tyler,TX
TX,killeen,Diocese of Austin,TX
TX,kingsbury,Archdiocese of San Antonio,TX
TX,kingsland,Diocese of Austin,TX
TX,kingsville,Diocese of Corpus Christi,TX
TX,kirbyville,Diocese of Beaumont,TX
TX,knippa,Archdiocese of San Antonio,TX
TX,knollwood,Diocese of Dallas,TX
TX,knox city,Diocese of Fort Worth,TX
TX,kosse,Diocese of Austin,TX
TX,kountze,Diocese of Beaumont,TX
TX,kress,Diocese of Amarillo,TX
TX,krugerville,Diocese of Fort Worth,TX
TX,krum,Diocese of Fort Worth,TX
TX,kurten,Diocese of Austin,TX
TX,kyle,Diocese of Austin,TX
TX,la blanca,Diocese of Brownsville,TX
TX,la coste,Archdiocese of San Antonio,TX
TX,la feria,Diocese of Brownsville,TX
TX,la grulla,Diocese of Brownsville,TX
TX,la homa,Diocese of Brownsville,TX
TX,la joya,Diocese of Brownsville,TX
TX,la marque,Archdiocese of Galveston–Houston,TX
TX,la paloma,Diocese of Brownsville,TX
TX,la paloma addition colonia,Diocese of Corpus Christi,TX
TX,la palomalost creek,Diocese of Corpus Christi,TX
TX,la porte,Archdiocese of Galveston–Houston,TX
TX,la presa,Diocese of Laredo,TX
TX,la pryor,Diocese of Laredo,TX
TX,la puerta,Diocese of Brownsville,TX
TX,la tina ranch,Diocese of Brownsville,TX
TX,la vernia,Archdiocese of San Antonio,TX
TX,la villa,Diocese of Brownsville,TX
TX,lacylakeview,Diocese of Austin,TX
TX,ladonia,Diocese of Dallas,TX
TX,lago vista,Diocese of Austin,TX
TX,laguna heights,Diocese of Brownsville,TX
TX,laguna park,Diocese of Fort Worth,TX
TX,laguna vista,Diocese of Brownsville,TX
TX,lake bridgeport,Diocese of Fort Worth,TX
TX,lake brownwood,Diocese of San Angelo,TX
TX,lake city,Diocese of Corpus Christi,TX
TX,lake dallas,Diocese of Fort Worth,TX
TX,lake dunlap,Archdiocese of San Antonio,TX
TX,lake jackson,Archdiocese of Galveston–Houston,TX
TX,lake kiowa,Diocese of Fort Worth,TX
TX,lake tanglewood,Diocese of Amarillo,TX
TX,lake worth,Diocese of Fort Worth,TX
TX,lakehills,Archdiocese of San Antonio,TX
TX,lakeport,Diocese of Tyler,TX
TX,lakeshore gardenshidden acres,Diocese of Corpus Christi,TX
TX,lakeside city,Diocese of Fort Worth,TX
TX,lakeway,Diocese of Austin,TX
TX,lakewood heights,Diocese of Corpus Christi,TX
TX,lakewood village,Diocese of Fort Worth,TX
TX,lamar,Diocese of Corpus Christi,TX
TX,lamesa,Diocese of Lubbock,TX
TX,lampasas,Diocese of Austin,TX
TX,lancaster,Diocese of Dallas,TX
TX,lantana,Diocese of Fort Worth,TX
TX,laredo,Diocese of Laredo,TX
TX,larga vista,Diocese of Laredo,TX
TX,las colonias,Diocese of Laredo,TX
TX,las lomas,Diocese of Brownsville,TX
TX,las palmas ii,Diocese of Brownsville,TX
TX,las quintas fronterizas,Diocese of Laredo,TX
TX,las quintas fronterizas colonia,Diocese of Laredo,TX
TX,lasara,Diocese of Brownsville,TX
TX,latexo,Diocese of Tyler,TX
TX,laughlin air force base,Archdiocese of San Antonio,TX
TX,laureles,Diocese of Brownsville,TX
TX,lavon,Diocese of Dallas,TX
TX,lawn,Diocese of San Angelo,TX
TX,league city,Archdiocese of Galveston–Houston,TX
TX,leakey,Archdiocese of San Antonio,TX
TX,leander,Diocese of Austin,TX
TX,leary,Diocese of Tyler,TX
TX,lefors,Diocese of Amarillo,TX
TX,leming,Archdiocese of San Antonio,TX
TX,leonard,Diocese of Dallas,TX
TX,leroy,Diocese of Austin,TX
TX,levelland,Diocese of Lubbock,TX
TX,lewisville,Diocese of Fort Worth,TX
TX,lexington,Diocese of Austin,TX
TX,liberty,Diocese of Beaumont,TX
TX,liberty city,Diocese of Tyler,TX
TX,liberty hill,Diocese of Austin,TX
TX,lincoln park,Diocese of Fort Worth,TX
TX,lindale,Diocese of Tyler,TX
TX,linden,Diocese of Tyler,TX
TX,lindsay,Diocese of Fort Worth,TX
TX,linn,Diocese of Brownsville,TX
TX,lipan,Diocese of Fort Worth,TX
TX,little elm,Diocese of Fort Worth,TX
TX,little riveracademy,Diocese of Austin,TX
TX,littlefield,Diocese of Lubbock,TX
TX,live oak,Archdiocese of San Antonio,TX
TX,liverpool,Archdiocese of Galveston–Houston,TX
TX,livingston,Diocese of Beaumont,TX
TX,llano,Diocese of Austin,TX
TX,llano grande,Diocese of Brownsville,TX
TX,lockhart,Diocese of Austin,TX
TX,lockney,Diocese of Lubbock,TX
TX,log cabin,Diocese of Tyler,TX
TX,lolita,Diocese of Victoria,TX
TX,lometa,Diocese of Austin,TX
TX,lone oak,Diocese of Dallas,TX
TX,lone star,Diocese of Tyler,TX
TX,longview,Diocese of Tyler,TX
TX,lopezville,Diocese of Brownsville,TX
TX,loraine,Diocese of San Angelo,TX
TX,lorena,Diocese of Austin,TX
TX,lorenzo,Diocese of Lubbock,TX
TX,los alvarez,Diocese of Brownsville,TX
TX,los ebanos,Diocese of Brownsville,TX
TX,los fresnos,Diocese of Brownsville,TX
TX,los indios,Diocese of Brownsville,TX
TX,lost creek,Diocese of Austin,TX
TX,lott,Diocese of Austin,TX
TX,louise,Diocese of Victoria,TX
TX,lovelady,Diocese of Tyler,TX
TX,lowry crossing,Diocese of Dallas,TX
TX,lozano,Diocese of Brownsville,TX
TX,lubbock,Diocese of Lubbock,TX
TX,lucas,Diocese of Dallas,TX
TX,lueders,Diocese of Lubbock,TX
TX,luella,Diocese of Dallas,TX
TX,lufkin,Diocese of Tyler,TX
TX,luling,Diocese of Austin,TX
TX,lumberton,Diocese of Beaumont,TX
TX,lyford,Diocese of Brownsville,TX
TX,lytle,Archdiocese of San Antonio,TX
TX,mabank,Diocese of Dallas,TX
TX,macdona,Archdiocese of San Antonio,TX
TX,madisonville,Diocese of Tyler,TX
TX,magnolia,Archdiocese of Galveston–Houston,TX
TX,malakoff,Diocese of Tyler,TX
TX,manchaca,Diocese of Austin,TX
TX,manor,Diocese of Austin,TX
TX,mansfield,Diocese of Fort Worth,TX
TX,manvel,Archdiocese of Galveston–Houston,TX
TX,marathon,Diocese of El Paso,TX
TX,marble falls,Diocese of Austin,TX
TX,marfa,Diocese of El Paso,TX
TX,marion,Archdiocese of San Antonio,TX
TX,markham,Diocese of Victoria,TX
TX,marlin,Diocese of Austin,TX
TX,marshall,Diocese of Tyler,TX
TX,marshall creek,Diocese of Fort Worth,TX
TX,mart,Diocese of Austin,TX
TX,martindale,Diocese of Austin,TX
TX,mason,Diocese of Austin,TX
TX,matador,Diocese of Lubbock,TX
TX,matagorda,Diocese of Victoria,TX
TX,mathis,Diocese of Corpus Christi,TX
TX,maud,Diocese of Tyler,TX
TX,mauriceville,Diocese of Beaumont,TX
TX,maypearl,Diocese of Dallas,TX
TX,mcallen,Diocese of Brownsville,TX
TX,mccamey,Diocese of San Angelo,TX
TX,mcdade,Diocese of Austin,TX
TX,mcgregor,Diocese of Austin,TX
TX,mckinney,Diocese of Dallas,TX
TX,mckinney acres,Diocese of San Angelo,TX
TX,mclean,Diocese of Amarillo,TX
TX,mclendonchisholm,Diocese of Dallas,TX
TX,mcqueeney,Archdiocese of San Antonio,TX
TX,meadow,Diocese of Lubbock,TX
TX,meadowlakes,Diocese of Austin,TX
TX,meadows place,Archdiocese of Galveston–Houston,TX
TX,melissa,Diocese of Dallas,TX
TX,memphis,Diocese of Amarillo,TX
TX,menard,Diocese of San Angelo,TX
TX,mercedes,Diocese of Brownsville,TX
TX,meridian,Diocese of Fort Worth,TX
TX,merkel,Diocese of San Angelo,TX
TX,mertzon,Diocese of San Angelo,TX
TX,mesquite,Diocese of Dallas,TX
TX,mexia,Diocese of Austin,TX
TX,miami,Diocese of Amarillo,TX
TX,midland,Diocese of San Angelo,TX
TX,midlothian,Diocese of Dallas,TX
TX,midway north,Diocese of Brownsville,TX
TX,midway south,Diocese of Brownsville,TX
TX,mila doce,Diocese of Brownsville,TX
TX,milam,Diocese of Tyler,TX
TX,milano,Diocese of Austin,TX
TX,mildred,Diocese of Dallas,TX
TX,miles,Diocese of San Angelo,TX
TX,milford,Diocese of Dallas,TX
TX,millsap,Diocese of Fort Worth,TX
TX,mineola,Diocese of Tyler,TX
TX,mineral wells,Diocese of Fort Worth,TX
TX,mirando city,Diocese of Laredo,TX
TX,mission,Diocese of Brownsville,TX
TX,mission bend,Archdiocese of Galveston–Houston,TX
TX,missouri city,Archdiocese of Galveston–Houston,TX
TX,monahans,Diocese of El Paso,TX
TX,mont belvieu,Diocese of Beaumont,TX
TX,montague,Diocese of Fort Worth,TX
TX,monte alto,Diocese of Brownsville,TX
TX,montgomery,Archdiocese of Galveston–Houston,TX
TX,moody,Diocese of Austin,TX
TX,moore,Archdiocese of San Antonio,TX
TX,morgan,Diocese of Fort Worth,TX
TX,morgan farm colonia,Diocese of Corpus Christi,TX
TX,morgans point,Archdiocese of Galveston–Houston,TX
TX,morgans point resort,Diocese of Austin,TX
TX,morning glory,Diocese of El Paso,TX
TX,morton,Diocese of Lubbock,TX
TX,moulton,Diocese of Victoria,TX
TX,mount calm,Diocese of Fort Worth,TX
TX,mount enterprise,Diocese of Tyler,TX
TX,mount pleasant,Diocese of Tyler,TX
TX,mount vernon,Diocese of Tyler,TX
TX,mountain city,Diocese of Austin,TX
TX,muenster,Diocese of Fort Worth,TX
TX,muleshoe,Diocese of Lubbock,TX
TX,munday,Diocese of Fort Worth,TX
TX,muniz,Diocese of Brownsville,TX
TX,murchison,Diocese of Tyler,TX
TX,murillo colonia,Diocese of Brownsville,TX
TX,murphy,Diocese of Dallas,TX
TX,mustang ridge,Diocese of Austin,TX
TX,myrtle springs,Diocese of Tyler,TX
TX,nacogdoches,Diocese of Tyler,TX
TX,naples,Diocese of Tyler,TX
TX,nassau bay,Archdiocese of Galveston–Houston,TX
TX,natalia,Archdiocese of San Antonio,TX
TX,navasota,Archdiocese of Galveston–Houston,TX
TX,nederland,Diocese of Beaumont,TX
TX,needville,Archdiocese of Galveston–Houston,TX
TX,nesbitt,Diocese of Austin,TX
TX,nevada,Diocese of Dallas,TX
TX,new berlin,Archdiocese of San Antonio,TX
TX,new boston,Diocese of Tyler,TX
TX,new braunfels,Archdiocese of San Antonio,TX
TX,new caney,Archdiocese of Galveston–Houston,TX
TX,new chapel hill,Diocese of Tyler,TX
TX,new deal,Diocese of Lubbock,TX
TX,new fairview,Diocese of Fort Worth,TX
TX,new home,Diocese of Lubbock,TX
TX,new hope,Diocese of Dallas,TX
TX,new london,Diocese of Tyler,TX
TX,new summerfield,Diocese of Tyler,TX
TX,new territory,Archdiocese of Galveston–Houston,TX
TX,new waverly,Archdiocese of Galveston–Houston,TX
TX,newark,Diocese of Fort Worth,TX
TX,newcastle,Diocese of Fort Worth,TX
TX,newton,Diocese of Beaumont,TX
TX,niederwald,Diocese of Austin,TX
TX,nixon,Archdiocese of San Antonio,TX
TX,nocona,Diocese of Fort Worth,TX
TX,nocona hills,Diocese of Fort Worth,TX
TX,nolanville,Diocese of Austin,TX
TX,nome,Diocese of Beaumont,TX
TX,noonday,Diocese of Tyler,TX
TX,nordheim,Diocese of Victoria,TX
TX,normangee,Diocese of Tyler,TX
TX,north alamo,Diocese of Brownsville,TX
TX,north pearsall,Archdiocese of San Antonio,TX
TX,north richland hills,Diocese of Fort Worth,TX
TX,north san pedro,Diocese of Corpus Christi,TX
TX,northcrest,Diocese of Austin,TX
TX,northlake,Diocese of Fort Worth,TX
TX,nurillo,Diocese of Brownsville,TX
TX,oak cliff place,Archdiocese of Galveston–Houston,TX
TX,oak grove,Diocese of Dallas,TX
TX,oak island,Diocese of Beaumont,TX
TX,oak leaf,Diocese of Dallas,TX
TX,oak point,Diocese of Fort Worth,TX
TX,oak ridge,Diocese of Dallas,TX
TX,oak ridge north,Archdiocese of Galveston–Houston,TX
TX,oak trail shores,Diocese of Fort Worth,TX
TX,oak valley,Diocese of Dallas,TX
TX,oakwood,Diocese of Tyler,TX
TX,odem,Diocese of Corpus Christi,TX
TX,odessa,Diocese of San Angelo,TX
TX,odonnell,Diocese of Lubbock,TX
TX,oglesby,Diocese of Austin,TX
TX,oilton,Diocese of Laredo,TX
TX,old riverwinfree,Diocese of Beaumont,TX
TX,olivarez,Diocese of Brownsville,TX
TX,olmito,Diocese of Brownsville,TX
TX,olney,Diocese of Fort Worth,TX
TX,olton,Diocese of Lubbock,TX
TX,omaha,Diocese of Tyler,TX
TX,onalaska,Diocese of Beaumont,TX
TX,orange,Diocese of Beaumont,TX
TX,orange grove,Diocese of Corpus Christi,TX
TX,orchard,Archdiocese of Galveston–Houston,TX
TX,ore city,Diocese of Tyler,TX
TX,overton,Diocese of Tyler,TX
TX,ovilla,Diocese of Dallas,TX
TX,oyster creek,Archdiocese of Galveston–Houston,TX
TX,ozona,Diocese of San Angelo,TX
TX,paducah,Diocese of Lubbock,TX
TX,palacios,Diocese of Victoria,TX
TX,palestine,Diocese of Tyler,TX
TX,palisades,Diocese of Amarillo,TX
TX,palm valley,Diocese of Brownsville,TX
TX,palmer,Diocese of Dallas,TX
TX,palmhurst,Diocese of Brownsville,TX
TX,palmview,Diocese of Brownsville,TX
TX,palmview south,Diocese of Brownsville,TX
TX,palo pinto,Diocese of Fort Worth,TX
TX,paloma creek,Diocese of Fort Worth,TX
TX,paloma creek south,Diocese of Fort Worth,TX
TX,pampa,Diocese of Amarillo,TX
TX,panhandle,Diocese of Amarillo,TX
TX,panorama village,Archdiocese of Galveston–Houston,TX
TX,pantego,Diocese of Fort Worth,TX
TX,paradise,Diocese of Fort Worth,TX
TX,paris,Diocese of Tyler,TX
TX,parker,Diocese of Dallas,TX
TX,pasadena,Archdiocese of Galveston–Houston,TX
TX,pattison,Archdiocese of Galveston–Houston,TX
TX,patton village,Archdiocese of Galveston–Houston,TX
TX,payne springs,Diocese of Tyler,TX
TX,pearland,Archdiocese of Galveston–Houston,TX
TX,pearsall,Archdiocese of San Antonio,TX
TX,pecan acres,Diocese of Fort Worth,TX
TX,pecan grove,Archdiocese of Galveston–Houston,TX
TX,pecan hill,Diocese of Dallas,TX
TX,pecan plantation,Diocese of Fort Worth,TX
TX,pecos,Diocese of El Paso,TX
TX,pelican bay,Diocese of Fort Worth,TX
TX,penitas,Diocese of Brownsville,TX
TX,perezville,Diocese of Brownsville,TX
TX,perrin,Diocese of Fort Worth,TX
TX,perryton,Diocese of Amarillo,TX
TX,petersburg,Diocese of Lubbock,TX
TX,petrolia,Diocese of Fort Worth,TX
TX,pettus,Diocese of Corpus Christi,TX
TX,pflugerville,Diocese of Austin,TX
TX,pharr,Diocese of Brownsville,TX
TX,pilot point,Diocese of Fort Worth,TX
TX,pine island,Archdiocese of Galveston–Houston,TX
TX,pineland,Diocese of Tyler,TX
TX,pinewood estates,Diocese of Beaumont,TX
TX,pittsburg,Diocese of Tyler,TX
TX,placedo,Diocese of Victoria,TX
TX,plains,Diocese of Lubbock,TX
TX,plainview,Diocese of Lubbock,TX
TX,plano,Diocese of Dallas,TX
TX,pleak,Archdiocese of Galveston–Houston,TX
TX,pleasant hill,Diocese of Beaumont,TX
TX,pleasanton,Archdiocese of San Antonio,TX
TX,point,Diocese of Tyler,TX
TX,point comfort,Diocese of Victoria,TX
TX,point venture,Diocese of Austin,TX
TX,pointblank,Archdiocese of Galveston–Houston,TX
TX,ponder,Diocese of Fort Worth,TX
TX,port aransas,Diocese of Corpus Christi,TX
TX,port arthur,Diocese of Beaumont,TX
TX,port isabel,Diocese of Brownsville,TX
TX,port lavaca,Diocese of Victoria,TX
TX,port neches,Diocese of Beaumont,TX
TX,port oconnor,Diocese of Victoria,TX
TX,porter heights,Archdiocese of Galveston–Houston,TX
TX,portland,Diocese of Corpus Christi,TX
TX,post,Diocese of Lubbock,TX
TX,post oak bend city,Diocese of Dallas,TX
TX,poteet,Archdiocese of San Antonio,TX
TX,poth,Archdiocese of San Antonio,TX
TX,potosi,Diocese of San Angelo,TX
TX,pottsboro,Diocese of Dallas,TX
TX,powderly,Diocese of Tyler,TX
TX,poynor,Diocese of Tyler,TX
TX,prairie view,Archdiocese of Galveston–Houston,TX
TX,premont,Diocese of Corpus Christi,TX
TX,presidio,Diocese of El Paso,TX
TX,preston,Diocese of Dallas,TX
TX,primera,Diocese of Brownsville,TX
TX,princeton,Diocese of Dallas,TX
TX,progreso,Diocese of Brownsville,TX
TX,prosper,Diocese of Dallas,TX
TX,providence village,Diocese of Fort Worth,TX
TX,pueblo nuevo,Diocese of Laredo,TX
TX,pueblo nuevo colonia,Diocese of Laredo,TX
TX,quail creek,Diocese of Victoria,TX
TX,quanah,Diocese of Fort Worth,TX
TX,queen city,Diocese of Tyler,TX
TX,quinlan,Diocese of Dallas,TX
TX,quitaque,Diocese of Amarillo,TX
TX,quitman,Diocese of Tyler,TX
TX,radar base,Diocese of Laredo,TX
TX,ralls,Diocese of Lubbock,TX
TX,rancho alegre,Diocese of Corpus Christi,TX
TX,rancho banquete,Diocese of Corpus Christi,TX
TX,rancho chico,Diocese of Corpus Christi,TX
TX,rancho viejo,Diocese of Brownsville,TX
TX,ranchos penitas west,Diocese of Laredo,TX
TX,ranchos penitas west colonia,Diocese of Laredo,TX
TX,ranger,Diocese of Fort Worth,TX
TX,ransom canyon,Diocese of Lubbock,TX
TX,raymondville,Diocese of Brownsville,TX
TX,red lick,Diocese of Tyler,TX
TX,red oak,Diocese of Dallas,TX
TX,redfield,Diocese of Tyler,TX
TX,redland,Diocese of Tyler,TX
TX,redwater,Diocese of Tyler,TX
TX,redwood,Archdiocese of San Antonio,TX
TX,refugio,Diocese of Corpus Christi,TX
TX,reid hope king,Diocese of Brownsville,TX
TX,reid hope king colonia,Diocese of Brownsville,TX
TX,reklaw,Diocese of Tyler,TX
TX,rendon,Diocese of Fort Worth,TX
TX,retreat,Diocese of Dallas,TX
TX,rhome,Diocese of Fort Worth,TX
TX,ricardo,Diocese of Corpus Christi,TX
TX,rice,Diocese of Dallas,TX
TX,richardson,Diocese of Dallas,TX
TX,richland hills,Diocese of Fort Worth,TX
TX,richland springs,Diocese of Austin,TX
TX,richmond,Archdiocese of Galveston–Houston,TX
TX,richwood,Archdiocese of Galveston–Houston,TX
TX,riesel,Diocese of Austin,TX
TX,rio bravo,Diocese of Laredo,TX
TX,rio grande city,Diocese of Brownsville,TX
TX,rio hondo,Diocese of Brownsville,TX
TX,rio vista,Diocese of Fort Worth,TX
TX,rising star,Diocese of Fort Worth,TX
TX,river oaks,Diocese of Fort Worth,TX
TX,riverside,Archdiocese of Galveston–Houston,TX
TX,riviera,Diocese of Corpus Christi,TX
TX,roanoke,Diocese of Fort Worth,TX
TX,robert lee,Diocese of San Angelo,TX
TX,robinson,Diocese of Austin,TX
TX,robstown,Diocese of Corpus Christi,TX
TX,roby,Diocese of Lubbock,TX
TX,rochester,Diocese of Lubbock,TX
TX,rockdale,Diocese of Austin,TX
TX,rockport,Diocese of Corpus Christi,TX
TX,rocksprings,Archdiocese of San Antonio,TX
TX,rockwall,Diocese of Dallas,TX
TX,rogers,Diocese of Austin,TX
TX,rolling meadows,Diocese of Tyler,TX
TX,rollingwood,Diocese of Austin,TX
TX,roma,Diocese of Brownsville,TX
TX,roma creek,Diocese of Brownsville,TX
TX,romalos saenz,Diocese of Brownsville,TX
TX,roman forest,Archdiocese of Galveston–Houston,TX
TX,ropesville,Diocese of Lubbock,TX
TX,roscoe,Diocese of San Angelo,TX
TX,rose city,Diocese of Beaumont,TX
TX,rose hill acres,Diocese of Beaumont,TX
TX,rosebud,Diocese of Austin,TX
TX,rosenberg,Archdiocese of Galveston–Houston,TX
TX,rosharon,Archdiocese of Galveston–Houston,TX
TX,rosita north,Diocese of Laredo,TX
TX,rosita south,Diocese of Laredo,TX
TX,rosser,Diocese of Dallas,TX
TX,rotan,Diocese of Lubbock,TX
TX,round rock,Diocese of Austin,TX
TX,rowlett,Diocese of Dallas,TX
TX,roxton,Diocese of Tyler,TX
TX,royse city,Diocese of Dallas,TX
TX,rule,Diocese of Lubbock,TX
TX,runaway bay,Diocese of Fort Worth,TX
TX,runge,Archdiocese of San Antonio,TX
TX,rusk,Diocese of Tyler,TX
TX,sabinal,Archdiocese of San Antonio,TX
TX,sachse,Diocese of Dallas,TX
TX,sadler,Diocese of Dallas,TX
TX,saginaw,Diocese of Fort Worth,TX
TX,salado,Diocese of Austin,TX
TX,sam rayburn,Diocese of Beaumont,TX
TX,san angelo,Diocese of San Angelo,TX
TX,san antonio,Archdiocese of San Antonio,TX
TX,san augustine,Diocese of Tyler,TX
TX,san benito,Diocese of Brownsville,TX
TX,san carlos,Diocese of Brownsville,TX
TX,san carlos number 1 colonia,Diocese of Laredo,TX
TX,san diego,Diocese of Corpus Christi,TX
TX,san elizario,Diocese of El Paso,TX
TX,san felipe,Archdiocese of Galveston–Houston,TX
TX,san juan,Diocese of Brownsville,TX
TX,san leanna,Diocese of Austin,TX
TX,san leon,Archdiocese of Galveston–Houston,TX
TX,san marcos,Diocese of Austin,TX
TX,san patricio,Diocese of Corpus Christi,TX
TX,san perlita,Diocese of Brownsville,TX
TX,san saba,Diocese of Austin,TX
TX,san ygnacio,Diocese of Laredo,TX
TX,sanctuary,Diocese of Fort Worth,TX
TX,sand springs,Diocese of San Angelo,TX
TX,sanderson,Diocese of San Angelo,TX
TX,sandia,Diocese of Corpus Christi,TX
TX,sanger,Diocese of Fort Worth,TX
TX,sansom park,Diocese of Fort Worth,TX
TX,santa anna,Diocese of San Angelo,TX
TX,santa clara,Archdiocese of San Antonio,TX
TX,santa fe,Archdiocese of Galveston–Houston,TX
TX,santa maria,Diocese of Brownsville,TX
TX,santa rosa,Diocese of Brownsville,TX
TX,savannah,Diocese of Fort Worth,TX
TX,savoy,Diocese of Dallas,TX
TX,scenic oaks,Archdiocese of San Antonio,TX
TX,schertz,Archdiocese of San Antonio,TX
TX,scissors,Diocese of Brownsville,TX
TX,scotland,Diocese of Fort Worth,TX
TX,scottsville,Diocese of Tyler,TX
TX,scurry,Diocese of Dallas,TX
TX,seabrook,Archdiocese of Galveston–Houston,TX
TX,seadrift,Diocese of Victoria,TX
TX,seagoville,Diocese of Dallas,TX
TX,seagraves,Diocese of Lubbock,TX
TX,sealy,Archdiocese of Galveston–Houston,TX
TX,sebastian,Diocese of Brownsville,TX
TX,seco mines,Diocese of Laredo,TX
TX,seguin,Archdiocese of San Antonio,TX
TX,selma,Archdiocese of San Antonio,TX
TX,seminole,Diocese of Lubbock,TX
TX,serenada,Diocese of Austin,TX
TX,seth ward,Diocese of Lubbock,TX
TX,seven points,Diocese of Tyler,TX
TX,seymour,Diocese of Fort Worth,TX
TX,shady hollow,Diocese of Austin,TX
TX,shady shores,Diocese of Fort Worth,TX
TX,shallowater,Diocese of Lubbock,TX
TX,sheldon,Archdiocese of Galveston–Houston,TX
TX,shenandoah,Archdiocese of Galveston–Houston,TX
TX,shepherd,Archdiocese of Galveston–Houston,TX
TX,sherman,Diocese of Dallas,TX
TX,sherwood shores,Diocese of Dallas,TX
TX,shiner,Diocese of Victoria,TX
TX,shoreacres,Archdiocese of Galveston–Houston,TX
TX,sienna plantation,Archdiocese of Galveston–Houston,TX
TX,sierra blanca,Diocese of El Paso,TX
TX,siesta acres,Diocese of Laredo,TX
TX,siesta shores,Diocese of Laredo,TX
TX,silsbee,Diocese of Beaumont,TX
TX,silverton,Diocese of Amarillo,TX
TX,simonton,Archdiocese of Galveston–Houston,TX
TX,sinton,Diocese of Corpus Christi,TX
TX,skellytown,Diocese of Amarillo,TX
TX,skidmore,Diocese of Corpus Christi,TX
TX,slaton,Diocese of Lubbock,TX
TX,smiley,Archdiocese of San Antonio,TX
TX,smithville,Diocese of Austin,TX
TX,smyer,Diocese of Lubbock,TX
TX,snook,Diocese of Austin,TX
TX,snyder,Diocese of Lubbock,TX
TX,socorro,Diocese of El Paso,TX
TX,socorro mission number 1 colonia,Diocese of El Paso,TX
TX,solis,Diocese of Brownsville,TX
TX,somerset,Archdiocese of San Antonio,TX
TX,somerville,Diocese of Austin,TX
TX,sonora,Diocese of San Angelo,TX
TX,sour lake,Diocese of Beaumont,TX
TX,south alamo,Diocese of Brownsville,TX
TX,south houston,Archdiocese of Galveston–Houston,TX
TX,south mountain,Diocese of Austin,TX
TX,south padre island,Diocese of Brownsville,TX
TX,south point,Diocese of Brownsville,TX
TX,south toledo bend,Diocese of Beaumont,TX
TX,southlake,Diocese of Fort Worth,TX
TX,southmayd,Diocese of Dallas,TX
TX,spearman,Diocese of Amarillo,TX
TX,splendora,Archdiocese of Galveston–Houston,TX
TX,spring,Archdiocese of Galveston–Houston,TX
TX,spring gardens,Diocese of Corpus Christi,TX
TX,springtown,Diocese of Fort Worth,TX
TX,spur,Diocese of Lubbock,TX
TX,st hedwig,Archdiocese of San Antonio,TX
TX,st jo,Diocese of Fort Worth,TX
TX,stafford,Archdiocese of Galveston–Houston,TX
TX,stagecoach,Archdiocese of Galveston–Houston,TX
TX,stamford,Diocese of Lubbock,TX
TX,stanton,Diocese of San Angelo,TX
TX,star harbor,Diocese of Tyler,TX
TX,starbase,Diocese of Brownsville,TX
TX,stephenville,Diocese of Fort Worth,TX
TX,sterling city,Diocese of San Angelo,TX
TX,stinnett,Diocese of Amarillo,TX
TX,stockdale,Archdiocese of San Antonio,TX
TX,stonewall,Archdiocese of San Antonio,TX
TX,stowell,Diocese of Beaumont,TX
TX,stratford,Diocese of Amarillo,TX
TX,strawn,Diocese of Fort Worth,TX
TX,sudan,Diocese of Lubbock,TX
TX,sugar land,Archdiocese of Galveston–Houston,TX
TX,sullivan city,Diocese of Brownsville,TX
TX,sulphur springs,Diocese of Tyler,TX
TX,sundown,Diocese of Lubbock,TX
TX,sunnyvale,Diocese of Dallas,TX
TX,sunray,Diocese of Amarillo,TX
TX,sunrise beach village,Diocese of Austin,TX
TX,sunset,Diocese of Fort Worth,TX
TX,surfside beach,Archdiocese of Galveston–Houston,TX
TX,sweeny,Archdiocese of Galveston–Houston,TX
TX,sweetwater,Diocese of San Angelo,TX
TX,taft,Diocese of Corpus Christi,TX
TX,taft southwest historical,Diocese of Corpus Christi,TX
TX,tahoka,Diocese of Lubbock,TX
TX,talco,Diocese of Tyler,TX
TX,talty,Diocese of Dallas,TX
TX,tatum,Diocese of Tyler,TX
TX,taylor,Diocese of Austin,TX
TX,taylor lake village,Archdiocese of Galveston–Houston,TX
TX,teague,Diocese of Tyler,TX
TX,temple,Diocese of Austin,TX
TX,tenaha,Diocese of Tyler,TX
TX,terrell,Diocese of Dallas,TX
TX,texarkana,Diocese of Tyler,TX
TX,texas city,Archdiocese of Galveston–Houston,TX
TX,texhoma,Diocese of Amarillo,TX
TX,texline,Diocese of Amarillo,TX
TX,the colony,Diocese of Fort Worth,TX
TX,the hills,Diocese of Austin,TX
TX,the trails of frisco,Diocese of Dallas,TX
TX,the woodlands,Archdiocese of Galveston–Houston,TX
TX,thorndale,Diocese of Austin,TX
TX,thornton,Diocese of Austin,TX
TX,thorntonville,Diocese of El Paso,TX
TX,thrall,Diocese of Austin,TX
TX,three rivers,Diocese of Corpus Christi,TX
TX,throckmorton,Diocese of Fort Worth,TX
TX,tierra grande,Diocese of Corpus Christi,TX
TX,tiki island,Archdiocese of Galveston–Houston,TX
TX,timbercreek canyon,Diocese of Amarillo,TX
TX,timberwood park,Archdiocese of San Antonio,TX
TX,timpson,Diocese of Tyler,TX
TX,tioga,Diocese of Dallas,TX
TX,tira,Diocese of Tyler,TX
TX,tivoli,Diocese of Corpus Christi,TX
TX,tolar,Diocese of Fort Worth,TX
TX,tom bean,Diocese of Dallas,TX
TX,tomball,Archdiocese of Galveston–Houston,TX
TX,tool,Diocese of Tyler,TX
TX,tornillo,Diocese of El Paso,TX
TX,travis ranch,Diocese of Dallas,TX
TX,trent,Diocese of San Angelo,TX
TX,trenton,Diocese of Dallas,TX
TX,trinidad,Diocese of Tyler,TX
TX,trinity,Diocese of Tyler,TX
TX,trophy club,Diocese of Fort Worth,TX
TX,troup,Diocese of Tyler,TX
TX,troy,Diocese of Austin,TX
TX,tulia,Diocese of Amarillo,TX
TX,turkey,Diocese of Amarillo,TX
TX,tuscola,Diocese of San Angelo,TX
TX,tye,Diocese of San Angelo,TX
TX,tyler,Diocese of Tyler,TX
TX,uhland,Diocese of Austin,TX
TX,union valley,Diocese of Dallas,TX
TX,universal city,Archdiocese of San Antonio,TX
TX,uvalde,Archdiocese of San Antonio,TX
TX,uvalde estates,Archdiocese of San Antonio,TX
TX,val verde park,Archdiocese of San Antonio,TX
TX,valley mills,Diocese of Fort Worth,TX
TX,valley view,Diocese of Fort Worth,TX
TX,van,Diocese of Tyler,TX
TX,van alstyne,Diocese of Dallas,TX
TX,van horn,Diocese of El Paso,TX
TX,van vleck,Diocese of Victoria,TX
TX,vanderbilt,Diocese of Victoria,TX
TX,vega,Diocese of Amarillo,TX
TX,venus,Diocese of Fort Worth,TX
TX,vernon,Diocese of Fort Worth,TX
TX,victoria,Diocese of Victoria,TX
TX,vidor,Diocese of Beaumont,TX
TX,villa pancho,Diocese of Brownsville,TX
TX,villa verde,Diocese of Brownsville,TX
TX,vinton,Diocese of El Paso,TX
TX,volente,Diocese of Austin,TX
TX,von ormy,Archdiocese of San Antonio,TX
TX,waco,Diocese of Austin,TX
TX,waelder,Archdiocese of San Antonio,TX
TX,wake village,Diocese of Tyler,TX
TX,waller,Archdiocese of Galveston–Houston,TX
TX,wallis,Archdiocese of Galveston–Houston,TX
TX,walnut springs,Diocese of Fort Worth,TX
TX,warren,Diocese of Beaumont,TX
TX,waskom,Diocese of Tyler,TX
TX,watauga,Diocese of Fort Worth,TX
TX,waxahachie,Diocese of Dallas,TX
TX,weatherford,Diocese of Fort Worth,TX
TX,webberville,Diocese of Austin,TX
TX,webster,Archdiocese of Galveston–Houston,TX
TX,weimar,Diocese of Victoria,TX
TX,weir,Diocese of Austin,TX
TX,wellington,Diocese of Amarillo,TX
TX,wells,Diocese of Tyler,TX
TX,wells branch,Diocese of Austin,TX
TX,weslaco,Diocese of Brownsville,TX
TX,west,Diocese of Austin,TX
TX,west alto bonito colonia,Diocese of Brownsville,TX
TX,west columbia,Archdiocese of Galveston–Houston,TX
TX,west lake hills,Diocese of Austin,TX
TX,west livingston,Diocese of Beaumont,TX
TX,west odessa,Diocese of San Angelo,TX
TX,west orange,Diocese of Beaumont,TX
TX,west pearsall,Archdiocese of San Antonio,TX
TX,west sharyland,Diocese of Brownsville,TX
TX,west tawakoni,Diocese of Dallas,TX
TX,westdale,Diocese of Corpus Christi,TX
TX,western lake,Diocese of Fort Worth,TX
TX,westlake,Diocese of Fort Worth,TX
TX,westminster,Diocese of Dallas,TX
TX,weston,Diocese of Dallas,TX
TX,weston lakes,Archdiocese of Galveston–Houston,TX
TX,westover hills,Diocese of Fort Worth,TX
TX,westway,Diocese of El Paso,TX
TX,westworth,Diocese of Fort Worth,TX
TX,wharton,Diocese of Victoria,TX
TX,wheeler,Diocese of Amarillo,TX
TX,white deer,Diocese of Amarillo,TX
TX,white oak,Diocese of Tyler,TX
TX,white settlement,Diocese of Fort Worth,TX
TX,whiteface,Diocese of Lubbock,TX
TX,whitehouse,Diocese of Tyler,TX
TX,whitesboro,Diocese of Dallas,TX
TX,whitewright,Diocese of Dallas,TX
TX,whitney,Diocese of Fort Worth,TX
TX,wichita falls,Diocese of Fort Worth,TX
TX,wickett,Diocese of El Paso,TX
TX,wild peach village,Archdiocese of Galveston–Houston,TX
TX,wildwood,Diocese of Beaumont,TX
TX,willis,Archdiocese of Galveston–Houston,TX
TX,willow park,Diocese of Fort Worth,TX
TX,wills point,Diocese of Tyler,TX
TX,wilmer,Diocese of Dallas,TX
TX,wilson,Diocese of Lubbock,TX
TX,wimberley,Diocese of Austin,TX
TX,windcrest,Archdiocese of San Antonio,TX
TX,windemere,Diocese of Austin,TX
TX,windthorst,Diocese of Fort Worth,TX
TX,winfield,Diocese of Tyler,TX
TX,wink,Diocese of El Paso,TX
TX,winnie,Diocese of Beaumont,TX
TX,winnsboro,Diocese of Tyler,TX
TX,winona,Diocese of Tyler,TX
TX,winters,Diocese of San Angelo,TX
TX,wolfe city,Diocese of Dallas,TX
TX,wolfforth,Diocese of Lubbock,TX
TX,woodbranch,Archdiocese of Galveston–Houston,TX
TX,woodcreek,Diocese of Austin,TX
TX,woodsboro,Diocese of Corpus Christi,TX
TX,woodville,Diocese of Beaumont,TX
TX,woodway,Diocese of Austin,TX
TX,wortham,Diocese of Tyler,TX
TX,wyldwood,Diocese of Austin,TX
TX,wylie,Diocese of Dallas,TX
TX,yantis,Diocese of Tyler,TX
TX,yoakum,Diocese of Victoria,TX
TX,yorktown,Diocese of Victoria,TX
TX,zapata,Diocese of Laredo,TX
TX,zavalla,Diocese of Tyler,TX
TX,zuehl,Archdiocese of San Antonio,TX
UT,alpine,Diocese of Salt Lake City,UT
UT,alta,Diocese of Salt Lake City,UT
UT,amalga,Diocese of Salt Lake City,UT
UT,american fork,Diocese of Salt Lake City,UT
UT,aneth,Diocese of Salt Lake City,UT
UT,annabella,Diocese of Salt Lake City,UT
UT,apple valley,Diocese of Salt Lake City,UT
UT,aurora,Diocese of Salt Lake City,UT
UT,avon,Diocese of Salt Lake City,UT
UT,ballard,Diocese of Salt Lake City,UT
UT,bear river city,Diocese of Salt Lake City,UT
UT,beaver,Diocese of Salt Lake City,UT
UT,benjamin,Diocese of Salt Lake City,UT
UT,benson,Diocese of Salt Lake City,UT
UT,bicknell,Diocese of Salt Lake City,UT
UT,big water,Diocese of Salt Lake City,UT
UT,bingham canyon,Diocese of Salt Lake City,UT
UT,blanding,Diocese of Salt Lake City,UT
UT,bluffdale,Diocese of Salt Lake City,UT
UT,bountiful,Diocese of Salt Lake City,UT
UT,brigham city,Diocese of Salt Lake City,UT
UT,canyon rim,Diocese of Salt Lake City,UT
UT,carbonville,Diocese of Salt Lake City,UT
UT,castle dale,Diocese of Salt Lake City,UT
UT,castle valley,Diocese of Salt Lake City,UT
UT,cedar city,Diocese of Salt Lake City,UT
UT,cedar fort,Diocese of Salt Lake City,UT
UT,cedar hills,Diocese of Salt Lake City,UT
UT,cedar valley,Diocese of Salt Lake City,UT
UT,centerfield,Diocese of Salt Lake City,UT
UT,centerville,Diocese of Salt Lake City,UT
UT,central,Diocese of Salt Lake City,UT
UT,central valley,Diocese of Salt Lake City,UT
UT,charleston,Diocese of Salt Lake City,UT
UT,circleville,Diocese of Salt Lake City,UT
UT,clarkston,Diocese of Salt Lake City,UT
UT,clearfield,Diocese of Salt Lake City,UT
UT,cleveland,Diocese of Salt Lake City,UT
UT,clinton,Diocese of Salt Lake City,UT
UT,coalville,Diocese of Salt Lake City,UT
UT,copperton,Diocese of Salt Lake City,UT
UT,corinne,Diocese of Salt Lake City,UT
UT,cornish,Diocese of Salt Lake City,UT
UT,cottonwood heights,Diocese of Salt Lake City,UT
UT,cove,Diocese of Salt Lake City,UT
UT,dammeron valley,Diocese of Salt Lake City,UT
UT,daniel,Diocese of Salt Lake City,UT
UT,delta,Diocese of Salt Lake City,UT
UT,deseret,Diocese of Salt Lake City,UT
UT,deweyville,Diocese of Salt Lake City,UT
UT,draper,Diocese of Salt Lake City,UT
UT,duchesne,Diocese of Salt Lake City,UT
UT,dugway,Diocese of Salt Lake City,UT
UT,eagle mountain,Diocese of Salt Lake City,UT
UT,east carbon city,Diocese of Salt Lake City,UT
UT,east millcreek,Diocese of Salt Lake City,UT
UT,eden,Diocese of Salt Lake City,UT
UT,elk ridge,Diocese of Salt Lake City,UT
UT,elmo,Diocese of Salt Lake City,UT
UT,elsinore,Diocese of Salt Lake City,UT
UT,elwood,Diocese of Salt Lake City,UT
UT,enoch,Diocese of Salt Lake City,UT
UT,enterprise,Diocese of Salt Lake City,UT
UT,ephraim,Diocese of Salt Lake City,UT
UT,erda,Diocese of Salt Lake City,UT
UT,escalante,Diocese of Salt Lake City,UT
UT,eureka,Diocese of Salt Lake City,UT
UT,fairview,Diocese of Salt Lake City,UT
UT,farmington,Diocese of Salt Lake City,UT
UT,farr west,Diocese of Salt Lake City,UT
UT,ferron,Diocese of Salt Lake City,UT
UT,fielding,Diocese of Salt Lake City,UT
UT,fillmore,Diocese of Salt Lake City,UT
UT,fort duchesne,Diocese of Salt Lake City,UT
UT,fountain green,Diocese of Salt Lake City,UT
UT,francis,Diocese of Salt Lake City,UT
UT,fruit heights,Diocese of Salt Lake City,UT
UT,garden city,Diocese of Salt Lake City,UT
UT,garland,Diocese of Salt Lake City,UT
UT,genola,Diocese of Salt Lake City,UT
UT,glendale,Diocese of Salt Lake City,UT
UT,glenwood,Diocese of Salt Lake City,UT
UT,goshen,Diocese of Salt Lake City,UT
UT,granite,Diocese of Salt Lake City,UT
UT,grantsville,Diocese of Salt Lake City,UT
UT,green river,Diocese of Salt Lake City,UT
UT,gunnison,Diocese of Salt Lake City,UT
UT,harrisville,Diocese of Salt Lake City,UT
UT,heber city,Diocese of Salt Lake City,UT
UT,helper,Diocese of Salt Lake City,UT
UT,henefer,Diocese of Salt Lake City,UT
UT,herriman,Diocese of Salt Lake City,UT
UT,hideout,Diocese of Salt Lake City,UT
UT,highland,Diocese of Salt Lake City,UT
UT,hildale,Diocese of Salt Lake City,UT
UT,hill air force base,Diocese of Salt Lake City,UT
UT,hinckley,Diocese of Salt Lake City,UT
UT,holden,Diocese of Salt Lake City,UT
UT,holladay,Diocese of Salt Lake City,UT
UT,honeyville,Diocese of Salt Lake City,UT
UT,hooper,Diocese of Salt Lake City,UT
UT,hoytsville,Diocese of Salt Lake City,UT
UT,huntington,Diocese of Salt Lake City,UT
UT,huntsville,Diocese of Salt Lake City,UT
UT,hurricane,Diocese of Salt Lake City,UT
UT,hyde park,Diocese of Salt Lake City,UT
UT,hyrum,Diocese of Salt Lake City,UT
UT,ivins,Diocese of Salt Lake City,UT
UT,jensen,Diocese of Salt Lake City,UT
UT,joseph,Diocese of Salt Lake City,UT
UT,kamas,Diocese of Salt Lake City,UT
UT,kanab,Diocese of Salt Lake City,UT
UT,kanarraville,Diocese of Salt Lake City,UT
UT,kanosh,Diocese of Salt Lake City,UT
UT,kaysville,Diocese of Salt Lake City,UT
UT,kearns,Diocese of Salt Lake City,UT
UT,koosharem,Diocese of Salt Lake City,UT
UT,la sal,Diocese of Salt Lake City,UT
UT,lake shore,Diocese of Salt Lake City,UT
UT,laverkin,Diocese of Salt Lake City,UT
UT,layton,Diocese of Salt Lake City,UT
UT,leeds,Diocese of Salt Lake City,UT
UT,lehi,Diocese of Salt Lake City,UT
UT,levan,Diocese of Salt Lake City,UT
UT,lewiston,Diocese of Salt Lake City,UT
UT,liberty,Diocese of Salt Lake City,UT
UT,lindon,Diocese of Salt Lake City,UT
UT,little cottonwood creek valley,Diocese of Salt Lake City,UT
UT,loa,Diocese of Salt Lake City,UT
UT,logan,Diocese of Salt Lake City,UT
UT,maeser,Diocese of Salt Lake City,UT
UT,magna,Diocese of Salt Lake City,UT
UT,manila,Diocese of Salt Lake City,UT
UT,manti,Diocese of Salt Lake City,UT
UT,mantua,Diocese of Salt Lake City,UT
UT,mapleton,Diocese of Salt Lake City,UT
UT,marion,Diocese of Salt Lake City,UT
UT,marriottslaterville,Diocese of Salt Lake City,UT
UT,marysvale,Diocese of Salt Lake City,UT
UT,mayfield,Diocese of Salt Lake City,UT
UT,meadow,Diocese of Salt Lake City,UT
UT,mendon,Diocese of Salt Lake City,UT
UT,midvale,Diocese of Salt Lake City,UT
UT,midway,Diocese of Salt Lake City,UT
UT,milford,Diocese of Salt Lake City,UT
UT,millcreek,Diocese of Salt Lake City,UT
UT,millville,Diocese of Salt Lake City,UT
UT,minersville,Diocese of Salt Lake City,UT
UT,moab,Diocese of Salt Lake City,UT
UT,mona,Diocese of Salt Lake City,UT
UT,monroe,Diocese of Salt Lake City,UT
UT,montezuma creek,Diocese of Salt Lake City,UT
UT,monticello,Diocese of Salt Lake City,UT
UT,morgan,Diocese of Salt Lake City,UT
UT,moroni,Diocese of Salt Lake City,UT
UT,mount nebo,Diocese of Salt Lake City,UT
UT,mount olympus,Diocese of Salt Lake City,UT
UT,mount pleasant,Diocese of Salt Lake City,UT
UT,mountain green,Diocese of Salt Lake City,UT
UT,murray,Diocese of Salt Lake City,UT
UT,myton,Diocese of Salt Lake City,UT
UT,naples,Diocese of Salt Lake City,UT
UT,navajo mountain,Diocese of Salt Lake City,UT
UT,neola,Diocese of Salt Lake City,UT
UT,nephi,Diocese of Salt Lake City,UT
UT,newton,Diocese of Salt Lake City,UT
UT,nibley,Diocese of Salt Lake City,UT
UT,north logan,Diocese of Salt Lake City,UT
UT,north ogden,Diocese of Salt Lake City,UT
UT,north salt lake,Diocese of Salt Lake City,UT
UT,oak city,Diocese of Salt Lake City,UT
UT,oakley,Diocese of Salt Lake City,UT
UT,ogden,Diocese of Salt Lake City,UT
UT,oljatomonument valley,Diocese of Salt Lake City,UT
UT,oquirrh,Diocese of Salt Lake City,UT
UT,orangeville,Diocese of Salt Lake City,UT
UT,orderville,Diocese of Salt Lake City,UT
UT,orem,Diocese of Salt Lake City,UT
UT,palmyra,Diocese of Salt Lake City,UT
UT,panguitch,Diocese of Salt Lake City,UT
UT,paradise,Diocese of Salt Lake City,UT
UT,paragonah,Diocese of Salt Lake City,UT
UT,park city,Diocese of Salt Lake City,UT
UT,parowan,Diocese of Salt Lake City,UT
UT,payson,Diocese of Salt Lake City,UT
UT,perry,Diocese of Salt Lake City,UT
UT,peter,Diocese of Salt Lake City,UT
UT,plain city,Diocese of Salt Lake City,UT
UT,pleasant grove,Diocese of Salt Lake City,UT
UT,pleasant view,Diocese of Salt Lake City,UT
UT,plymouth,Diocese of Salt Lake City,UT
UT,price,Diocese of Salt Lake City,UT
UT,providence,Diocese of Salt Lake City,UT
UT,provo,Diocese of Salt Lake City,UT
UT,randolph,Diocese of Salt Lake City,UT
UT,redmond,Diocese of Salt Lake City,UT
UT,richfield,Diocese of Salt Lake City,UT
UT,richmond,Diocese of Salt Lake City,UT
UT,river heights,Diocese of Salt Lake City,UT
UT,riverdale,Diocese of Salt Lake City,UT
UT,riverside,Diocese of Salt Lake City,UT
UT,riverton,Diocese of Salt Lake City,UT
UT,rocky ridge,Diocese of Salt Lake City,UT
UT,roosevelt,Diocese of Salt Lake City,UT
UT,roy,Diocese of Salt Lake City,UT
UT,rush valley,Diocese of Salt Lake City,UT
UT,salem,Diocese of Salt Lake City,UT
UT,salina,Diocese of Salt Lake City,UT
UT,salt lake city,Diocese of Salt Lake City,UT
UT,sandy,Diocese of Salt Lake City,UT
UT,santa clara,Diocese of Salt Lake City,UT
UT,santaquin,Diocese of Salt Lake City,UT
UT,saratoga springs,Diocese of Salt Lake City,UT
UT,scipio,Diocese of Salt Lake City,UT
UT,sigurd,Diocese of Salt Lake City,UT
UT,silver summit,Diocese of Salt Lake City,UT
UT,smithfield,Diocese of Salt Lake City,UT
UT,snowbird,Diocese of Salt Lake City,UT
UT,snyderville,Diocese of Salt Lake City,UT
UT,south jordan,Diocese of Salt Lake City,UT
UT,south ogden,Diocese of Salt Lake City,UT
UT,south salt lake,Diocese of Salt Lake City,UT
UT,south weber,Diocese of Salt Lake City,UT
UT,south willard,Diocese of Salt Lake City,UT
UT,spanish fork,Diocese of Salt Lake City,UT
UT,spanish valley,Diocese of Salt Lake City,UT
UT,spring city,Diocese of Salt Lake City,UT
UT,spring glen,Diocese of Salt Lake City,UT
UT,spring lake,Diocese of Salt Lake City,UT
UT,springdale,Diocese of Salt Lake City,UT
UT,springville,Diocese of Salt Lake City,UT
UT,st george,Diocese of Salt Lake City,UT
UT,stansbury park,Diocese of Salt Lake City,UT
UT,stockton,Diocese of Salt Lake City,UT
UT,summit park,Diocese of Salt Lake City,UT
UT,sunnyside,Diocese of Salt Lake City,UT
UT,sunset,Diocese of Salt Lake City,UT
UT,syracuse,Diocese of Salt Lake City,UT
UT,taylorsville,Diocese of Salt Lake City,UT
UT,thatcher,Diocese of Salt Lake City,UT
UT,timber lakes,Diocese of Salt Lake City,UT
UT,tooele,Diocese of Salt Lake City,UT
UT,toquerville,Diocese of Salt Lake City,UT
UT,tremonton,Diocese of Salt Lake City,UT
UT,trenton,Diocese of Salt Lake City,UT
UT,tropic,Diocese of Salt Lake City,UT
UT,uintah,Diocese of Salt Lake City,UT
UT,vernal,Diocese of Salt Lake City,UT
UT,veyo,Diocese of Salt Lake City,UT
UT,vineyard,Diocese of Salt Lake City,UT
UT,virgin,Diocese of Salt Lake City,UT
UT,wales,Diocese of Salt Lake City,UT
UT,wallsburg,Diocese of Salt Lake City,UT
UT,wanship,Diocese of Salt Lake City,UT
UT,washington,Diocese of Salt Lake City,UT
UT,washington terrace,Diocese of Salt Lake City,UT
UT,wellington,Diocese of Salt Lake City,UT
UT,wellsville,Diocese of Salt Lake City,UT
UT,wendover,Diocese of Salt Lake City,UT
UT,west bountiful,Diocese of Salt Lake City,UT
UT,west haven,Diocese of Salt Lake City,UT
UT,west jordan,Diocese of Salt Lake City,UT
UT,west mountain,Diocese of Salt Lake City,UT
UT,west point,Diocese of Salt Lake City,UT
UT,west valley city,Diocese of Salt Lake City,UT
UT,west wood,Diocese of Salt Lake City,UT
UT,white city,Diocese of Salt Lake City,UT
UT,willard,Diocese of Salt Lake City,UT
UT,wolf creek,Diocese of Salt Lake City,UT
UT,woodland,Diocese of Salt Lake City,UT
UT,woodland hills,Diocese of Salt Lake City,UT
UT,woods cross,Diocese of Salt Lake City,UT
VA,abingdon,Diocese of Richmond,VA
VA,accomac,Diocese of Richmond,VA
VA,adwolf,Diocese of Richmond,VA
VA,alexandria,Diocese of Arlington,VA
VA,altavista,Diocese of Richmond,VA
VA,amelia court house,Diocese of Richmond,VA
VA,amherst,Diocese of Richmond,VA
VA,annandale,Diocese of Arlington,VA
VA,appalachia,Diocese of Richmond,VA
VA,apple mountain lake,Diocese of Arlington,VA
VA,appomattox,Diocese of Richmond,VA
VA,aquia harbour,Diocese of Arlington,VA
VA,arlington,Diocese of Arlington,VA
VA,arrington,Diocese of Richmond,VA
VA,ashburn,Diocese of Arlington,VA
VA,ashland,Diocese of Richmond,VA
VA,atkins,Diocese of Richmond,VA
VA,atlantic,Diocese of Richmond,VA
VA,baileys crossroads,Diocese of Arlington,VA
VA,bassett,Diocese of Richmond,VA
VA,basye,Diocese of Arlington,VA
VA,bealeton,Diocese of Arlington,VA
VA,bedford,Diocese of Richmond,VA
VA,bellwood,Diocese of Richmond,VA
VA,belmont,Diocese of Arlington,VA
VA,belmont estates,Diocese of Richmond,VA
VA,benns church,Diocese of Richmond,VA
VA,bensley,Diocese of Richmond,VA
VA,berryville,Diocese of Arlington,VA
VA,big island,Diocese of Richmond,VA
VA,big stone gap,Diocese of Richmond,VA
VA,blacksburg,Diocese of Richmond,VA
VA,blackstone,Diocese of Richmond,VA
VA,blairs,Diocese of Richmond,VA
VA,bland,Diocese of Richmond,VA
VA,bloxom,Diocese of Richmond,VA
VA,blue ridge,Diocese of Richmond,VA
VA,blue ridge shores,Diocese of Richmond,VA
VA,bluefield,Diocese of Richmond,VA
VA,bon air,Diocese of Richmond,VA
VA,boston,Diocese of Richmond,VA
VA,boswells corner,Diocese of Arlington,VA
VA,bowling green,Diocese of Richmond,VA
VA,boyce,Diocese of Arlington,VA
VA,boydton,Diocese of Richmond,VA
VA,boykins,Diocese of Richmond,VA
VA,bracey,Diocese of Richmond,VA
VA,brambleton,Diocese of Arlington,VA
VA,brandermill,Diocese of Richmond,VA
VA,bridgewater,Diocese of Richmond,VA
VA,brightwood,Diocese of Arlington,VA
VA,bristol,Diocese of Richmond,VA
VA,bristow,Diocese of Arlington,VA
VA,broadlands,Diocese of Arlington,VA
VA,broadway,Diocese of Richmond,VA
VA,brookneal,Diocese of Richmond,VA
VA,buchanan,Diocese of Richmond,VA
VA,buckhall,Diocese of Arlington,VA
VA,buena vista,Diocese of Richmond,VA
VA,bull run,Diocese of Arlington,VA
VA,bull run mountain estates,Diocese of Arlington,VA
VA,burke,Diocese of Arlington,VA
VA,burkeville,Diocese of Richmond,VA
VA,callaghan,Diocese of Richmond,VA
VA,cana,Diocese of Richmond,VA
VA,cape charles,Diocese of Richmond,VA
VA,captains cove,Diocese of Richmond,VA
VA,carrollton,Diocese of Richmond,VA
VA,carrsville,Diocese of Richmond,VA
VA,castlewood,Diocese of Richmond,VA
VA,cave spring,Diocese of Richmond,VA
VA,cedar bluff,Diocese of Richmond,VA
VA,central garage,Diocese of Richmond,VA
VA,centreville,Diocese of Arlington,VA
VA,chamberlayne,Diocese of Richmond,VA
VA,chantilly,Diocese of Arlington,VA
VA,charlotte court house,Diocese of Richmond,VA
VA,charlottesville,Diocese of Richmond,VA
VA,chase city,Diocese of Richmond,VA
VA,chase crossing,Diocese of Richmond,VA
VA,chatham,Diocese of Richmond,VA
VA,chatmoss,Diocese of Richmond,VA
VA,cheriton,Diocese of Richmond,VA
VA,cherry hill,Diocese of Arlington,VA
VA,chesapeake,Diocese of Richmond,VA
VA,chester,Diocese of Richmond,VA
VA,chester gap,Diocese of Arlington,VA
VA,chesterfield court house,Diocese of Richmond,VA
VA,chilhowie,Diocese of Richmond,VA
VA,chincoteague,Diocese of Richmond,VA
VA,christiansburg,Diocese of Richmond,VA
VA,clarksville,Diocese of Richmond,VA
VA,claypool hill,Diocese of Richmond,VA
VA,clifton forge,Diocese of Richmond,VA
VA,clinchco,Diocese of Richmond,VA
VA,clintwood,Diocese of Richmond,VA
VA,clover,Diocese of Richmond,VA
VA,cloverdale,Diocese of Richmond,VA
VA,cluster springs,Diocese of Richmond,VA
VA,coeburn,Diocese of Richmond,VA
VA,collinsville,Diocese of Richmond,VA
VA,colonial beach,Diocese of Arlington,VA
VA,colonial heights,Diocese of Richmond,VA
VA,concord,Diocese of Richmond,VA
VA,countryside,Diocese of Arlington,VA
VA,courtland,Diocese of Richmond,VA
VA,covington,Diocese of Richmond,VA
VA,craigsville,Diocese of Richmond,VA
VA,crewe,Diocese of Richmond,VA
VA,crimora,Diocese of Richmond,VA
VA,crozet,Diocese of Richmond,VA
VA,culpeper,Diocese of Arlington,VA
VA,cumberland,Diocese of Richmond,VA
VA,dahlgren,Diocese of Arlington,VA
VA,dale city,Diocese of Arlington,VA
VA,daleville,Diocese of Richmond,VA
VA,damascus,Diocese of Richmond,VA
VA,dante,Diocese of Richmond,VA
VA,danville,Diocese of Richmond,VA
VA,dayton,Diocese of Richmond,VA
VA,deltaville,Diocese of Richmond,VA
VA,dillwyn,Diocese of Richmond,VA
VA,dooms,Diocese of Richmond,VA
VA,drakes branch,Diocese of Richmond,VA
VA,dranesville,Diocese of Arlington,VA
VA,draper,Diocese of Richmond,VA
VA,dryden,Diocese of Richmond,VA
VA,dublin,Diocese of Richmond,VA
VA,dulles town center,Diocese of Arlington,VA
VA,dumbarton,Diocese of Richmond,VA
VA,dumfries,Diocese of Arlington,VA
VA,dungannon,Diocese of Richmond,VA
VA,dunn loring,Diocese of Arlington,VA
VA,east hampton,Diocese of Richmond,VA
VA,east highland park,Diocese of Richmond,VA
VA,east lexington,Diocese of Richmond,VA
VA,edinburg,Diocese of Arlington,VA
VA,elkton,Diocese of Richmond,VA
VA,elliston,Diocese of Richmond,VA
VA,emory,Diocese of Richmond,VA
VA,emporia,Diocese of Richmond,VA
VA,enon,Diocese of Richmond,VA
VA,esmont,Diocese of Richmond,VA
VA,ettrick,Diocese of Richmond,VA
VA,ewing,Diocese of Richmond,VA
VA,exmore,Diocese of Richmond,VA
VA,fairfax,Diocese of Arlington,VA
VA,fairfax station,Diocese of Arlington,VA
VA,fairlawn,Diocese of Richmond,VA
VA,fairview beach,Diocese of Arlington,VA
VA,falls church,Diocese of Arlington,VA
VA,falmouth,Diocese of Arlington,VA
VA,farmville,Diocese of Richmond,VA
VA,ferrum,Diocese of Richmond,VA
VA,fieldale,Diocese of Richmond,VA
VA,fincastle,Diocese of Richmond,VA
VA,fishersville,Diocese of Richmond,VA
VA,floris,Diocese of Arlington,VA
VA,floyd,Diocese of Richmond,VA
VA,forest,Diocese of Richmond,VA
VA,fort belvoir,Diocese of Arlington,VA
VA,fort chiswell,Diocese of Richmond,VA
VA,fort hunt,Diocese of Arlington,VA
VA,fort lee,Diocese of Richmond,VA
VA,franconia,Diocese of Arlington,VA
VA,franklin,Diocese of Richmond,VA
VA,fredericksburg,Diocese of Arlington,VA
VA,fries,Diocese of Richmond,VA
VA,front royal,Diocese of Arlington,VA
VA,gainesville,Diocese of Arlington,VA
VA,galax,Diocese of Richmond,VA
VA,gargatha,Diocese of Richmond,VA
VA,gasburg,Diocese of Richmond,VA
VA,gate city,Diocese of Richmond,VA
VA,glade spring,Diocese of Richmond,VA
VA,glasgow,Diocese of Richmond,VA
VA,glen allen,Diocese of Richmond,VA
VA,glenvar,Diocese of Richmond,VA
VA,gloucester courthouse,Diocese of Richmond,VA
VA,gloucester point,Diocese of Richmond,VA
VA,goochland,Diocese of Richmond,VA
VA,gordonsville,Diocese of Arlington,VA
VA,goshen,Diocese of Richmond,VA
VA,gratton,Diocese of Richmond,VA
VA,great falls,Diocese of Arlington,VA
VA,greenbriar,Diocese of Arlington,VA
VA,greenville,Diocese of Richmond,VA
VA,gretna,Diocese of Richmond,VA
VA,grottoes,Diocese of Richmond,VA
VA,groveton,Diocese of Arlington,VA
VA,grundy,Diocese of Richmond,VA
VA,gwynn,Diocese of Richmond,VA
VA,halifax,Diocese of Richmond,VA
VA,hamilton,Diocese of Arlington,VA
VA,hampden sydney,Diocese of Richmond,VA
VA,hampton,Diocese of Richmond,VA
VA,harrisonburg,Diocese of Richmond,VA
VA,harriston,Diocese of Richmond,VA
VA,hayfield,Diocese of Arlington,VA
VA,haymarket,Diocese of Arlington,VA
VA,haysi,Diocese of Richmond,VA
VA,henry fork,Diocese of Richmond,VA
VA,herndon,Diocese of Arlington,VA
VA,highland springs,Diocese of Richmond,VA
VA,hillsville,Diocese of Richmond,VA
VA,hollins,Diocese of Richmond,VA
VA,hollymead,Diocese of Richmond,VA
VA,honaker,Diocese of Richmond,VA
VA,hopewell,Diocese of Richmond,VA
VA,horntown,Diocese of Richmond,VA
VA,horse pasture,Diocese of Richmond,VA
VA,hot springs,Diocese of Richmond,VA
VA,huntington,Diocese of Arlington,VA
VA,hurt,Diocese of Richmond,VA
VA,hybla valley,Diocese of Arlington,VA
VA,idylwood,Diocese of Arlington,VA
VA,independence,Diocese of Richmond,VA
VA,independent hill,Diocese of Arlington,VA
VA,iron gate,Diocese of Richmond,VA
VA,irvington,Diocese of Arlington,VA
VA,ivanhoe,Diocese of Richmond,VA
VA,ivor,Diocese of Richmond,VA
VA,ivy,Diocese of Richmond,VA
VA,jarratt,Diocese of Richmond,VA
VA,jolivue,Diocese of Richmond,VA
VA,jonesville,Diocese of Richmond,VA
VA,kenbridge,Diocese of Richmond,VA
VA,keokee,Diocese of Richmond,VA
VA,keysville,Diocese of Richmond,VA
VA,kilmarnock,Diocese of Arlington,VA
VA,king george,Diocese of Arlington,VA
VA,kings park,Diocese of Arlington,VA
VA,kings park west,Diocese of Arlington,VA
VA,la crosse,Diocese of Richmond,VA
VA,lafayette,Diocese of Richmond,VA
VA,lake barcroft,Diocese of Arlington,VA
VA,lake monticello,Diocese of Richmond,VA
VA,lake of the woods,Diocese of Arlington,VA
VA,lake ridge,Diocese of Arlington,VA
VA,lakeside,Diocese of Richmond,VA
VA,laurel,Diocese of Richmond,VA
VA,laurel hill,Diocese of Arlington,VA
VA,laurel park,Diocese of Richmond,VA
VA,lawrenceville,Diocese of Richmond,VA
VA,laymantown,Diocese of Richmond,VA
VA,lebanon,Diocese of Richmond,VA
VA,leesburg,Diocese of Arlington,VA
VA,lexington,Diocese of Richmond,VA
VA,lincolnia,Diocese of Arlington,VA
VA,linton hall,Diocese of Arlington,VA
VA,loch lomond,Diocese of Arlington,VA
VA,lorton,Diocese of Arlington,VA
VA,loudoun valley estates,Diocese of Arlington,VA
VA,louisa,Diocese of Richmond,VA
VA,lovettsville,Diocese of Arlington,VA
VA,lovingston,Diocese of Richmond,VA
VA,lowes island,Diocese of Arlington,VA
VA,luray,Diocese of Arlington,VA
VA,lynchburg,Diocese of Richmond,VA
VA,lyndhurst,Diocese of Richmond,VA
VA,madison heights,Diocese of Richmond,VA
VA,manassas,Diocese of Arlington,VA
VA,manassas park,Diocese of Arlington,VA
VA,mantua,Diocese of Arlington,VA
VA,mappsville,Diocese of Richmond,VA
VA,marion,Diocese of Richmond,VA
VA,marshall,Diocese of Arlington,VA
VA,martinsville,Diocese of Richmond,VA
VA,massanetta springs,Diocese of Richmond,VA
VA,massanutten,Diocese of Richmond,VA
VA,mathews,Diocese of Richmond,VA
VA,matoaca,Diocese of Richmond,VA
VA,maurertown,Diocese of Arlington,VA
VA,max meadows,Diocese of Richmond,VA
VA,mckenney,Diocese of Richmond,VA
VA,mclean,Diocese of Arlington,VA
VA,mcmullin,Diocese of Richmond,VA
VA,meadowbrook,Diocese of Richmond,VA
VA,meadowview,Diocese of Richmond,VA
VA,mechanicsville,Diocese of Richmond,VA
VA,melfa,Diocese of Richmond,VA
VA,merrifield,Diocese of Arlington,VA
VA,metompkin,Diocese of Richmond,VA
VA,middleburg,Diocese of Arlington,VA
VA,middletown,Diocese of Arlington,VA
VA,midlothian,Diocese of Richmond,VA
VA,mineral,Diocese of Richmond,VA
VA,montclair,Diocese of Arlington,VA
VA,montrose,Diocese of Richmond,VA
VA,montross,Diocese of Arlington,VA
VA,montvale,Diocese of Richmond,VA
VA,motley,Diocese of Richmond,VA
VA,mount crawford,Diocese of Richmond,VA
VA,mount hermon,Diocese of Richmond,VA
VA,mount jackson,Diocese of Arlington,VA
VA,mount sidney,Diocese of Richmond,VA
VA,mount vernon,Diocese of Arlington,VA
VA,mountain road,Diocese of Richmond,VA
VA,narrows,Diocese of Richmond,VA
VA,nassawadox,Diocese of Richmond,VA
VA,nellysford,Diocese of Richmond,VA
VA,nelsonia,Diocese of Richmond,VA
VA,new baltimore,Diocese of Arlington,VA
VA,new hope,Diocese of Richmond,VA
VA,new market,Diocese of Arlington,VA
VA,newington,Diocese of Arlington,VA
VA,newport news,Diocese of Richmond,VA
VA,newsoms,Diocese of Richmond,VA
VA,nickelsville,Diocese of Richmond,VA
VA,nokesville,Diocese of Arlington,VA
VA,norfolk,Diocese of Richmond,VA
VA,north shore,Diocese of Richmond,VA
VA,north springfield,Diocese of Arlington,VA
VA,norton,Diocese of Richmond,VA
VA,oak grove,Diocese of Arlington,VA
VA,oak hill,Diocese of Arlington,VA
VA,oak level,Diocese of Richmond,VA
VA,oakton,Diocese of Arlington,VA
VA,occoquan,Diocese of Arlington,VA
VA,onancock,Diocese of Richmond,VA
VA,onley,Diocese of Richmond,VA
VA,opal,Diocese of Arlington,VA
VA,orange,Diocese of Arlington,VA
VA,pannill fork,Diocese of Richmond,VA
VA,pantops,Diocese of Richmond,VA
VA,parksley,Diocese of Richmond,VA
VA,parrott,Diocese of Richmond,VA
VA,passapatanzy,Diocese of Arlington,VA
VA,pastoria,Diocese of Richmond,VA
VA,patrick springs,Diocese of Richmond,VA
VA,pearisburg,Diocese of Richmond,VA
VA,pembroke,Diocese of Richmond,VA
VA,penhook,Diocese of Richmond,VA
VA,pennington gap,Diocese of Richmond,VA
VA,petersburg,Diocese of Richmond,VA
VA,pimmit hills,Diocese of Arlington,VA
VA,plum creek,Diocese of Richmond,VA
VA,pocahontas,Diocese of Richmond,VA
VA,poquoson,Diocese of Richmond,VA
VA,portsmouth,Diocese of Richmond,VA
VA,portsmouth heights,Diocese of Richmond,VA
VA,potomac mills,Diocese of Arlington,VA
VA,pound,Diocese of Richmond,VA
VA,prices fork,Diocese of Richmond,VA
VA,prince george,Diocese of Richmond,VA
VA,pulaski,Diocese of Richmond,VA
VA,pungoteague,Diocese of Richmond,VA
VA,purcellville,Diocese of Arlington,VA
VA,quantico,Diocese of Arlington,VA
VA,radford,Diocese of Richmond,VA
VA,raven,Diocese of Richmond,VA
VA,ravensworth,Diocese of Arlington,VA
VA,remington,Diocese of Arlington,VA
VA,reston,Diocese of Arlington,VA
VA,rich creek,Diocese of Richmond,VA
VA,richlands,Diocese of Richmond,VA
VA,richmond,Diocese of Richmond,VA
VA,ridgeway,Diocese of Richmond,VA
VA,riner,Diocese of Richmond,VA
VA,riverdale,Diocese of Richmond,VA
VA,riverview,Diocese of Richmond,VA
VA,roanoke,Diocese of Richmond,VA
VA,rocky mount,Diocese of Richmond,VA
VA,rosslyn,Diocese of Arlington,VA
VA,round hill,Diocese of Arlington,VA
VA,ruckersville,Diocese of Richmond,VA
VA,rural retreat,Diocese of Richmond,VA
VA,rushmere,Diocese of Richmond,VA
VA,rustburg,Diocese of Richmond,VA
VA,salem,Diocese of Richmond,VA
VA,saltville,Diocese of Richmond,VA
VA,saluda,Diocese of Richmond,VA
VA,sandston,Diocese of Richmond,VA
VA,sandy level,Diocese of Richmond,VA
VA,scottsville,Diocese of Richmond,VA
VA,sedley,Diocese of Richmond,VA
VA,selma,Diocese of Richmond,VA
VA,seven corners,Diocese of Arlington,VA
VA,seven mile ford,Diocese of Richmond,VA
VA,shawnee land,Diocese of Arlington,VA
VA,shawsville,Diocese of Richmond,VA
VA,shenandoah,Diocese of Arlington,VA
VA,shenandoah farms,Diocese of Arlington,VA
VA,shenandoah retreat,Diocese of Arlington,VA
VA,shenandoah shores,Diocese of Arlington,VA
VA,sherando,Diocese of Richmond,VA
VA,shipman,Diocese of Richmond,VA
VA,short pump,Diocese of Richmond,VA
VA,skyland estates,Diocese of Arlington,VA
VA,smithfield,Diocese of Richmond,VA
VA,south boston,Diocese of Richmond,VA
VA,south hill,Diocese of Richmond,VA
VA,south riding,Diocese of Arlington,VA
VA,south suffolk,Diocese of Richmond,VA
VA,southern gateway,Diocese of Arlington,VA
VA,sperryville,Diocese of Arlington,VA
VA,spotsylvania courthouse,Diocese of Arlington,VA
VA,springfield,Diocese of Arlington,VA
VA,springville,Diocese of Richmond,VA
VA,st paul,Diocese of Richmond,VA
VA,stafford,Diocese of Arlington,VA
VA,stanardsville,Diocese of Richmond,VA
VA,stanley,Diocese of Arlington,VA
VA,stanleytown,Diocese of Richmond,VA
VA,staunton,Diocese of Richmond,VA
VA,stephens city,Diocese of Arlington,VA
VA,sterling,Diocese of Arlington,VA
VA,strasburg,Diocese of Arlington,VA
VA,stuart,Diocese of Richmond,VA
VA,stuarts draft,Diocese of Richmond,VA
VA,sudley,Diocese of Arlington,VA
VA,suffolk,Diocese of Richmond,VA
VA,sugar grove,Diocese of Richmond,VA
VA,sugarland run,Diocese of Arlington,VA
VA,tangier,Diocese of Richmond,VA
VA,tappahannock,Diocese of Richmond,VA
VA,tasley,Diocese of Richmond,VA
VA,tazewell,Diocese of Richmond,VA
VA,temperanceville,Diocese of Richmond,VA
VA,templeton,Diocese of Richmond,VA
VA,timberlake,Diocese of Richmond,VA
VA,timberville,Diocese of Richmond,VA
VA,triangle,Diocese of Arlington,VA
VA,troutville,Diocese of Richmond,VA
VA,tuckahoe,Diocese of Richmond,VA
VA,twin lakes,Diocese of Richmond,VA
VA,tysons,Diocese of Arlington,VA
VA,union hall,Diocese of Richmond,VA
VA,university center,Diocese of Arlington,VA
VA,urbanna,Diocese of Richmond,VA
VA,vansant,Diocese of Richmond,VA
VA,verona,Diocese of Richmond,VA
VA,victoria,Diocese of Richmond,VA
VA,vienna,Diocese of Arlington,VA
VA,villa heights,Diocese of Richmond,VA
VA,vinton,Diocese of Richmond,VA
VA,virginia beach,Diocese of Richmond,VA
VA,wakefield,Diocese of Richmond,VA
VA,warrenton,Diocese of Arlington,VA
VA,warsaw,Diocese of Arlington,VA
VA,wattsville,Diocese of Richmond,VA
VA,waverly,Diocese of Richmond,VA
VA,waynesboro,Diocese of Richmond,VA
VA,weber city,Diocese of Richmond,VA
VA,west falls church,Diocese of Arlington,VA
VA,west gate,Diocese of Arlington,VA
VA,west lynchburg,Diocese of Richmond,VA
VA,west point,Diocese of Richmond,VA
VA,west springfield,Diocese of Arlington,VA
VA,westlake corner,Diocese of Richmond,VA
VA,weyers cave,Diocese of Richmond,VA
VA,white stone,Diocese of Arlington,VA
VA,williamsburg,Diocese of Richmond,VA
VA,winchester,Diocese of Arlington,VA
VA,windsor,Diocese of Richmond,VA
VA,wise,Diocese of Richmond,VA
VA,wolf trap,Diocese of Arlington,VA
VA,woodbridge,Diocese of Arlington,VA
VA,woodburn,Diocese of Arlington,VA
VA,woodlake,Diocese of Richmond,VA
VA,woodstock,Diocese of Arlington,VA
VA,wyndham,Diocese of Richmond,VA
VA,wytheville,Diocese of Richmond,VA
VA,yorkshire,Diocese of Arlington,VA
VT,addison,Diocese of Burlington,VT
VT,alburg,Diocese of Burlington,VT
VT,arlington,Diocese of Burlington,VT
VT,ascutney,Diocese of Burlington,VT
VT,athens,Diocese of Burlington,VT
VT,barre,Diocese of Burlington,VT
VT,barton,Diocese of Burlington,VT
VT,beebe plain,Diocese of Burlington,VT
VT,bellows falls,Diocese of Burlington,VT
VT,bennington,Diocese of Burlington,VT
VT,benson,Diocese of Burlington,VT
VT,bethel,Diocese of Burlington,VT
VT,bradford,Diocese of Burlington,VT
VT,brandon,Diocese of Burlington,VT
VT,brattleboro,Diocese of Burlington,VT
VT,bridport,Diocese of Burlington,VT
VT,bristol,Diocese of Burlington,VT
VT,burlington,Diocese of Burlington,VT
VT,canaan,Diocese of Burlington,VT
VT,castleton,Diocese of Burlington,VT
VT,charlotte,Diocese of Burlington,VT
VT,chelsea,Diocese of Burlington,VT
VT,chester,Diocese of Burlington,VT
VT,chittenden,Diocese of Burlington,VT
VT,colchester,Diocese of Burlington,VT
VT,danby,Diocese of Burlington,VT
VT,danville,Diocese of Burlington,VT
VT,derby center,Diocese of Burlington,VT
VT,derby line,Diocese of Burlington,VT
VT,dover,Diocese of Burlington,VT
VT,east barre,Diocese of Burlington,VT
VT,east middlebury,Diocese of Burlington,VT
VT,enosburg falls,Diocese of Burlington,VT
VT,essex junction,Diocese of Burlington,VT
VT,fair haven,Diocese of Burlington,VT
VT,ferrisburgh,Diocese of Burlington,VT
VT,glover,Diocese of Burlington,VT
VT,graniteville,Diocese of Burlington,VT
VT,granville,Diocese of Burlington,VT
VT,groton,Diocese of Burlington,VT
VT,hancock,Diocese of Burlington,VT
VT,hardwick,Diocese of Burlington,VT
VT,hartford,Diocese of Burlington,VT
VT,hartland,Diocese of Burlington,VT
VT,hinesburg,Diocese of Burlington,VT
VT,holland,Diocese of Burlington,VT
VT,hyde park,Diocese of Burlington,VT
VT,island pond,Diocese of Burlington,VT
VT,isle la motte,Diocese of Burlington,VT
VT,jamaica,Diocese of Burlington,VT
VT,jeffersonville,Diocese of Burlington,VT
VT,jericho,Diocese of Burlington,VT
VT,johnson,Diocese of Burlington,VT
VT,leicester,Diocese of Burlington,VT
VT,lincoln,Diocese of Burlington,VT
VT,londonderry,Diocese of Burlington,VT
VT,ludlow,Diocese of Burlington,VT
VT,lunenburg,Diocese of Burlington,VT
VT,lyndon,Diocese of Burlington,VT
VT,lyndonville,Diocese of Burlington,VT
VT,manchester,Diocese of Burlington,VT
VT,manchester center,Diocese of Burlington,VT
VT,mendon,Diocese of Burlington,VT
VT,middlebury village,Diocese of Burlington,VT
VT,middlesex,Diocese of Burlington,VT
VT,milton,Diocese of Burlington,VT
VT,montgomery,Diocese of Burlington,VT
VT,montpelier,Diocese of Burlington,VT
VT,moretown,Diocese of Burlington,VT
VT,morristown,Diocese of Burlington,VT
VT,morrisville,Diocese of Burlington,VT
VT,mount holly,Diocese of Burlington,VT
VT,newbury,Diocese of Burlington,VT
VT,newport,Diocese of Burlington,VT
VT,north bennington,Diocese of Burlington,VT
VT,north hartland,Diocese of Burlington,VT
VT,north hero,Diocese of Burlington,VT
VT,north springfield,Diocese of Burlington,VT
VT,north troy,Diocese of Burlington,VT
VT,northfield,Diocese of Burlington,VT
VT,norwich,Diocese of Burlington,VT
VT,orleans,Diocese of Burlington,VT
VT,pawlet,Diocese of Burlington,VT
VT,pittsfield,Diocese of Burlington,VT
VT,pittsford,Diocese of Burlington,VT
VT,plainfield,Diocese of Burlington,VT
VT,poultney,Diocese of Burlington,VT
VT,pownal,Diocese of Burlington,VT
VT,proctorsville,Diocese of Burlington,VT
VT,putney,Diocese of Burlington,VT
VT,quechee,Diocese of Burlington,VT
VT,randolph,Diocese of Burlington,VT
VT,readsboro,Diocese of Burlington,VT
VT,richford,Diocese of Burlington,VT
VT,richmond,Diocese of Burlington,VT
VT,ripton,Diocese of Burlington,VT
VT,rockingham,Diocese of Burlington,VT
VT,rupert,Diocese of Burlington,VT
VT,rutland,Diocese of Burlington,VT
VT,salisbury,Diocese of Burlington,VT
VT,saxtons river,Diocese of Burlington,VT
VT,shelburne,Diocese of Burlington,VT
VT,south barre,Diocese of Burlington,VT
VT,south burlington,Diocese of Burlington,VT
VT,south royalton,Diocese of Burlington,VT
VT,south shaftsbury,Diocese of Burlington,VT
VT,springfield,Diocese of Burlington,VT
VT,st albans,Diocese of Burlington,VT
VT,st johnsbury,Diocese of Burlington,VT
VT,starksboro,Diocese of Burlington,VT
VT,stowe,Diocese of Burlington,VT
VT,swanton,Diocese of Burlington,VT
VT,townshend,Diocese of Burlington,VT
VT,vergennes,Diocese of Burlington,VT
VT,wallingford,Diocese of Burlington,VT
VT,washington,Diocese of Burlington,VT
VT,waterbury,Diocese of Burlington,VT
VT,websterville,Diocese of Burlington,VT
VT,wells,Diocese of Burlington,VT
VT,wells river,Diocese of Burlington,VT
VT,west brattleboro,Diocese of Burlington,VT
VT,west burke,Diocese of Burlington,VT
VT,west milton,Diocese of Burlington,VT
VT,west pawlet,Diocese of Burlington,VT
VT,west rutland,Diocese of Burlington,VT
VT,weston,Diocese of Burlington,VT
VT,white river junction,Diocese of Burlington,VT
VT,white river junction va medical center,Diocese of Burlington,VT
VT,wilder,Diocese of Burlington,VT
VT,williamstown,Diocese of Burlington,VT
VT,williston,Diocese of Burlington,VT
VT,wilmington,Diocese of Burlington,VT
VT,windsor,Diocese of Burlington,VT
VT,winooski,Diocese of Burlington,VT
VT,woodford,Diocese of Burlington,VT
VT,woodstock,Diocese of Burlington,VT
WA,aberdeen,Archdiocese of Seattle,WA
WA,ahtanum,Diocese of Yakima,WA
WA,airway heights,Diocese of Spokane,WA
WA,albion,Diocese of Spokane,WA
WA,alderton,Archdiocese of Seattle,WA
WA,alderwood manor,Archdiocese of Seattle,WA
WA,alger,Archdiocese of Seattle,WA
WA,algona,Archdiocese of Seattle,WA
WA,allyn,Archdiocese of Seattle,WA
WA,amboy,Archdiocese of Seattle,WA
WA,ames lake,Archdiocese of Seattle,WA
WA,anacortes,Archdiocese of Seattle,WA
WA,arlington,Archdiocese of Seattle,WA
WA,arlington heights,Archdiocese of Seattle,WA
WA,artondale,Archdiocese of Seattle,WA
WA,asotin,Diocese of Spokane,WA
WA,auburn,Archdiocese of Seattle,WA
WA,ault field,Archdiocese of Seattle,WA
WA,bainbridge island,Archdiocese of Seattle,WA
WA,bangor trident base,Archdiocese of Seattle,WA
WA,barberton,Archdiocese of Seattle,WA
WA,basin city,Diocese of Spokane,WA
WA,battle ground,Archdiocese of Seattle,WA
WA,bay view,Archdiocese of Seattle,WA
WA,beaux arts village,Archdiocese of Seattle,WA
WA,belfair,Archdiocese of Seattle,WA
WA,bell hill,Archdiocese of Seattle,WA
WA,bellevue,Archdiocese of Seattle,WA
WA,bellingham,Archdiocese of Seattle,WA
WA,benton city,Diocese of Yakima,WA
WA,bethel,Archdiocese of Seattle,WA
WA,big lake,Archdiocese of Seattle,WA
WA,bingen,Diocese of Yakima,WA
WA,birch bay,Archdiocese of Seattle,WA
WA,black diamond,Archdiocese of Seattle,WA
WA,blaine,Archdiocese of Seattle,WA
WA,bonney lake,Archdiocese of Seattle,WA
WA,bothell,Archdiocese of Seattle,WA
WA,bothell east,Archdiocese of Seattle,WA
WA,bothell west,Archdiocese of Seattle,WA
WA,boulevard park,Archdiocese of Seattle,WA
WA,brady,Archdiocese of Seattle,WA
WA,bremerton,Archdiocese of Seattle,WA
WA,brewster,Diocese of Spokane,WA
WA,bridgeport,Diocese of Yakima,WA
WA,brier,Archdiocese of Seattle,WA
WA,brinnon,Archdiocese of Seattle,WA
WA,browns point,Archdiocese of Seattle,WA
WA,brush prairie,Archdiocese of Seattle,WA
WA,bryant,Archdiocese of Seattle,WA
WA,bryn mawrskyway,Archdiocese of Seattle,WA
WA,buckley,Archdiocese of Seattle,WA
WA,bucoda,Archdiocese of Seattle,WA
WA,buena,Diocese of Yakima,WA
WA,bunk foss,Archdiocese of Seattle,WA
WA,burbank,Diocese of Spokane,WA
WA,burien,Archdiocese of Seattle,WA
WA,burley,Archdiocese of Seattle,WA
WA,burlington,Archdiocese of Seattle,WA
WA,camano,Archdiocese of Seattle,WA
WA,camas,Archdiocese of Seattle,WA
WA,canterwood,Archdiocese of Seattle,WA
WA,carbonado,Archdiocese of Seattle,WA
WA,carlsborg,Archdiocese of Seattle,WA
WA,carnation,Archdiocese of Seattle,WA
WA,carson,Archdiocese of Seattle,WA
WA,cascade valley,Diocese of Yakima,WA
WA,cashmere,Diocese of Yakima,WA
WA,castle rock,Archdiocese of Seattle,WA
WA,cathan,Archdiocese of Seattle,WA
WA,cathcart,Archdiocese of Seattle,WA
WA,cathlamet,Archdiocese of Seattle,WA
WA,central park,Archdiocese of Seattle,WA
WA,centralia,Archdiocese of Seattle,WA
WA,chehalis,Archdiocese of Seattle,WA
WA,chehalis village,Archdiocese of Seattle,WA
WA,chelan,Diocese of Yakima,WA
WA,chelan falls,Diocese of Yakima,WA
WA,cheney,Diocese of Spokane,WA
WA,cherry grove,Archdiocese of Seattle,WA
WA,chewelah,Diocese of Spokane,WA
WA,chico,Archdiocese of Seattle,WA
WA,chinook,Archdiocese of Seattle,WA
WA,city of sammamish,Archdiocese of Seattle,WA
WA,clallam bay,Archdiocese of Seattle,WA
WA,clarkston,Diocese of Spokane,WA
WA,clarkston heightsvineland,Diocese of Spokane,WA
WA,cle elum,Diocese of Yakima,WA
WA,clear lake,Archdiocese of Seattle,WA
WA,clearview,Archdiocese of Seattle,WA
WA,clinton,Archdiocese of Seattle,WA
WA,clyde hill,Archdiocese of Seattle,WA
WA,cohassett beach,Archdiocese of Seattle,WA
WA,colfax,Diocese of Spokane,WA
WA,college place,Diocese of Spokane,WA
WA,colton,Diocese of Spokane,WA
WA,columbia city,Archdiocese of Seattle,WA
WA,colville,Diocese of Spokane,WA
WA,concrete,Archdiocese of Seattle,WA
WA,connell,Diocese of Spokane,WA
WA,copalis beach,Archdiocese of Seattle,WA
WA,cosmopolis,Archdiocese of Seattle,WA
WA,cottage lake,Archdiocese of Seattle,WA
WA,coulee city,Diocese of Yakima,WA
WA,coulee dam,Diocese of Spokane,WA
WA,country homes,Diocese of Spokane,WA
WA,coupeville,Archdiocese of Seattle,WA
WA,covington,Archdiocese of Seattle,WA
WA,cowiche,Diocese of Yakima,WA
WA,crocker,Archdiocese of Seattle,WA
WA,custer,Archdiocese of Seattle,WA
WA,dallesport,Diocese of Yakima,WA
WA,darrington,Archdiocese of Seattle,WA
WA,dash point,Archdiocese of Seattle,WA
WA,davenport,Diocese of Spokane,WA
WA,dayton,Diocese of Spokane,WA
WA,deer park,Diocese of Spokane,WA
WA,deming,Archdiocese of Seattle,WA
WA,des moines,Archdiocese of Seattle,WA
WA,desert aire,Diocese of Yakima,WA
WA,dollar corner,Archdiocese of Seattle,WA
WA,dupont,Archdiocese of Seattle,WA
WA,duvall,Archdiocese of Seattle,WA
WA,east cathlamet,Archdiocese of Seattle,WA
WA,east hillmeridian,Archdiocese of Seattle,WA
WA,east port orchard,Archdiocese of Seattle,WA
WA,east renton highlands,Archdiocese of Seattle,WA
WA,east wenatchee,Diocese of Yakima,WA
WA,east wenatchee bench,Diocese of Yakima,WA
WA,eastgate,Archdiocese of Seattle,WA
WA,eastmont,Archdiocese of Seattle,WA
WA,easton,Diocese of Yakima,WA
WA,eatonville,Archdiocese of Seattle,WA
WA,echo lake,Archdiocese of Seattle,WA
WA,edgewood,Archdiocese of Seattle,WA
WA,edmonds,Archdiocese of Seattle,WA
WA,electric city,Diocese of Yakima,WA
WA,elk plain,Archdiocese of Seattle,WA
WA,ellensburg,Diocese of Yakima,WA
WA,elma,Archdiocese of Seattle,WA
WA,enetai,Archdiocese of Seattle,WA
WA,entiat,Diocese of Yakima,WA
WA,enumclaw,Archdiocese of Seattle,WA
WA,ephrata,Diocese of Yakima,WA
WA,erlands pointkitsap lake,Archdiocese of Seattle,WA
WA,eschbach,Diocese of Yakima,WA
WA,esperance,Archdiocese of Seattle,WA
WA,everett,Archdiocese of Seattle,WA
WA,everson,Archdiocese of Seattle,WA
WA,fairchild air force base,Diocese of Spokane,WA
WA,fairfield,Diocese of Spokane,WA
WA,fall city,Archdiocese of Seattle,WA
WA,federal way,Archdiocese of Seattle,WA
WA,felida,Archdiocese of Seattle,WA
WA,fern prairie,Archdiocese of Seattle,WA
WA,ferndale,Archdiocese of Seattle,WA
WA,fife,Archdiocese of Seattle,WA
WA,fife heights,Archdiocese of Seattle,WA
WA,finley,Diocese of Yakima,WA
WA,fircrest,Archdiocese of Seattle,WA
WA,five corners,Archdiocese of Seattle,WA
WA,fobes hill,Archdiocese of Seattle,WA
WA,fords prairie,Archdiocese of Seattle,WA
WA,forks,Archdiocese of Seattle,WA
WA,four lakes,Diocese of Spokane,WA
WA,fox island,Archdiocese of Seattle,WA
WA,frederickson,Archdiocese of Seattle,WA
WA,freeland,Archdiocese of Seattle,WA
WA,friday harbor,Archdiocese of Seattle,WA
WA,garfield,Diocese of Spokane,WA
WA,garrett,Diocese of Spokane,WA
WA,geneva,Archdiocese of Seattle,WA
WA,george,Diocese of Yakima,WA
WA,gig harbor,Archdiocese of Seattle,WA
WA,gleed,Diocese of Yakima,WA
WA,gold bar,Archdiocese of Seattle,WA
WA,goldendale,Diocese of Yakima,WA
WA,gorst,Archdiocese of Seattle,WA
WA,graham,Archdiocese of Seattle,WA
WA,grand coulee,Diocese of Yakima,WA
WA,grand mound,Archdiocese of Seattle,WA
WA,grandview,Diocese of Yakima,WA
WA,granger,Diocese of Yakima,WA
WA,grapeview,Archdiocese of Seattle,WA
WA,grayland,Archdiocese of Seattle,WA
WA,green bluff,Diocese of Spokane,WA
WA,hansville,Archdiocese of Seattle,WA
WA,harrah,Diocese of Yakima,WA
WA,harrington,Diocese of Spokane,WA
WA,hazel dell,Archdiocese of Seattle,WA
WA,highland,Diocese of Yakima,WA
WA,hobart,Archdiocese of Seattle,WA
WA,hockinson,Archdiocese of Seattle,WA
WA,home,Archdiocese of Seattle,WA
WA,hoodsport,Archdiocese of Seattle,WA
WA,hoquiam,Archdiocese of Seattle,WA
WA,hunts point,Archdiocese of Seattle,WA
WA,ilwaco,Archdiocese of Seattle,WA
WA,inchelium,Diocese of Spokane,WA
WA,indianola,Archdiocese of Seattle,WA
WA,inglewoodfinn hill,Archdiocese of Seattle,WA
WA,ione,Diocese of Spokane,WA
WA,issaquah,Archdiocese of Seattle,WA
WA,jamestown,Archdiocese of Seattle,WA
WA,john sam lake,Archdiocese of Seattle,WA
WA,joint base lewis mcchord,Archdiocese of Seattle,WA
WA,kalama,Archdiocese of Seattle,WA
WA,kapowsin,Archdiocese of Seattle,WA
WA,kelso,Archdiocese of Seattle,WA
WA,kenmore,Archdiocese of Seattle,WA
WA,kennewick,Diocese of Yakima,WA
WA,kent,Archdiocese of Seattle,WA
WA,kettle falls,Diocese of Spokane,WA
WA,key center,Archdiocese of Seattle,WA
WA,keyport,Archdiocese of Seattle,WA
WA,kingston,Archdiocese of Seattle,WA
WA,kirkland,Archdiocese of Seattle,WA
WA,kittitas,Diocese of Yakima,WA
WA,klahanie,Archdiocese of Seattle,WA
WA,klickitat,Diocese of Yakima,WA
WA,la center,Archdiocese of Seattle,WA
WA,la conner,Archdiocese of Seattle,WA
WA,la crosse,Diocese of Spokane,WA
WA,lacey,Archdiocese of Seattle,WA
WA,lake bosworth,Archdiocese of Seattle,WA
WA,lake forest park,Archdiocese of Seattle,WA
WA,lake ketchum,Archdiocese of Seattle,WA
WA,lake marcelstillwater,Archdiocese of Seattle,WA
WA,lake mortonberrydale,Archdiocese of Seattle,WA
WA,lake roesiger,Archdiocese of Seattle,WA
WA,lake shore,Archdiocese of Seattle,WA
WA,lake stevens,Archdiocese of Seattle,WA
WA,lake stickney,Archdiocese of Seattle,WA
WA,lakeland north,Archdiocese of Seattle,WA
WA,lakeland south,Archdiocese of Seattle,WA
WA,lakewood,Archdiocese of Seattle,WA
WA,langley,Archdiocese of Seattle,WA
WA,larch way,Archdiocese of Seattle,WA
WA,lea hill,Archdiocese of Seattle,WA
WA,leavenworth,Diocese of Yakima,WA
WA,lewisville,Archdiocese of Seattle,WA
WA,liberty lake,Diocese of Spokane,WA
WA,lind,Diocese of Spokane,WA
WA,lochsloy,Archdiocese of Seattle,WA
WA,lofall,Archdiocese of Seattle,WA
WA,long beach,Archdiocese of Seattle,WA
WA,longbranch,Archdiocese of Seattle,WA
WA,longview,Archdiocese of Seattle,WA
WA,longview heights,Archdiocese of Seattle,WA
WA,loon lake,Diocese of Spokane,WA
WA,lyle,Diocese of Yakima,WA
WA,lyman,Archdiocese of Seattle,WA
WA,lynden,Archdiocese of Seattle,WA
WA,lynnwood,Archdiocese of Seattle,WA
WA,mabton,Diocese of Yakima,WA
WA,machias,Archdiocese of Seattle,WA
WA,malone,Archdiocese of Seattle,WA
WA,malott,Diocese of Spokane,WA
WA,maltby,Archdiocese of Seattle,WA
WA,manchester,Archdiocese of Seattle,WA
WA,mansfield,Diocese of Yakima,WA
WA,manson,Diocese of Yakima,WA
WA,maple falls,Archdiocese of Seattle,WA
WA,maple heightslake desire,Archdiocese of Seattle,WA
WA,maple valley,Archdiocese of Seattle,WA
WA,maplewood,Archdiocese of Seattle,WA
WA,marietta,Archdiocese of Seattle,WA
WA,mariettaalderwood,Archdiocese of Seattle,WA
WA,marrowstone,Archdiocese of Seattle,WA
WA,martha lake,Archdiocese of Seattle,WA
WA,marysville,Archdiocese of Seattle,WA
WA,mattawa,Diocese of Yakima,WA
WA,may creek,Archdiocese of Seattle,WA
WA,mcchord air force base,Archdiocese of Seattle,WA
WA,mccleary,Archdiocese of Seattle,WA
WA,mckenna,Archdiocese of Seattle,WA
WA,mcmillin,Archdiocese of Seattle,WA
WA,mead,Diocese of Spokane,WA
WA,meadow glade,Archdiocese of Seattle,WA
WA,meadowdale,Archdiocese of Seattle,WA
WA,medical lake,Diocese of Spokane,WA
WA,medina,Archdiocese of Seattle,WA
WA,mercer island,Archdiocese of Seattle,WA
WA,mesa,Diocese of Spokane,WA
WA,midland,Archdiocese of Seattle,WA
WA,mill creek,Archdiocese of Seattle,WA
WA,mill creek east,Archdiocese of Seattle,WA
WA,mill plain,Archdiocese of Seattle,WA
WA,millwood,Diocese of Spokane,WA
WA,milton,Archdiocese of Seattle,WA
WA,minnehaha,Archdiocese of Seattle,WA
WA,mirrormont,Archdiocese of Seattle,WA
WA,monroe,Archdiocese of Seattle,WA
WA,monroe north,Archdiocese of Seattle,WA
WA,montesano,Archdiocese of Seattle,WA
WA,morton,Archdiocese of Seattle,WA
WA,moses lake,Diocese of Yakima,WA
WA,moses lake north,Diocese of Yakima,WA
WA,mossyrock,Archdiocese of Seattle,WA
WA,mount vernon,Archdiocese of Seattle,WA
WA,mount vista,Archdiocese of Seattle,WA
WA,mountlake terrace,Archdiocese of Seattle,WA
WA,moxee city,Diocese of Yakima,WA
WA,mukilteo,Archdiocese of Seattle,WA
WA,naches,Diocese of Yakima,WA
WA,napavine,Archdiocese of Seattle,WA
WA,naselle,Archdiocese of Seattle,WA
WA,navy yard city,Archdiocese of Seattle,WA
WA,neah bay,Archdiocese of Seattle,WA
WA,neilton,Archdiocese of Seattle,WA
WA,newcastle,Archdiocese of Seattle,WA
WA,nisqually indian community,Archdiocese of Seattle,WA
WA,nooksack,Archdiocese of Seattle,WA
WA,normandy park,Archdiocese of Seattle,WA
WA,north bend,Archdiocese of Seattle,WA
WA,north bonneville,Archdiocese of Seattle,WA
WA,north creek,Archdiocese of Seattle,WA
WA,north fort lewis,Archdiocese of Seattle,WA
WA,north omak,Diocese of Spokane,WA
WA,north puyallup,Archdiocese of Seattle,WA
WA,north stanwood,Archdiocese of Seattle,WA
WA,north yelm,Archdiocese of Seattle,WA
WA,oak harbor,Archdiocese of Seattle,WA
WA,oakesdale,Diocese of Spokane,WA
WA,oakville,Archdiocese of Seattle,WA
WA,ocean park,Archdiocese of Seattle,WA
WA,ocean shores,Archdiocese of Seattle,WA
WA,odessa,Diocese of Spokane,WA
WA,okanogan,Diocese of Spokane,WA
WA,olympia,Archdiocese of Seattle,WA
WA,omak,Diocese of Spokane,WA
WA,onalaska,Archdiocese of Seattle,WA
WA,orcas,Archdiocese of Seattle,WA
WA,orchards,Archdiocese of Seattle,WA
WA,oroville,Diocese of Spokane,WA
WA,orting,Archdiocese of Seattle,WA
WA,othello,Diocese of Spokane,WA
WA,otis orchardseast farms,Diocese of Spokane,WA
WA,pacific,Archdiocese of Seattle,WA
WA,packwood,Archdiocese of Seattle,WA
WA,palouse,Diocese of Spokane,WA
WA,parkland,Archdiocese of Seattle,WA
WA,parkwood,Archdiocese of Seattle,WA
WA,pasco,Diocese of Spokane,WA
WA,pateros,Diocese of Spokane,WA
WA,pe ell,Archdiocese of Seattle,WA
WA,peaceful valley,Archdiocese of Seattle,WA
WA,picnic point,Archdiocese of Seattle,WA
WA,picnic pointnorth lynnwood,Archdiocese of Seattle,WA
WA,point roberts,Archdiocese of Seattle,WA
WA,pomeroy,Diocese of Spokane,WA
WA,port angeles,Archdiocese of Seattle,WA
WA,port angeles east,Archdiocese of Seattle,WA
WA,port hadlockirondale,Archdiocese of Seattle,WA
WA,port ludlow,Archdiocese of Seattle,WA
WA,port orchard,Archdiocese of Seattle,WA
WA,port townsend,Archdiocese of Seattle,WA
WA,poulsbo,Archdiocese of Seattle,WA
WA,prairie heights,Archdiocese of Seattle,WA
WA,prairie ridge,Archdiocese of Seattle,WA
WA,prescott,Diocese of Spokane,WA
WA,priest point,Archdiocese of Seattle,WA
WA,prosser,Diocese of Yakima,WA
WA,pullman,Diocese of Spokane,WA
WA,purdy,Archdiocese of Seattle,WA
WA,puyallup,Archdiocese of Seattle,WA
WA,quilcene,Archdiocese of Seattle,WA
WA,quincy,Diocese of Yakima,WA
WA,rainier,Archdiocese of Seattle,WA
WA,ravensdale,Archdiocese of Seattle,WA
WA,raymond,Archdiocese of Seattle,WA
WA,reardan,Diocese of Spokane,WA
WA,redmond,Archdiocese of Seattle,WA
WA,renton,Archdiocese of Seattle,WA
WA,republic,Diocese of Spokane,WA
WA,richland,Diocese of Yakima,WA
WA,ridgefield,Archdiocese of Seattle,WA
WA,ritzville,Diocese of Spokane,WA
WA,river road,Archdiocese of Seattle,WA
WA,riverbend,Archdiocese of Seattle,WA
WA,riverside,Archdiocese of Seattle,WA
WA,riverton,Archdiocese of Seattle,WA
WA,rochester,Archdiocese of Seattle,WA
WA,rock island,Diocese of Yakima,WA
WA,rockford,Diocese of Spokane,WA
WA,rocky point,Archdiocese of Seattle,WA
WA,ronald,Diocese of Yakima,WA
WA,rosalia,Diocese of Spokane,WA
WA,rosburg,Archdiocese of Seattle,WA
WA,rosedale,Archdiocese of Seattle,WA
WA,roslyn,Diocese of Yakima,WA
WA,roy,Archdiocese of Seattle,WA
WA,royal city,Diocese of Yakima,WA
WA,ruston,Archdiocese of Seattle,WA
WA,ryderwood,Archdiocese of Seattle,WA
WA,salmon creek,Archdiocese of Seattle,WA
WA,sammamish,Archdiocese of Seattle,WA
WA,satsop,Archdiocese of Seattle,WA
WA,satus,Diocese of Yakima,WA
WA,seabeck,Archdiocese of Seattle,WA
WA,seatac,Archdiocese of Seattle,WA
WA,seattle,Archdiocese of Seattle,WA
WA,sedrowoolley,Archdiocese of Seattle,WA
WA,selah,Diocese of Yakima,WA
WA,sequim,Archdiocese of Seattle,WA
WA,shaker church,Archdiocese of Seattle,WA
WA,shelton,Archdiocese of Seattle,WA
WA,shoreline,Archdiocese of Seattle,WA
WA,silver firs,Archdiocese of Seattle,WA
WA,silverdale,Archdiocese of Seattle,WA
WA,sisco heights,Archdiocese of Seattle,WA
WA,skamokawa valley,Archdiocese of Seattle,WA
WA,skokomish,Archdiocese of Seattle,WA
WA,smokey point,Archdiocese of Seattle,WA
WA,snohomish,Archdiocese of Seattle,WA
WA,snoqualmie,Archdiocese of Seattle,WA
WA,snoqualmie pass,Diocese of Yakima,WA
WA,soap lake,Diocese of Yakima,WA
WA,south bend,Archdiocese of Seattle,WA
WA,south cle elum,Diocese of Yakima,WA
WA,south hill,Archdiocese of Seattle,WA
WA,south prairie,Archdiocese of Seattle,WA
WA,south wenatchee,Diocese of Yakima,WA
WA,southworth,Archdiocese of Seattle,WA
WA,spanaway,Archdiocese of Seattle,WA
WA,spokane,Diocese of Spokane,WA
WA,spokane valley,Diocese of Spokane,WA
WA,sprague,Diocese of Spokane,WA
WA,st john,Diocese of Spokane,WA
WA,stanwood,Archdiocese of Seattle,WA
WA,startup,Archdiocese of Seattle,WA
WA,steilacoom,Archdiocese of Seattle,WA
WA,stevenson,Archdiocese of Seattle,WA
WA,stimson crossing,Archdiocese of Seattle,WA
WA,sudden valley,Archdiocese of Seattle,WA
WA,sultan,Archdiocese of Seattle,WA
WA,sumas,Archdiocese of Seattle,WA
WA,summit,Archdiocese of Seattle,WA
WA,summit view,Archdiocese of Seattle,WA
WA,summitview,Diocese of Yakima,WA
WA,sumner,Archdiocese of Seattle,WA
WA,sunnyside,Diocese of Yakima,WA
WA,sunnyslope,Diocese of Yakima,WA
WA,suquamish,Archdiocese of Seattle,WA
WA,swede heaven,Archdiocese of Seattle,WA
WA,tacoma,Archdiocese of Seattle,WA
WA,taholah,Archdiocese of Seattle,WA
WA,tampico,Diocese of Yakima,WA
WA,tanglewilde,Archdiocese of Seattle,WA
WA,tanglewildethompson place,Archdiocese of Seattle,WA
WA,tanner,Archdiocese of Seattle,WA
WA,tekoa,Diocese of Spokane,WA
WA,tenino,Archdiocese of Seattle,WA
WA,terrace heights,Diocese of Yakima,WA
WA,three lakes,Archdiocese of Seattle,WA
WA,tieton,Diocese of Yakima,WA
WA,toledo,Archdiocese of Seattle,WA
WA,tonasket,Diocese of Spokane,WA
WA,toppenish,Diocese of Yakima,WA
WA,touchet,Diocese of Spokane,WA
WA,town and country,Diocese of Spokane,WA
WA,tracyton,Archdiocese of Seattle,WA
WA,tricities,Diocese of Spokane,WA
WA,trout lake,Diocese of Yakima,WA
WA,tukwila,Archdiocese of Seattle,WA
WA,tulalip,Archdiocese of Seattle,WA
WA,tulalip bay,Archdiocese of Seattle,WA
WA,tumwater,Archdiocese of Seattle,WA
WA,twisp,Diocese of Spokane,WA
WA,union,Archdiocese of Seattle,WA
WA,union gap,Diocese of Yakima,WA
WA,union hillnovelty hill,Archdiocese of Seattle,WA
WA,uniontown,Diocese of Spokane,WA
WA,university place,Archdiocese of Seattle,WA
WA,vader,Archdiocese of Seattle,WA
WA,vancouver,Archdiocese of Seattle,WA
WA,vashon,Archdiocese of Seattle,WA
WA,vaughn,Archdiocese of Seattle,WA
WA,venersborg,Archdiocese of Seattle,WA
WA,waitsburg,Diocese of Spokane,WA
WA,walla walla,Diocese of Spokane,WA
WA,walla walla east,Diocese of Spokane,WA
WA,waller,Archdiocese of Seattle,WA
WA,walnut grove,Archdiocese of Seattle,WA
WA,wapato,Diocese of Yakima,WA
WA,warden,Diocese of Yakima,WA
WA,warm beach,Archdiocese of Seattle,WA
WA,washougal,Archdiocese of Seattle,WA
WA,waterville,Diocese of Yakima,WA
WA,wauna,Archdiocese of Seattle,WA
WA,weallup lake,Archdiocese of Seattle,WA
WA,wenatchee,Diocese of Yakima,WA
WA,west clarkstonhighland,Diocese of Spokane,WA
WA,west lake sammamish,Archdiocese of Seattle,WA
WA,west lake stevens,Archdiocese of Seattle,WA
WA,west longview,Archdiocese of Seattle,WA
WA,west pasco,Diocese of Spokane,WA
WA,west richland,Diocese of Yakima,WA
WA,west side highway,Archdiocese of Seattle,WA
WA,west valley,Diocese of Yakima,WA
WA,west wenatchee,Diocese of Yakima,WA
WA,westport,Archdiocese of Seattle,WA
WA,white center,Archdiocese of Seattle,WA
WA,white salmon,Diocese of Yakima,WA
WA,white swan,Diocese of Yakima,WA
WA,wilbur,Diocese of Spokane,WA
WA,wilderness rim,Archdiocese of Seattle,WA
WA,wilkeson,Archdiocese of Seattle,WA
WA,winlock,Archdiocese of Seattle,WA
WA,winthrop,Diocese of Spokane,WA
WA,wishram,Diocese of Yakima,WA
WA,wollochet,Archdiocese of Seattle,WA
WA,woodinville,Archdiocese of Seattle,WA
WA,woodland,Archdiocese of Seattle,WA
WA,woods creek,Archdiocese of Seattle,WA
WA,woodway,Archdiocese of Seattle,WA
WA,yacolt,Archdiocese of Seattle,WA
WA,yakima,Diocese of Yakima,WA
WA,yarrow point,Archdiocese of Seattle,WA
WA,yelm,Archdiocese of Seattle,WA
WA,zillah,Diocese of Yakima,WA
WI,abbotsford,Diocese of La Crosse,WI
WI,abrams,Diocese of Green Bay,WI
WI,adams,Diocese of La Crosse,WI
WI,addison,Archdiocese of Milwaukee,WI
WI,adell,Archdiocese of Milwaukee,WI
WI,albany,Diocese of Madison,WI
WI,algoma,Diocese of Green Bay,WI
WI,allenton,Archdiocese of Milwaukee,WI
WI,allouez,Diocese of Green Bay,WI
WI,alma,Diocese of La Crosse,WI
WI,alma center,Diocese of La Crosse,WI
WI,almena,Diocese of Superior,WI
WI,almond,Diocese of La Crosse,WI
WI,alto,Archdiocese of Milwaukee,WI
WI,altoona,Diocese of La Crosse,WI
WI,amery,Diocese of Superior,WI
WI,amherst,Diocese of La Crosse,WI
WI,amherst junction,Diocese of La Crosse,WI
WI,antigo,Diocese of Green Bay,WI
WI,appleton,Diocese of Green Bay,WI
WI,arcadia,Diocese of La Crosse,WI
WI,arena,Diocese of Madison,WI
WI,argyle,Diocese of Madison,WI
WI,arlington,Diocese of Madison,WI
WI,arpin,Diocese of La Crosse,WI
WI,ashford,Archdiocese of Milwaukee,WI
WI,ashippun,Archdiocese of Milwaukee,WI
WI,ashland,Diocese of Superior,WI
WI,ashwaubenon,Diocese of Green Bay,WI
WI,athens,Diocese of La Crosse,WI
WI,auburndale,Diocese of La Crosse,WI
WI,augusta,Diocese of La Crosse,WI
WI,avoca,Diocese of Madison,WI
WI,aztalan,Diocese of Madison,WI
WI,bagley,Diocese of Madison,WI
WI,baldwin,Diocese of Superior,WI
WI,balsam lake,Diocese of Superior,WI
WI,bancroft,Diocese of La Crosse,WI
WI,bangor,Diocese of La Crosse,WI
WI,baraboo,Diocese of Madison,WI
WI,barneveld,Diocese of Madison,WI
WI,barron,Diocese of Superior,WI
WI,barton,Archdiocese of Milwaukee,WI
WI,bay city,Diocese of La Crosse,WI
WI,bayfield,Diocese of Superior,WI
WI,bayside,Archdiocese of Milwaukee,WI
WI,bear creek,Diocese of Green Bay,WI
WI,beaver dam,Archdiocese of Milwaukee,WI
WI,belgium,Archdiocese of Milwaukee,WI
WI,belle plaine,Diocese of Green Bay,WI
WI,belleville,Diocese of Madison,WI
WI,bellevue,Diocese of Green Bay,WI
WI,belmont,Diocese of Madison,WI
WI,beloit,Diocese of Madison,WI
WI,benton,Diocese of Madison,WI
WI,berlin,Diocese of Madison,WI
WI,bevent,Diocese of La Crosse,WI
WI,big bend,Archdiocese of Milwaukee,WI
WI,birchwood,Diocese of Superior,WI
WI,birnamwood,Diocese of Green Bay,WI
WI,biron,Diocese of La Crosse,WI
WI,black creek,Diocese of Green Bay,WI
WI,black earth,Diocese of Madison,WI
WI,black river falls,Diocese of La Crosse,WI
WI,blair,Diocese of La Crosse,WI
WI,blanchardville,Diocese of Madison,WI
WI,bloomer,Diocese of La Crosse,WI
WI,bloomington,Diocese of Madison,WI
WI,blue mounds,Diocese of Madison,WI
WI,blue river,Diocese of Madison,WI
WI,bluffview,Diocese of Madison,WI
WI,bohners lake,Archdiocese of Milwaukee,WI
WI,bonduel,Diocese of Green Bay,WI
WI,boscobel,Diocese of Madison,WI
WI,boyceville,Diocese of La Crosse,WI
WI,boyd,Diocese of La Crosse,WI
WI,brandon,Archdiocese of Milwaukee,WI
WI,brice prairie,Diocese of La Crosse,WI
WI,brillion,Diocese of Green Bay,WI
WI,bristol,Archdiocese of Milwaukee,WI
WI,brodhead,Diocese of Madison,WI
WI,brookfield,Archdiocese of Milwaukee,WI
WI,brooklyn,Diocese of Madison,WI
WI,brothertown,Diocese of Green Bay,WI
WI,brown deer,Archdiocese of Milwaukee,WI
WI,browns lake,Archdiocese of Milwaukee,WI
WI,brownsville,Archdiocese of Milwaukee,WI
WI,bruce,Diocese of Superior,WI
WI,brussels,Diocese of Green Bay,WI
WI,buffalo city,Diocese of La Crosse,WI
WI,burlington,Archdiocese of Milwaukee,WI
WI,butler,Archdiocese of Milwaukee,WI
WI,butte des morts,Diocese of Green Bay,WI
WI,butternut,Diocese of Superior,WI
WI,cadott,Diocese of La Crosse,WI
WI,caledonia,Archdiocese of Milwaukee,WI
WI,cambria,Diocese of Madison,WI
WI,cambridge,Diocese of Madison,WI
WI,cameron,Diocese of Superior,WI
WI,camp douglas,Diocese of La Crosse,WI
WI,camp lake,Archdiocese of Milwaukee,WI
WI,campbellsport,Archdiocese of Milwaukee,WI
WI,cascade,Archdiocese of Milwaukee,WI
WI,casco,Diocese of Green Bay,WI
WI,cashton,Diocese of La Crosse,WI
WI,cassville,Diocese of Madison,WI
WI,cato,Diocese of Green Bay,WI
WI,cazenovia,Diocese of La Crosse,WI
WI,cecil,Diocese of Green Bay,WI
WI,cedar grove,Archdiocese of Milwaukee,WI
WI,cedarburg,Archdiocese of Milwaukee,WI
WI,centuria,Diocese of Superior,WI
WI,chaseburg,Diocese of La Crosse,WI
WI,chenequa,Archdiocese of Milwaukee,WI
WI,chetek,Diocese of Superior,WI
WI,chief lake,Diocese of Superior,WI
WI,chilton,Diocese of Green Bay,WI
WI,chippewa falls,Diocese of La Crosse,WI
WI,clam falls,Diocese of Superior,WI
WI,clayton,Diocese of Superior,WI
WI,clear lake,Diocese of Superior,WI
WI,cleveland,Diocese of Green Bay,WI
WI,clinton,Diocese of Madison,WI
WI,clintonville,Diocese of Green Bay,WI
WI,clyman,Archdiocese of Milwaukee,WI
WI,cobb,Diocese of Madison,WI
WI,cochrane,Diocese of La Crosse,WI
WI,colby,Diocese of La Crosse,WI
WI,coleman,Diocese of Green Bay,WI
WI,colfax,Diocese of La Crosse,WI
WI,coloma,Diocese of Green Bay,WI
WI,columbus,Diocese of Madison,WI
WI,combined locks,Diocese of Green Bay,WI
WI,commonwealth,Diocese of Green Bay,WI
WI,como,Archdiocese of Milwaukee,WI
WI,concord,Diocese of Madison,WI
WI,coon valley,Diocese of La Crosse,WI
WI,cooperstown,Diocese of Green Bay,WI
WI,cornell,Diocese of La Crosse,WI
WI,cottage grove,Diocese of Madison,WI
WI,crandon,Diocese of Green Bay,WI
WI,crivitz,Diocese of Green Bay,WI
WI,cross plains,Diocese of Madison,WI
WI,cuba city,Diocese of Madison,WI
WI,cudahy,Archdiocese of Milwaukee,WI
WI,cumberland,Diocese of Superior,WI
WI,dakota,Diocese of Green Bay,WI
WI,dale,Diocese of Green Bay,WI
WI,dallas,Diocese of Superior,WI
WI,dane,Diocese of Madison,WI
WI,darien,Archdiocese of Milwaukee,WI
WI,darlington,Diocese of Madison,WI
WI,de pere,Diocese of Green Bay,WI
WI,decatur,Diocese of Madison,WI
WI,deerfield,Diocese of Madison,WI
WI,deforest,Diocese of Madison,WI
WI,delafield,Archdiocese of Milwaukee,WI
WI,delavan,Archdiocese of Milwaukee,WI
WI,delavan lake,Archdiocese of Milwaukee,WI
WI,dellwood,Diocese of La Crosse,WI
WI,denmark,Diocese of Green Bay,WI
WI,dickeyville,Diocese of Madison,WI
WI,dodgeville,Diocese of Madison,WI
WI,dorchester,Diocese of La Crosse,WI
WI,dousman,Archdiocese of Milwaukee,WI
WI,dresser,Diocese of Superior,WI
WI,durand,Diocese of La Crosse,WI
WI,dyckesville,Diocese of Green Bay,WI
WI,eagle,Archdiocese of Milwaukee,WI
WI,eagle lake,Archdiocese of Milwaukee,WI
WI,eagle river,Diocese of Superior,WI
WI,east troy,Archdiocese of Milwaukee,WI
WI,eastman,Diocese of La Crosse,WI
WI,easton,Diocese of La Crosse,WI
WI,eau claire,Diocese of La Crosse,WI
WI,eden,Archdiocese of Milwaukee,WI
WI,edgar,Diocese of La Crosse,WI
WI,edgerton,Diocese of Madison,WI
WI,el paso,Diocese of La Crosse,WI
WI,elcho,Diocese of Green Bay,WI
WI,eldorado,Archdiocese of Milwaukee,WI
WI,eleva,Diocese of La Crosse,WI
WI,elk mound,Diocese of La Crosse,WI
WI,elkhart lake,Archdiocese of Milwaukee,WI
WI,elkhorn,Archdiocese of Milwaukee,WI
WI,ellsworth,Diocese of La Crosse,WI
WI,elm grove,Archdiocese of Milwaukee,WI
WI,elmwood,Diocese of La Crosse,WI
WI,elmwood park,Archdiocese of Milwaukee,WI
WI,elroy,Diocese of La Crosse,WI
WI,embarrass,Diocese of Green Bay,WI
WI,endeavor,Diocese of Madison,WI
WI,ettrick,Diocese of La Crosse,WI
WI,evansville,Diocese of Madison,WI
WI,evergreen,Diocese of La Crosse,WI
WI,fairchild,Diocese of La Crosse,WI
WI,fairwater,Archdiocese of Milwaukee,WI
WI,fall creek,Diocese of La Crosse,WI
WI,fall river,Diocese of Madison,WI
WI,fennimore,Diocese of Madison,WI
WI,fitchburg,Diocese of Madison,WI
WI,florence,Diocese of Green Bay,WI
WI,fond du lac,Archdiocese of Milwaukee,WI
WI,fontana,Archdiocese of Milwaukee,WI
WI,footville,Diocese of Madison,WI
WI,forest junction,Diocese of Green Bay,WI
WI,forestville,Diocese of Green Bay,WI
WI,fort atkinson,Diocese of Madison,WI
WI,fountain city,Diocese of La Crosse,WI
WI,fox lake,Archdiocese of Milwaukee,WI
WI,fox point,Archdiocese of Milwaukee,WI
WI,francis creek,Diocese of Green Bay,WI
WI,franklin,Archdiocese of Milwaukee,WI
WI,franksville,Archdiocese of Milwaukee,WI
WI,frederic,Diocese of Superior,WI
WI,fredonia,Archdiocese of Milwaukee,WI
WI,fremont,Diocese of Green Bay,WI
WI,french island,Diocese of La Crosse,WI
WI,friendship,Diocese of La Crosse,WI
WI,friesland,Diocese of Madison,WI
WI,galesville,Diocese of La Crosse,WI
WI,gays mills,Diocese of La Crosse,WI
WI,genoa city,Archdiocese of Milwaukee,WI
WI,germantown,Archdiocese of Milwaukee,WI
WI,gibbsville,Archdiocese of Milwaukee,WI
WI,gillett,Diocese of Green Bay,WI
WI,gilman,Diocese of Superior,WI
WI,glenbeulah,Archdiocese of Milwaukee,WI
WI,glendale,Archdiocese of Milwaukee,WI
WI,glenmore,Diocese of Green Bay,WI
WI,glenwood city,Diocese of Superior,WI
WI,glidden,Diocese of Superior,WI
WI,grafton,Archdiocese of Milwaukee,WI
WI,granton,Diocese of La Crosse,WI
WI,grantsburg,Diocese of Superior,WI
WI,green bay,Diocese of Green Bay,WI
WI,green lake,Diocese of Madison,WI
WI,greendale,Archdiocese of Milwaukee,WI
WI,greenfield,Archdiocese of Milwaukee,WI
WI,greenleaf,Diocese of Green Bay,WI
WI,greenwood,Diocese of La Crosse,WI
WI,gresham,Diocese of Green Bay,WI
WI,hager city,Diocese of La Crosse,WI
WI,hales corners,Archdiocese of Milwaukee,WI
WI,hammond,Diocese of Superior,WI
WI,hancock,Diocese of Green Bay,WI
WI,harrison,Diocese of Green Bay,WI
WI,hartford,Archdiocese of Milwaukee,WI
WI,hartland,Archdiocese of Milwaukee,WI
WI,hatley,Diocese of La Crosse,WI
WI,hayward,Diocese of Superior,WI
WI,hazel green,Diocese of Madison,WI
WI,hewitt,Diocese of La Crosse,WI
WI,highland,Diocese of Madison,WI
WI,hilbert,Diocese of Green Bay,WI
WI,hillsboro,Diocese of La Crosse,WI
WI,hingham,Archdiocese of Milwaukee,WI
WI,hixton,Diocese of La Crosse,WI
WI,hobart,Diocese of Green Bay,WI
WI,holmen,Diocese of La Crosse,WI
WI,horicon,Archdiocese of Milwaukee,WI
WI,hortonville,Diocese of Green Bay,WI
WI,houlton,Diocese of Superior,WI
WI,howard,Diocese of Green Bay,WI
WI,howards grove,Archdiocese of Milwaukee,WI
WI,hudson,Diocese of Superior,WI
WI,hurley,Diocese of Superior,WI
WI,hustisford,Archdiocese of Milwaukee,WI
WI,independence,Diocese of La Crosse,WI
WI,iola,Diocese of Green Bay,WI
WI,iron ridge,Archdiocese of Milwaukee,WI
WI,iron river,Diocese of Superior,WI
WI,ixonia,Diocese of Madison,WI
WI,jackson,Archdiocese of Milwaukee,WI
WI,janesville,Diocese of Madison,WI
WI,jefferson,Diocese of Madison,WI
WI,joel,Diocese of Superior,WI
WI,johnson creek,Diocese of Madison,WI
WI,juda,Diocese of Madison,WI
WI,junction city,Diocese of La Crosse,WI
WI,juneau,Archdiocese of Milwaukee,WI
WI,kaukauna,Diocese of Green Bay,WI
WI,kellnersville,Diocese of Green Bay,WI
WI,kendall,Diocese of La Crosse,WI
WI,kenosha,Archdiocese of Milwaukee,WI
WI,kenosha streetcar,Archdiocese of Milwaukee,WI
WI,keshena,Diocese of Green Bay,WI
WI,kewaskum,Archdiocese of Milwaukee,WI
WI,kewaunee,Diocese of Green Bay,WI
WI,kiel,Diocese of Green Bay,WI
WI,kieler,Diocese of Madison,WI
WI,kimberly,Diocese of Green Bay,WI
WI,king,Diocese of Green Bay,WI
WI,kingston,Diocese of Madison,WI
WI,knapp,Diocese of La Crosse,WI
WI,kohler,Archdiocese of Milwaukee,WI
WI,krakow,Diocese of Green Bay,WI
WI,kronenwetter,Diocese of La Crosse,WI
WI,la crosse,Diocese of La Crosse,WI
WI,la farge,Diocese of La Crosse,WI
WI,la valle,Diocese of Madison,WI
WI,lac du flambeau,Diocese of Superior,WI
WI,ladysmith,Diocese of Superior,WI
WI,lake delton,Diocese of Madison,WI
WI,lake geneva,Archdiocese of Milwaukee,WI
WI,lake hallie,Diocese of La Crosse,WI
WI,lake koshkonong,Diocese of Madison,WI
WI,lake lac la belle,Diocese of Madison,WI
WI,lake mills,Diocese of Madison,WI
WI,lake nebagamon,Diocese of Superior,WI
WI,lake ripley,Diocese of Madison,WI
WI,lake shangrila,Archdiocese of Milwaukee,WI
WI,lake wazeecha,Diocese of La Crosse,WI
WI,lake wisconsin,Diocese of Madison,WI
WI,lake wissota,Diocese of La Crosse,WI
WI,lakewood,Diocese of Green Bay,WI
WI,lamartine,Archdiocese of Milwaukee,WI
WI,lancaster,Diocese of Madison,WI
WI,lannon,Archdiocese of Milwaukee,WI
WI,laona,Diocese of Green Bay,WI
WI,legend lake,Diocese of Green Bay,WI
WI,lena,Diocese of Green Bay,WI
WI,liberty,Diocese of La Crosse,WI
WI,linden,Diocese of Madison,WI
WI,little chute,Diocese of Green Bay,WI
WI,little round lake,Diocese of Superior,WI
WI,livingston,Diocese of Madison,WI
WI,lodi,Diocese of Madison,WI
WI,loganville,Diocese of Madison,WI
WI,lohrville,Diocese of Green Bay,WI
WI,lomira,Archdiocese of Milwaukee,WI
WI,lone rock,Diocese of La Crosse,WI
WI,lowell,Archdiocese of Milwaukee,WI
WI,loyal,Diocese of La Crosse,WI
WI,luck,Diocese of Superior,WI
WI,luxemburg,Diocese of Green Bay,WI
WI,lyndon station,Diocese of La Crosse,WI
WI,madison,Diocese of Madison,WI
WI,maine,Diocese of La Crosse,WI
WI,manawa,Diocese of Green Bay,WI
WI,manchester,Diocese of Madison,WI
WI,manitowoc,Diocese of Green Bay,WI
WI,maple bluff,Diocese of Madison,WI
WI,maple grove,Diocese of Green Bay,WI
WI,marathon,Diocese of La Crosse,WI
WI,maribel,Diocese of Green Bay,WI
WI,marinette,Diocese of Green Bay,WI
WI,marion,Diocese of Green Bay,WI
WI,markesan,Diocese of Madison,WI
WI,marshall,Diocese of Madison,WI
WI,marshfield,Diocese of La Crosse,WI
WI,mattoon,Diocese of Green Bay,WI
WI,mauston,Diocese of La Crosse,WI
WI,mayville,Archdiocese of Milwaukee,WI
WI,mazomanie,Diocese of Madison,WI
WI,mcfarland,Diocese of Madison,WI
WI,medford,Diocese of Superior,WI
WI,meeme,Diocese of Green Bay,WI
WI,mellen,Diocese of Superior,WI
WI,melrose,Diocese of La Crosse,WI
WI,menasha,Diocese of Green Bay,WI
WI,menomonee falls,Archdiocese of Milwaukee,WI
WI,menomonie,Diocese of La Crosse,WI
WI,mequon,Archdiocese of Milwaukee,WI
WI,mercer,Diocese of Superior,WI
WI,merrill,Diocese of Superior,WI
WI,merrillan,Diocese of La Crosse,WI
WI,merrimac,Diocese of Madison,WI
WI,merton,Archdiocese of Milwaukee,WI
WI,middle inlet,Diocese of Green Bay,WI
WI,middleton,Diocese of Madison,WI
WI,milford,Diocese of Madison,WI
WI,milltown,Diocese of Superior,WI
WI,milton,Diocese of Madison,WI
WI,milwaukee,Archdiocese of Milwaukee,WI
WI,mineral point,Diocese of Madison,WI
WI,minocqua,Diocese of Superior,WI
WI,minong,Diocese of Superior,WI
WI,mishicot,Diocese of Green Bay,WI
WI,mole lake,Diocese of Green Bay,WI
WI,mondovi,Diocese of La Crosse,WI
WI,monona,Diocese of Madison,WI
WI,monroe,Diocese of Madison,WI
WI,montello,Diocese of Madison,WI
WI,montfort,Diocese of Madison,WI
WI,monticello,Diocese of Madison,WI
WI,montreal,Diocese of Superior,WI
WI,mosinee,Diocese of La Crosse,WI
WI,mount calvary,Archdiocese of Milwaukee,WI
WI,mount horeb,Diocese of Madison,WI
WI,mount morris,Diocese of Green Bay,WI
WI,mount pleasant,Archdiocese of Milwaukee,WI
WI,mountain,Diocese of Green Bay,WI
WI,mukwonago,Archdiocese of Milwaukee,WI
WI,muscoda,Diocese of Madison,WI
WI,muskego,Archdiocese of Milwaukee,WI
WI,nashotah,Archdiocese of Milwaukee,WI
WI,nashville,Diocese of Green Bay,WI
WI,necedah,Diocese of La Crosse,WI
WI,neenah,Diocese of Green Bay,WI
WI,neillsville,Diocese of La Crosse,WI
WI,nekoosa,Diocese of La Crosse,WI
WI,nelson,Diocese of La Crosse,WI
WI,neopit,Diocese of Green Bay,WI
WI,neosho,Archdiocese of Milwaukee,WI
WI,neshkoro,Diocese of Madison,WI
WI,new auburn,Diocese of La Crosse,WI
WI,new berlin,Archdiocese of Milwaukee,WI
WI,new glarus,Diocese of Madison,WI
WI,new holstein,Diocese of Green Bay,WI
WI,new lisbon,Diocese of La Crosse,WI
WI,new london,Diocese of Green Bay,WI
WI,new odanah,Diocese of Superior,WI
WI,new post,Diocese of Superior,WI
WI,new richmond,Diocese of Superior,WI
WI,newburg,Archdiocese of Milwaukee,WI
WI,niagara,Diocese of Green Bay,WI
WI,north fond du lac,Archdiocese of Milwaukee,WI
WI,north freedom,Diocese of Madison,WI
WI,north hudson,Diocese of Superior,WI
WI,north la crosse,Diocese of La Crosse,WI
WI,north prairie,Archdiocese of Milwaukee,WI
WI,northport,Diocese of Green Bay,WI
WI,norwalk,Diocese of La Crosse,WI
WI,oak creek,Archdiocese of Milwaukee,WI
WI,oakfield,Archdiocese of Milwaukee,WI
WI,oconomowoc,Archdiocese of Milwaukee,WI
WI,oconomowoc lake,Archdiocese of Milwaukee,WI
WI,oconto,Diocese of Green Bay,WI
WI,oconto falls,Diocese of Green Bay,WI
WI,okauchee lake,Archdiocese of Milwaukee,WI
WI,oliver,Diocese of Superior,WI
WI,omro,Diocese of Green Bay,WI
WI,onalaska,Diocese of La Crosse,WI
WI,oneida,Diocese of Green Bay,WI
WI,ontario,Diocese of La Crosse,WI
WI,oostburg,Archdiocese of Milwaukee,WI
WI,oregon,Diocese of Madison,WI
WI,orfordville,Diocese of Madison,WI
WI,osceola,Diocese of Superior,WI
WI,oshkosh,Diocese of Green Bay,WI
WI,osseo,Diocese of La Crosse,WI
WI,owen,Diocese of La Crosse,WI
WI,oxford,Diocese of Madison,WI
WI,paddock lake,Archdiocese of Milwaukee,WI
WI,palmyra,Diocese of Madison,WI
WI,pardeeville,Diocese of Madison,WI
WI,park falls,Diocese of Superior,WI
WI,park ridge,Diocese of La Crosse,WI
WI,pell lake,Archdiocese of Milwaukee,WI
WI,pepin,Diocese of La Crosse,WI
WI,peshtigo,Diocese of Green Bay,WI
WI,pewaukee,Archdiocese of Milwaukee,WI
WI,phillips,Diocese of Superior,WI
WI,pigeon falls,Diocese of La Crosse,WI
WI,pittsfield,Diocese of Green Bay,WI
WI,pittsville,Diocese of La Crosse,WI
WI,plain,Diocese of Madison,WI
WI,plainfield,Diocese of Green Bay,WI
WI,platteville,Diocese of Madison,WI
WI,pleasant prairie,Archdiocese of Milwaukee,WI
WI,plover,Diocese of La Crosse,WI
WI,plum city,Diocese of La Crosse,WI
WI,plymouth,Archdiocese of Milwaukee,WI
WI,polonia,Diocese of La Crosse,WI
WI,poplar,Diocese of Superior,WI
WI,port edwards,Diocese of La Crosse,WI
WI,port washington,Archdiocese of Milwaukee,WI
WI,portage,Diocese of Madison,WI
WI,portland,Diocese of La Crosse,WI
WI,post lake,Diocese of Green Bay,WI
WI,potosi,Diocese of Madison,WI
WI,potter lake,Archdiocese of Milwaukee,WI
WI,pound,Diocese of Green Bay,WI
WI,powers lake,Archdiocese of Milwaukee,WI
WI,poy sippi,Diocese of Green Bay,WI
WI,poynette,Diocese of Madison,WI
WI,prairie du chien,Diocese of La Crosse,WI
WI,prairie du sac,Diocese of Madison,WI
WI,prairie farm,Diocese of Superior,WI
WI,prentice,Diocese of Superior,WI
WI,prescott,Diocese of La Crosse,WI
WI,princeton,Diocese of Madison,WI
WI,pulaski,Diocese of Green Bay,WI
WI,racine,Archdiocese of Milwaukee,WI
WI,randolph,Archdiocese of Milwaukee,WI
WI,random lake,Archdiocese of Milwaukee,WI
WI,readstown,Diocese of La Crosse,WI
WI,redgranite,Diocese of Green Bay,WI
WI,reedsburg,Diocese of Madison,WI
WI,reedsville,Diocese of Green Bay,WI
WI,reeseville,Archdiocese of Milwaukee,WI
WI,reserve,Diocese of Superior,WI
WI,rhinelander,Diocese of Superior,WI
WI,rib lake,Diocese of Superior,WI
WI,rib mountain,Diocese of La Crosse,WI
WI,rice lake,Diocese of Superior,WI
WI,richfield,Archdiocese of Milwaukee,WI
WI,richland center,Diocese of La Crosse,WI
WI,richmond,Archdiocese of Milwaukee,WI
WI,ridgeway,Diocese of Madison,WI
WI,rio,Diocese of Madison,WI
WI,ripon,Archdiocese of Milwaukee,WI
WI,river falls,Diocese of La Crosse,WI
WI,river hills,Archdiocese of Milwaukee,WI
WI,roberts,Diocese of Superior,WI
WI,rochester,Archdiocese of Milwaukee,WI
WI,rock springs,Diocese of Madison,WI
WI,rockland,Diocese of La Crosse,WI
WI,rosendale,Archdiocese of Milwaukee,WI
WI,rosholt,Diocese of La Crosse,WI
WI,rothschild,Diocese of La Crosse,WI
WI,roxbury,Diocese of Madison,WI
WI,rudolph,Diocese of La Crosse,WI
WI,rutland,Diocese of Madison,WI
WI,salem,Archdiocese of Milwaukee,WI
WI,sandy hook,Diocese of Madison,WI
WI,sauk city,Diocese of Madison,WI
WI,saukville,Archdiocese of Milwaukee,WI
WI,saxeville,Diocese of Green Bay,WI
WI,scandinavia,Diocese of Green Bay,WI
WI,schofield,Diocese of La Crosse,WI
WI,sextonville,Diocese of La Crosse,WI
WI,sharon,Archdiocese of Milwaukee,WI
WI,shawano,Diocese of Green Bay,WI
WI,sheboygan,Archdiocese of Milwaukee,WI
WI,sheboygan falls,Archdiocese of Milwaukee,WI
WI,shell lake,Diocese of Superior,WI
WI,sherry,Diocese of La Crosse,WI
WI,sherwood,Diocese of Green Bay,WI
WI,shiocton,Diocese of Green Bay,WI
WI,shorewood,Archdiocese of Milwaukee,WI
WI,shorewood hills,Diocese of Madison,WI
WI,shullsburg,Diocese of Madison,WI
WI,siren,Diocese of Superior,WI
WI,sister bay,Diocese of Green Bay,WI
WI,slinger,Archdiocese of Milwaukee,WI
WI,soldiers grove,Diocese of La Crosse,WI
WI,solon springs,Diocese of Superior,WI
WI,somers,Archdiocese of Milwaukee,WI
WI,somerset,Diocese of Superior,WI
WI,south milwaukee,Archdiocese of Milwaukee,WI
WI,south wayne,Diocese of Madison,WI
WI,sparta,Diocese of La Crosse,WI
WI,spencer,Diocese of La Crosse,WI
WI,spooner,Diocese of Superior,WI
WI,spring green,Diocese of Madison,WI
WI,spring valley,Diocese of La Crosse,WI
WI,st cloud,Archdiocese of Milwaukee,WI
WI,st croix falls,Diocese of Superior,WI
WI,st francis,Archdiocese of Milwaukee,WI
WI,st joseph,Diocese of La Crosse,WI
WI,st nazianz,Diocese of Green Bay,WI
WI,st peter,Archdiocese of Milwaukee,WI
WI,stanley,Diocese of La Crosse,WI
WI,star prairie,Diocese of Superior,WI
WI,stetsonville,Diocese of Superior,WI
WI,stevens point,Diocese of La Crosse,WI
WI,stockbridge,Diocese of Green Bay,WI
WI,stoddard,Diocese of La Crosse,WI
WI,stoughton,Diocese of Madison,WI
WI,stratford,Diocese of La Crosse,WI
WI,strum,Diocese of La Crosse,WI
WI,sturgeon bay,Diocese of Green Bay,WI
WI,sturtevant,Archdiocese of Milwaukee,WI
WI,suamico,Diocese of Green Bay,WI
WI,sullivan,Diocese of Madison,WI
WI,sun prairie,Diocese of Madison,WI
WI,superior,Diocese of Superior,WI
WI,superior village,Diocese of Superior,WI
WI,suring,Diocese of Green Bay,WI
WI,sussex,Archdiocese of Milwaukee,WI
WI,sylvan,Diocese of La Crosse,WI
WI,tainter lake,Diocese of La Crosse,WI
WI,taycheedah,Archdiocese of Milwaukee,WI
WI,taylor,Diocese of La Crosse,WI
WI,tennyson,Diocese of Madison,WI
WI,theresa,Archdiocese of Milwaukee,WI
WI,thiensville,Archdiocese of Milwaukee,WI
WI,thorp,Diocese of La Crosse,WI
WI,three lakes,Diocese of Superior,WI
WI,tichigan,Archdiocese of Milwaukee,WI
WI,tigerton,Diocese of Green Bay,WI
WI,tomah,Diocese of La Crosse,WI
WI,tomahawk,Diocese of Superior,WI
WI,trempealeau,Diocese of La Crosse,WI
WI,turtle lake,Diocese of Superior,WI
WI,twin lakes,Archdiocese of Milwaukee,WI
WI,two rivers,Diocese of Green Bay,WI
WI,union grove,Archdiocese of Milwaukee,WI
WI,unity,Diocese of La Crosse,WI
WI,valders,Diocese of Green Bay,WI
WI,vermont,Diocese of Madison,WI
WI,verona,Diocese of Madison,WI
WI,vesper,Diocese of La Crosse,WI
WI,viola,Diocese of La Crosse,WI
WI,viroqua,Diocese of La Crosse,WI
WI,wabeno,Diocese of Green Bay,WI
WI,waldo,Archdiocese of Milwaukee,WI
WI,wales,Archdiocese of Milwaukee,WI
WI,walworth,Archdiocese of Milwaukee,WI
WI,warrens,Diocese of La Crosse,WI
WI,washburn,Diocese of Superior,WI
WI,washington,Diocese of Green Bay,WI
WI,waterford,Archdiocese of Milwaukee,WI
WI,waterloo,Diocese of Madison,WI
WI,watertown,Diocese of Madison,WI
WI,waubeka,Archdiocese of Milwaukee,WI
WI,waukesha,Archdiocese of Milwaukee,WI
WI,waunakee,Diocese of Madison,WI
WI,waupaca,Diocese of Green Bay,WI
WI,waupun,Archdiocese of Milwaukee,WI
WI,wausau,Diocese of La Crosse,WI
WI,wausaukee,Diocese of Green Bay,WI
WI,wautoma,Diocese of Green Bay,WI
WI,wauwatosa,Archdiocese of Milwaukee,WI
WI,wauzeka,Diocese of La Crosse,WI
WI,webster,Diocese of Superior,WI
WI,west allis,Archdiocese of Milwaukee,WI
WI,west baraboo,Diocese of Madison,WI
WI,west bend,Archdiocese of Milwaukee,WI
WI,west milwaukee,Archdiocese of Milwaukee,WI
WI,west salem,Diocese of La Crosse,WI
WI,westby,Diocese of La Crosse,WI
WI,westfield,Diocese of Madison,WI
WI,weston,Diocese of La Crosse,WI
WI,weyauwega,Diocese of Green Bay,WI
WI,wheeler,Diocese of La Crosse,WI
WI,white lake,Diocese of Green Bay,WI
WI,whitefish bay,Archdiocese of Milwaukee,WI
WI,whitehall,Diocese of La Crosse,WI
WI,whitelaw,Diocese of Green Bay,WI
WI,whitewater,Archdiocese of Milwaukee,WI
WI,whiting,Diocese of La Crosse,WI
WI,wild rose,Diocese of Green Bay,WI
WI,williams bay,Archdiocese of Milwaukee,WI
WI,wilmot,Archdiocese of Milwaukee,WI
WI,wilton,Diocese of La Crosse,WI
WI,winchester,Diocese of Green Bay,WI
WI,wind lake,Archdiocese of Milwaukee,WI
WI,wind point,Archdiocese of Milwaukee,WI
WI,windsor,Diocese of Madison,WI
WI,winneconne,Diocese of Green Bay,WI
WI,wisconsin dells,Diocese of Madison,WI
WI,wisconsin rapids,Diocese of La Crosse,WI
WI,withee,Diocese of La Crosse,WI
WI,wittenberg,Diocese of Green Bay,WI
WI,wonewoc,Diocese of La Crosse,WI
WI,woodruff,Diocese of Superior,WI
WI,woodville,Diocese of Superior,WI
WI,wrightstown,Diocese of Green Bay,WI
WI,wyalusing,Diocese of Madison,WI
WI,wyocena,Diocese of Madison,WI
WV,accoville,Diocese of Wheeling–Charleston,WV
WV,albright,Diocese of Wheeling–Charleston,WV
WV,alderson,Diocese of Wheeling–Charleston,WV
WV,alum creek,Diocese of Wheeling–Charleston,WV
WV,amherstdale,Diocese of Wheeling–Charleston,WV
WV,anmoore,Diocese of Wheeling–Charleston,WV
WV,ansted,Diocese of Wheeling–Charleston,WV
WV,athens,Diocese of Wheeling–Charleston,WV
WV,augusta,Diocese of Wheeling–Charleston,WV
WV,bancroft,Diocese of Wheeling–Charleston,WV
WV,barboursville,Diocese of Wheeling–Charleston,WV
WV,barrackville,Diocese of Wheeling–Charleston,WV
WV,beaver,Diocese of Wheeling–Charleston,WV
WV,beckley,Diocese of Wheeling–Charleston,WV
WV,beech bottom,Diocese of Wheeling–Charleston,WV
WV,belington,Diocese of Wheeling–Charleston,WV
WV,belle,Diocese of Wheeling–Charleston,WV
WV,belmont,Diocese of Wheeling–Charleston,WV
WV,benwood,Diocese of Wheeling–Charleston,WV
WV,berkeley springs,Diocese of Wheeling–Charleston,WV
WV,bethany,Diocese of Wheeling–Charleston,WV
WV,bethlehem,Diocese of Wheeling–Charleston,WV
WV,beverly,Diocese of Wheeling–Charleston,WV
WV,big chimney,Diocese of Wheeling–Charleston,WV
WV,blennerhassett,Diocese of Wheeling–Charleston,WV
WV,bluefield,Diocese of Wheeling–Charleston,WV
WV,bluewell,Diocese of Wheeling–Charleston,WV
WV,boaz,Diocese of Wheeling–Charleston,WV
WV,bolivar,Diocese of Wheeling–Charleston,WV
WV,bolt,Diocese of Wheeling–Charleston,WV
WV,boomer,Diocese of Wheeling–Charleston,WV
WV,bradley,Diocese of Wheeling–Charleston,WV
WV,bradshaw,Diocese of Wheeling–Charleston,WV
WV,bramwell,Diocese of Wheeling–Charleston,WV
WV,bridgeport,Diocese of Wheeling–Charleston,WV
WV,brookhaven,Diocese of Wheeling–Charleston,WV
WV,bruno,Diocese of Wheeling–Charleston,WV
WV,brush fork,Diocese of Wheeling–Charleston,WV
WV,buckhannon,Diocese of Wheeling–Charleston,WV
WV,bud,Diocese of Wheeling–Charleston,WV
WV,buffalo,Diocese of Wheeling–Charleston,WV
WV,burnsville,Diocese of Wheeling–Charleston,WV
WV,cameron,Diocese of Wheeling–Charleston,WV
WV,capon bridge,Diocese of Wheeling–Charleston,WV
WV,carolina,Diocese of Wheeling–Charleston,WV
WV,carpendale,Diocese of Wheeling–Charleston,WV
WV,cassville,Diocese of Wheeling–Charleston,WV
WV,cedar grove,Diocese of Wheeling–Charleston,WV
WV,ceredo,Diocese of Wheeling–Charleston,WV
WV,chapmanville,Diocese of Wheeling–Charleston,WV
WV,charles town,Diocese of Wheeling–Charleston,WV
WV,charleston,Diocese of Wheeling–Charleston,WV
WV,charlton heights,Diocese of Wheeling–Charleston,WV
WV,chattaroy,Diocese of Wheeling–Charleston,WV
WV,cheat lake,Diocese of Wheeling–Charleston,WV
WV,chelyan,Diocese of Wheeling–Charleston,WV
WV,chesapeake,Diocese of Wheeling–Charleston,WV
WV,chester,Diocese of Wheeling–Charleston,WV
WV,clarksburg,Diocese of Wheeling–Charleston,WV
WV,clay,Diocese of Wheeling–Charleston,WV
WV,clearview,Diocese of Wheeling–Charleston,WV
WV,clendenin,Diocese of Wheeling–Charleston,WV
WV,coal city,Diocese of Wheeling–Charleston,WV
WV,coal fork,Diocese of Wheeling–Charleston,WV
WV,coalton,Diocese of Wheeling–Charleston,WV
WV,comfort,Diocese of Wheeling–Charleston,WV
WV,corinne,Diocese of Wheeling–Charleston,WV
WV,cowen,Diocese of Wheeling–Charleston,WV
WV,crab orchard,Diocese of Wheeling–Charleston,WV
WV,craigsville,Diocese of Wheeling–Charleston,WV
WV,cross lanes,Diocese of Wheeling–Charleston,WV
WV,culloden,Diocese of Wheeling–Charleston,WV
WV,daniels,Diocese of Wheeling–Charleston,WV
WV,danville,Diocese of Wheeling–Charleston,WV
WV,davis,Diocese of Wheeling–Charleston,WV
WV,davy,Diocese of Wheeling–Charleston,WV
WV,delbarton,Diocese of Wheeling–Charleston,WV
WV,despard,Diocese of Wheeling–Charleston,WV
WV,dunbar,Diocese of Wheeling–Charleston,WV
WV,east bank,Diocese of Wheeling–Charleston,WV
WV,east dailey,Diocese of Wheeling–Charleston,WV
WV,eccles,Diocese of Wheeling–Charleston,WV
WV,eleanor,Diocese of Wheeling–Charleston,WV
WV,elizabeth,Diocese of Wheeling–Charleston,WV
WV,elkins,Diocese of Wheeling–Charleston,WV
WV,elkview,Diocese of Wheeling–Charleston,WV
WV,ellenboro,Diocese of Wheeling–Charleston,WV
WV,enterprise,Diocese of Wheeling–Charleston,WV
WV,fairlea,Diocese of Wheeling–Charleston,WV
WV,fairmont,Diocese of Wheeling–Charleston,WV
WV,fairview,Diocese of Wheeling–Charleston,WV
WV,falling waters,Diocese of Wheeling–Charleston,WV
WV,farmington,Diocese of Wheeling–Charleston,WV
WV,fayetteville,Diocese of Wheeling–Charleston,WV
WV,flemington,Diocese of Wheeling–Charleston,WV
WV,follansbee,Diocese of Wheeling–Charleston,WV
WV,fort ashby,Diocese of Wheeling–Charleston,WV
WV,fort gay,Diocese of Wheeling–Charleston,WV
WV,franklin,Diocese of Wheeling–Charleston,WV
WV,gallipolis ferry,Diocese of Wheeling–Charleston,WV
WV,gary,Diocese of Wheeling–Charleston,WV
WV,gassaway,Diocese of Wheeling–Charleston,WV
WV,gauley bridge,Diocese of Wheeling–Charleston,WV
WV,ghent,Diocese of Wheeling–Charleston,WV
WV,gilbert,Diocese of Wheeling–Charleston,WV
WV,gilbert creek,Diocese of Wheeling–Charleston,WV
WV,glasgow,Diocese of Wheeling–Charleston,WV
WV,glen fork,Diocese of Wheeling–Charleston,WV
WV,glendale,Diocese of Wheeling–Charleston,WV
WV,glenville,Diocese of Wheeling–Charleston,WV
WV,grafton,Diocese of Wheeling–Charleston,WV
WV,grant town,Diocese of Wheeling–Charleston,WV
WV,grantsville,Diocese of Wheeling–Charleston,WV
WV,granville,Diocese of Wheeling–Charleston,WV
WV,great cacapon,Diocese of Wheeling–Charleston,WV
WV,greenview,Diocese of Wheeling–Charleston,WV
WV,gypsy,Diocese of Wheeling–Charleston,WV
WV,hamlin,Diocese of Wheeling–Charleston,WV
WV,handley,Diocese of Wheeling–Charleston,WV
WV,harrisville,Diocese of Wheeling–Charleston,WV
WV,hartford city,Diocese of Wheeling–Charleston,WV
WV,harts,Diocese of Wheeling–Charleston,WV
WV,hedgesville,Diocese of Wheeling–Charleston,WV
WV,henlawson,Diocese of Wheeling–Charleston,WV
WV,hepzibah,Diocese of Wheeling–Charleston,WV
WV,hilltop,Diocese of Wheeling–Charleston,WV
WV,hinton,Diocese of Wheeling–Charleston,WV
WV,holden,Diocese of Wheeling–Charleston,WV
WV,hometown,Diocese of Wheeling–Charleston,WV
WV,hooverson heights,Diocese of Wheeling–Charleston,WV
WV,huntington,Diocese of Wheeling–Charleston,WV
WV,hurricane,Diocese of Wheeling–Charleston,WV
WV,idamay,Diocese of Wheeling–Charleston,WV
WV,inwood,Diocese of Wheeling–Charleston,WV
WV,jane lew,Diocese of Wheeling–Charleston,WV
WV,jefferson,Diocese of Wheeling–Charleston,WV
WV,junior,Diocese of Wheeling–Charleston,WV
WV,justice,Diocese of Wheeling–Charleston,WV
WV,kenova,Diocese of Wheeling–Charleston,WV
WV,kermit,Diocese of Wheeling–Charleston,WV
WV,keyser,Diocese of Wheeling–Charleston,WV
WV,keystone,Diocese of Wheeling–Charleston,WV
WV,kingwood,Diocese of Wheeling–Charleston,WV
WV,kistler,Diocese of Wheeling–Charleston,WV
WV,kopperston,Diocese of Wheeling–Charleston,WV
WV,lashmeet,Diocese of Wheeling–Charleston,WV
WV,lavalette,Diocese of Wheeling–Charleston,WV
WV,lesage,Diocese of Wheeling–Charleston,WV
WV,lester,Diocese of Wheeling–Charleston,WV
WV,lewisburg,Diocese of Wheeling–Charleston,WV
WV,logan,Diocese of Wheeling–Charleston,WV
WV,lost creek,Diocese of Wheeling–Charleston,WV
WV,lubeck,Diocese of Wheeling–Charleston,WV
WV,lumberport,Diocese of Wheeling–Charleston,WV
WV,mabscott,Diocese of Wheeling–Charleston,WV
WV,macarthur,Diocese of Wheeling–Charleston,WV
WV,madison,Diocese of Wheeling–Charleston,WV
WV,mallory,Diocese of Wheeling–Charleston,WV
WV,man,Diocese of Wheeling–Charleston,WV
WV,mannington,Diocese of Wheeling–Charleston,WV
WV,marlinton,Diocese of Wheeling–Charleston,WV
WV,marmet,Diocese of Wheeling–Charleston,WV
WV,martinsburg,Diocese of Wheeling–Charleston,WV
WV,maryland junction,Diocese of Wheeling–Charleston,WV
WV,mason,Diocese of Wheeling–Charleston,WV
WV,masontown,Diocese of Wheeling–Charleston,WV
WV,matewan,Diocese of Wheeling–Charleston,WV
WV,matheny,Diocese of Wheeling–Charleston,WV
WV,mcconnell,Diocese of Wheeling–Charleston,WV
WV,mcmechen,Diocese of Wheeling–Charleston,WV
WV,meadow bridge,Diocese of Wheeling–Charleston,WV
WV,middlebourne,Diocese of Wheeling–Charleston,WV
WV,middleway,Diocese of Wheeling–Charleston,WV
WV,mill creek,Diocese of Wheeling–Charleston,WV
WV,milton,Diocese of Wheeling–Charleston,WV
WV,mineral wells,Diocese of Wheeling–Charleston,WV
WV,mitchell heights,Diocese of Wheeling–Charleston,WV
WV,monaville,Diocese of Wheeling–Charleston,WV
WV,monongah,Diocese of Wheeling–Charleston,WV
WV,montcalm,Diocese of Wheeling–Charleston,WV
WV,montgomery,Diocese of Wheeling–Charleston,WV
WV,moorefield,Diocese of Wheeling–Charleston,WV
WV,morgantown,Diocese of Wheeling–Charleston,WV
WV,moundsville,Diocese of Wheeling–Charleston,WV
WV,mount carbon,Diocese of Wheeling–Charleston,WV
WV,mount gayshamrock,Diocese of Wheeling–Charleston,WV
WV,mount hope,Diocese of Wheeling–Charleston,WV
WV,mullens,Diocese of Wheeling–Charleston,WV
WV,nettie,Diocese of Wheeling–Charleston,WV
WV,new cumberland,Diocese of Wheeling–Charleston,WV
WV,new haven,Diocese of Wheeling–Charleston,WV
WV,new martinsville,Diocese of Wheeling–Charleston,WV
WV,newburg,Diocese of Wheeling–Charleston,WV
WV,newell,Diocese of Wheeling–Charleston,WV
WV,nitro,Diocese of Wheeling–Charleston,WV
WV,north hills,Diocese of Wheeling–Charleston,WV
WV,northfork,Diocese of Wheeling–Charleston,WV
WV,nutter fort,Diocese of Wheeling–Charleston,WV
WV,oak hill,Diocese of Wheeling–Charleston,WV
WV,oceana,Diocese of Wheeling–Charleston,WV
WV,omar,Diocese of Wheeling–Charleston,WV
WV,paden city,Diocese of Wheeling–Charleston,WV
WV,parkersburg,Diocese of Wheeling–Charleston,WV
WV,parsons,Diocese of Wheeling–Charleston,WV
WV,paw paw,Diocese of Wheeling–Charleston,WV
WV,pea ridge,Diocese of Wheeling–Charleston,WV
WV,pennsboro,Diocese of Wheeling–Charleston,WV
WV,petersburg,Diocese of Wheeling–Charleston,WV
WV,peterstown,Diocese of Wheeling–Charleston,WV
WV,philippi,Diocese of Wheeling–Charleston,WV
WV,piedmont,Diocese of Wheeling–Charleston,WV
WV,pinch,Diocese of Wheeling–Charleston,WV
WV,pine grove,Diocese of Wheeling–Charleston,WV
WV,pineville,Diocese of Wheeling–Charleston,WV
WV,piney view,Diocese of Wheeling–Charleston,WV
WV,pleasant valley,Diocese of Wheeling–Charleston,WV
WV,poca,Diocese of Wheeling–Charleston,WV
WV,point pleasant,Diocese of Wheeling–Charleston,WV
WV,powellton,Diocese of Wheeling–Charleston,WV
WV,pratt,Diocese of Wheeling–Charleston,WV
WV,prichard,Diocese of Wheeling–Charleston,WV
WV,princeton,Diocese of Wheeling–Charleston,WV
WV,prosperity,Diocese of Wheeling–Charleston,WV
WV,rainelle,Diocese of Wheeling–Charleston,WV
WV,rand,Diocese of Wheeling–Charleston,WV
WV,ranson,Diocese of Wheeling–Charleston,WV
WV,ravenswood,Diocese of Wheeling–Charleston,WV
WV,raysal,Diocese of Wheeling–Charleston,WV
WV,reader,Diocese of Wheeling–Charleston,WV
WV,red jacket,Diocese of Wheeling–Charleston,WV
WV,reedsville,Diocese of Wheeling–Charleston,WV
WV,richwood,Diocese of Wheeling–Charleston,WV
WV,ridgeley,Diocese of Wheeling–Charleston,WV
WV,ripley,Diocese of Wheeling–Charleston,WV
WV,rivesville,Diocese of Wheeling–Charleston,WV
WV,robinette,Diocese of Wheeling–Charleston,WV
WV,romney,Diocese of Wheeling–Charleston,WV
WV,ronceverte,Diocese of Wheeling–Charleston,WV
WV,rossmore,Diocese of Wheeling–Charleston,WV
WV,rowlesburg,Diocese of Wheeling–Charleston,WV
WV,rupert,Diocese of Wheeling–Charleston,WV
WV,salem,Diocese of Wheeling–Charleston,WV
WV,salt rock,Diocese of Wheeling–Charleston,WV
WV,sarah ann,Diocese of Wheeling–Charleston,WV
WV,scarbro,Diocese of Wheeling–Charleston,WV
WV,shady spring,Diocese of Wheeling–Charleston,WV
WV,shannondale,Diocese of Wheeling–Charleston,WV
WV,shenandoah junction,Diocese of Wheeling–Charleston,WV
WV,shepherdstown,Diocese of Wheeling–Charleston,WV
WV,shinnston,Diocese of Wheeling–Charleston,WV
WV,shrewsbury,Diocese of Wheeling–Charleston,WV
WV,sissonville,Diocese of Wheeling–Charleston,WV
WV,sistersville,Diocese of Wheeling–Charleston,WV
WV,smithers,Diocese of Wheeling–Charleston,WV
WV,sophia,Diocese of Wheeling–Charleston,WV
WV,south charleston,Diocese of Wheeling–Charleston,WV
WV,spelter,Diocese of Wheeling–Charleston,WV
WV,spencer,Diocese of Wheeling–Charleston,WV
WV,springfield,Diocese of Wheeling–Charleston,WV
WV,st albans,Diocese of Wheeling–Charleston,WV
WV,st marys,Diocese of Wheeling–Charleston,WV
WV,stanaford,Diocese of Wheeling–Charleston,WV
WV,star city,Diocese of Wheeling–Charleston,WV
WV,stollings,Diocese of Wheeling–Charleston,WV
WV,stonewood,Diocese of Wheeling–Charleston,WV
WV,summersville,Diocese of Wheeling–Charleston,WV
WV,sutton,Diocese of Wheeling–Charleston,WV
WV,switzer,Diocese of Wheeling–Charleston,WV
WV,teays valley,Diocese of Wheeling–Charleston,WV
WV,terra alta,Diocese of Wheeling–Charleston,WV
WV,thomas,Diocese of Wheeling–Charleston,WV
WV,tornado,Diocese of Wheeling–Charleston,WV
WV,triadelphia,Diocese of Wheeling–Charleston,WV
WV,union,Diocese of Wheeling–Charleston,WV
WV,valley bend,Diocese of Wheeling–Charleston,WV
WV,valley grove,Diocese of Wheeling–Charleston,WV
WV,verdunville,Diocese of Wheeling–Charleston,WV
WV,vienna,Diocese of Wheeling–Charleston,WV
WV,war,Diocese of Wheeling–Charleston,WV
WV,washington,Diocese of Wheeling–Charleston,WV
WV,waverly,Diocese of Wheeling–Charleston,WV
WV,wayne,Diocese of Wheeling–Charleston,WV
WV,webster springs,Diocese of Wheeling–Charleston,WV
WV,weirton,Diocese of Wheeling–Charleston,WV
WV,weirton heights,Diocese of Wheeling–Charleston,WV
WV,welch,Diocese of Wheeling–Charleston,WV
WV,wellsburg,Diocese of Wheeling–Charleston,WV
WV,west hamlin,Diocese of Wheeling–Charleston,WV
WV,west liberty,Diocese of Wheeling–Charleston,WV
WV,west logan,Diocese of Wheeling–Charleston,WV
WV,west milford,Diocese of Wheeling–Charleston,WV
WV,west union,Diocese of Wheeling–Charleston,WV
WV,weston,Diocese of Wheeling–Charleston,WV
WV,westover,Diocese of Wheeling–Charleston,WV
WV,wheeling,Diocese of Wheeling–Charleston,WV
WV,white hall,Diocese of Wheeling–Charleston,WV
WV,white sulphur springs,Diocese of Wheeling–Charleston,WV
WV,whitesville,Diocese of Wheeling–Charleston,WV
WV,wiley ford,Diocese of Wheeling–Charleston,WV
WV,williamson,Diocese of Wheeling–Charleston,WV
WV,williamstown,Diocese of Wheeling–Charleston,WV
WV,windsor heights,Diocese of Wheeling–Charleston,WV
WV,winfield,Diocese of Wheeling–Charleston,WV
WY,afton,Diocese of Cheyenne,WY
WY,airport road,Diocese of Cheyenne,WY
WY,alpine,Diocese of Cheyenne,WY
WY,alta,Diocese of Cheyenne,WY
WY,antelope valleycrestview,Diocese of Cheyenne,WY
WY,arapahoe,Diocese of Cheyenne,WY
WY,auburn,Diocese of Cheyenne,WY
WY,baggs,Diocese of Cheyenne,WY
WY,bar nunn,Diocese of Cheyenne,WY
WY,basin,Diocese of Cheyenne,WY
WY,bear river,Diocese of Cheyenne,WY
WY,big horn,Diocese of Cheyenne,WY
WY,big piney,Diocese of Cheyenne,WY
WY,boulder flats,Diocese of Cheyenne,WY
WY,buffalo,Diocese of Cheyenne,WY
WY,burlington,Diocese of Cheyenne,WY
WY,burns,Diocese of Cheyenne,WY
WY,byron,Diocese of Cheyenne,WY
WY,casper,Diocese of Cheyenne,WY
WY,casper mountain,Diocese of Cheyenne,WY
WY,cheyenne,Diocese of Cheyenne,WY
WY,clearview acres,Diocese of Cheyenne,WY
WY,cody,Diocese of Cheyenne,WY
WY,cokeville,Diocese of Cheyenne,WY
WY,cowley,Diocese of Cheyenne,WY
WY,dayton,Diocese of Cheyenne,WY
WY,diamondville,Diocese of Cheyenne,WY
WY,douglas,Diocese of Cheyenne,WY
WY,dubois,Diocese of Cheyenne,WY
WY,encampment,Diocese of Cheyenne,WY
WY,ethete,Diocese of Cheyenne,WY
WY,evanston,Diocese of Cheyenne,WY
WY,evansville,Diocese of Cheyenne,WY
WY,farson,Diocese of Cheyenne,WY
WY,fort bridger,Diocese of Cheyenne,WY
WY,fort washakie,Diocese of Cheyenne,WY
WY,fox farmcollege,Diocese of Cheyenne,WY
WY,gillette,Diocese of Cheyenne,WY
WY,glenrock,Diocese of Cheyenne,WY
WY,green river,Diocese of Cheyenne,WY
WY,greybull,Diocese of Cheyenne,WY
WY,guernsey,Diocese of Cheyenne,WY
WY,hanna,Diocese of Cheyenne,WY
WY,hartrandt,Diocese of Cheyenne,WY
WY,hoback,Diocese of Cheyenne,WY
WY,hudson,Diocese of Cheyenne,WY
WY,hulett,Diocese of Cheyenne,WY
WY,jackson,Diocese of Cheyenne,WY
WY,james town,Diocese of Cheyenne,WY
WY,kemmerer,Diocese of Cheyenne,WY
WY,la barge,Diocese of Cheyenne,WY
WY,la grange,Diocese of Cheyenne,WY
WY,lander,Diocese of Cheyenne,WY
WY,laramie,Diocese of Cheyenne,WY
WY,lingle,Diocese of Cheyenne,WY
WY,lovell,Diocese of Cheyenne,WY
WY,lucerne,Diocese of Cheyenne,WY
WY,lusk,Diocese of Cheyenne,WY
WY,lyman,Diocese of Cheyenne,WY
WY,marbleton,Diocese of Cheyenne,WY
WY,meeteetse,Diocese of Cheyenne,WY
WY,midwest,Diocese of Cheyenne,WY
WY,mills,Diocese of Cheyenne,WY
WY,moorcroft,Diocese of Cheyenne,WY
WY,moose wilson road,Diocese of Cheyenne,WY
WY,mountain view,Diocese of Cheyenne,WY
WY,newcastle,Diocese of Cheyenne,WY
WY,north rock springs,Diocese of Cheyenne,WY
WY,osmond,Diocese of Cheyenne,WY
WY,pine bluffs,Diocese of Cheyenne,WY
WY,pine haven,Diocese of Cheyenne,WY
WY,pinedale,Diocese of Cheyenne,WY
WY,powell,Diocese of Cheyenne,WY
WY,purple sage,Diocese of Cheyenne,WY
WY,rafter j ranch,Diocese of Cheyenne,WY
WY,ranchester,Diocese of Cheyenne,WY
WY,ranchettes,Diocese of Cheyenne,WY
WY,rawlins,Diocese of Cheyenne,WY
WY,red butte,Diocese of Cheyenne,WY
WY,reliance,Diocese of Cheyenne,WY
WY,riverton,Diocese of Cheyenne,WY
WY,rock springs,Diocese of Cheyenne,WY
WY,rolling hills,Diocese of Cheyenne,WY
WY,saratoga,Diocese of Cheyenne,WY
WY,sheridan,Diocese of Cheyenne,WY
WY,shoshoni,Diocese of Cheyenne,WY
WY,sinclair,Diocese of Cheyenne,WY
WY,sleepy hollow,Diocese of Cheyenne,WY
WY,south flat,Diocese of Cheyenne,WY
WY,south greeley,Diocese of Cheyenne,WY
WY,south park,Diocese of Cheyenne,WY
WY,star valley ranch,Diocese of Cheyenne,WY
WY,story,Diocese of Cheyenne,WY
WY,sundance,Diocese of Cheyenne,WY
WY,teton village,Diocese of Cheyenne,WY
WY,thayne,Diocese of Cheyenne,WY
WY,thermopolis,Diocese of Cheyenne,WY
WY,torrington,Diocese of Cheyenne,WY
WY,upton,Diocese of Cheyenne,WY
WY,vista west,Diocese of Cheyenne,WY
WY,wamsutter,Diocese of Cheyenne,WY
WY,washakie ten,Diocese of Cheyenne,WY
WY,west river,Diocese of Cheyenne,WY
WY,wheatland,Diocese of Cheyenne,WY
WY,wilson,Diocese of Cheyenne,WY
WY,worland,Diocese of Cheyenne,WY
WY,wright,Diocese of Cheyenne,WY
